temperature,humidity,soil_moisture,rainfall,light,acoustic,motion,season,timestamp
28.39,62.33,26.5,6.69,19.38,57.48,0,summer,2026-07-09T04:38:41.961634
42.92,16.912726843437305,6.43,5.61,4.47,76.196857421902,0,summer,2026-07-09T04:46:41.961634
28.76,54.67,11.68,6.88,18.7,44.07,0,summer,2026-07-09T04:54:41.961634
25.46,65.74,20.73,1.65,15.96,36.09,0,summer,2026-07-09T05:02:41.961634
26.33,53.88,25.27,0.18,0.75,78.74,0,summer,2026-07-09T05:10:41.961634
25.82,52.47,34.66,2.4,38.19,46.48,0,summer,2026-07-09T05:18:41.961634
27.3,66.18,16.64,3.12,7.64,63.67,0,summer,2026-07-09T05:26:41.961634
28.24,64.23,24.8,1.74,46.79,76.68,0,summer,2026-07-09T05:34:41.961634
27.33,60.72,12.88,9.12,14.79,39.42,0,summer,2026-07-09T05:42:41.961634
29.43,67.31,12.0,8.39,15.4,48.54,1,summer,2026-07-09T05:50:41.961634
30.4,57.54,10.12,6.37,31.31,47.6,0,summer,2026-07-09T05:58:41.961634
37.95,37.61,31.53,1.72,314.94,58.8,1,summer,2026-07-09T06:06:41.961634
34.27,37.21,33.09,4.67,505.39,80.31,0,summer,2026-07-09T06:14:41.961634
36.09,29.14,20.24,4.76,886.5,76.03,0,summer,2026-07-09T06:22:41.961634
39.04,32.75,16.21,8.51,416.26,39.64,1,summer,2026-07-09T06:30:41.961634
34.27,40.29,28.46,3.8,753.42,77.53,1,summer,2026-07-09T06:38:41.961634
38.88,38.62,35.72,8.43,962.35,28.58,0,summer,2026-07-09T06:46:41.961634
37.57,36.76,30.5,4.17,866.12,79.31,1,summer,2026-07-09T06:54:41.961634
36.74,37.82,19.69,0.0,499.1,56.69,1,summer,2026-07-09T07:02:41.961634
35.77,35.32,18.59,5.45,753.31,50.46,0,summer,2026-07-09T07:10:41.961634
39.04,39.46,29.75,9.1,713.09,65.0,1,summer,2026-07-09T07:18:41.961634
34.09,35.87,28.37,3.24,845.18,80.17,0,summer,2026-07-09T07:26:41.961634
36.97,37.79,12.69,0.65,919.75,74.43,0,summer,2026-07-09T07:34:41.961634
34.53,27.61,15.18,1.44,475.84,55.19,0,summer,2026-07-09T07:42:41.961634
39.38,38.61,21.26,2.67,448.93,73.03,0,summer,2026-07-09T07:50:41.961634
34.97,32.12,20.16,4.29,337.95,38.07,1,summer,2026-07-09T07:58:41.961634
34.56,33.68,13.36,3.45,397.22,81.05,1,summer,2026-07-09T08:06:41.961634
34.81,40.11,34.13,4.17,402.22,64.22,0,summer,2026-07-09T08:14:41.961634
34.12,39.93,35.46,4.24,557.45,66.93,0,summer,2026-07-09T08:22:41.961634
39.49,38.41,24.78,8.51,887.59,67.06,0,summer,2026-07-09T08:30:41.961634
37.12,30.79,12.76,6.27,685.41,76.23,1,summer,2026-07-09T08:38:41.961634
38.98,35.61,24.75,5.36,807.84,66.49,1,summer,2026-07-09T08:46:41.961634
34.52,37.64,32.03,7.63,379.51,74.33,1,summer,2026-07-09T08:54:41.961634
37.63,37.85,16.04,3.15,351.97,41.19,0,summer,2026-07-09T09:02:41.961634
37.11,38.33,11.63,6.92,350.4,48.37,0,summer,2026-07-09T09:10:41.961634
36.88,38.07,27.26,6.33,793.26,72.99,1,summer,2026-07-09T09:18:41.961634
34.27,28.53,21.56,1.65,999.29,68.37,0,summer,2026-07-09T09:26:41.961634
38.2,36.67,31.24,4.58,612.31,60.59,0,summer,2026-07-09T09:34:41.961634
37.83,27.78,22.74,4.51,902.02,48.5,0,summer,2026-07-09T09:42:41.961634
34.42,32.61,28.15,2.31,811.33,66.82,0,summer,2026-07-09T09:50:41.961634
35.75,41.92,16.21,0.14,427.49,48.29,0,summer,2026-07-09T09:58:41.961634
37.71,40.4,10.85,8.73,439.75,27.58,0,summer,2026-07-09T10:06:41.961634
35.57,28.36,30.09,1.89,996.27,66.07,0,summer,2026-07-09T10:14:41.961634
38.44,31.13,24.44,2.59,453.21,69.68,0,summer,2026-07-09T10:22:41.961634
36.67,39.27,21.19,6.13,550.75,25.19,1,summer,2026-07-09T10:30:41.961634
37.54,36.75,18.29,7.42,842.56,33.38,0,summer,2026-07-09T10:38:41.961634
37.41,42.35,17.41,7.21,724.03,62.51,0,summer,2026-07-09T10:46:41.961634
24.79,5.0,24.96,5.85,651.34,84.85963624317705,1,summer,2026-07-09T10:54:41.961634
36.39,39.16,15.5,6.55,712.04,80.92,0,summer,2026-07-09T11:02:41.961634
35.85,29.63,30.81,5.82,884.06,26.88,0,summer,2026-07-09T11:10:41.961634
35.7,30.11,24.07,5.24,719.86,67.78,0,summer,2026-07-09T11:18:41.961634
36.53,28.26,24.28,5.87,939.41,63.74,0,summer,2026-07-09T11:26:41.961634
38.62,34.86,17.52,4.49,763.99,60.45,0,summer,2026-07-09T11:34:41.961634
37.79,29.82,38.4,3.02,690.0,80.15,0,summer,2026-07-09T11:42:41.961634
36.94,31.92,16.49,5.1,763.2,40.05,0,summer,2026-07-09T11:50:41.961634
34.86,28.77,17.19,8.44,524.95,43.69,0,summer,2026-07-09T11:58:41.961634
36.79,34.46,31.27,4.26,352.47,71.99,0,summer,2026-07-09T12:06:41.961634
34.67,27.73,32.66,8.52,344.33,50.91,1,summer,2026-07-09T12:14:41.961634
35.83,38.51,23.35,4.5,341.75,52.35,0,summer,2026-07-09T12:22:41.961634
36.61,29.53,25.02,2.22,436.35,53.99,0,summer,2026-07-09T12:30:41.961634
36.53,34.25,21.59,6.42,545.46,77.6,0,summer,2026-07-09T12:38:41.961634
39.64,42.94,24.26,5.38,868.6,33.95,1,summer,2026-07-09T12:46:41.961634
38.28,32.95,30.87,2.12,741.07,67.25,0,summer,2026-07-09T12:54:41.961634
37.71,28.66,24.55,4.27,718.98,78.32,1,summer,2026-07-09T13:02:41.961634
35.22,28.86,23.64,2.79,980.86,57.67,0,summer,2026-07-09T13:10:41.961634
36.17,35.01,32.69,0.54,628.62,40.8,0,summer,2026-07-09T13:18:41.961634
34.0,28.89,22.05,3.81,515.41,27.88,0,summer,2026-07-09T13:26:41.961634
37.71,35.05,15.64,6.88,827.6,79.32,1,summer,2026-07-09T13:34:41.961634
34.25,35.23,22.34,7.05,429.39,39.77,0,summer,2026-07-09T13:42:41.961634
39.01,33.58,12.61,6.13,704.24,61.4,0,summer,2026-07-09T13:50:41.961634
39.12,27.46,29.01,0.02,626.96,37.75,0,summer,2026-07-09T13:58:41.961634
36.01,42.0,18.55,2.08,381.81,34.98,1,summer,2026-07-09T14:06:41.961634
36.75,38.04,26.24,1.51,717.51,31.0,0,summer,2026-07-09T14:14:41.961634
37.68,40.71,22.07,5.78,615.25,52.09,1,summer,2026-07-09T14:22:41.961634
38.03,36.62,19.99,9.58,303.72,70.02,0,summer,2026-07-09T14:30:41.961634
38.84,40.55,28.27,6.79,833.36,59.52,0,summer,2026-07-09T14:38:41.961634
37.25,39.2,18.81,6.31,816.92,70.1,0,summer,2026-07-09T14:46:41.961634
39.7,29.36,14.59,1.61,983.7,76.71,0,summer,2026-07-09T14:54:41.961634
37.12,31.74,24.95,5.04,926.51,77.23,0,summer,2026-07-09T15:02:41.961634
34.91,42.35,16.27,3.55,782.61,63.76,0,summer,2026-07-09T15:10:41.961634
39.76,41.03,24.22,7.99,537.65,48.88,0,summer,2026-07-09T15:18:41.961634
37.64,31.3,21.4,5.01,926.94,41.27,0,summer,2026-07-09T15:26:41.961634
54.76,5.0,36.76,6.59,578.26,102.72472331788661,1,summer,2026-07-09T15:34:41.961634
35.27,28.3,21.85,5.5,512.06,42.76,0,summer,2026-07-09T15:42:41.961634
39.42,38.18,36.21,9.21,849.07,64.19,0,summer,2026-07-09T15:50:41.961634
37.6,34.21,16.88,7.35,987.19,53.25,0,summer,2026-07-09T15:58:41.961634
21.009999999999998,10.376693788101441,28.59,4.65,654.58,118.17817711229307,0,summer,2026-07-09T16:06:41.961634
36.1,33.85,37.18,5.85,424.0,77.2,0,summer,2026-07-09T16:14:41.961634
38.06,41.9,11.62,2.43,693.88,40.53,0,summer,2026-07-09T16:22:41.961634
36.69,33.97,22.62,3.49,687.77,56.4,0,summer,2026-07-09T16:30:41.961634
38.99,32.64,26.88,4.32,705.74,44.66,0,summer,2026-07-09T16:38:41.961634
38.69,30.06,17.33,0.8,606.37,43.57,0,summer,2026-07-09T16:46:41.961634
37.54,39.31,12.53,1.4,388.11,60.77,1,summer,2026-07-09T16:54:41.961634
38.66,31.07,15.26,7.61,352.25,79.09,0,summer,2026-07-09T17:02:41.961634
37.89,34.26,11.95,5.55,315.28,83.24,0,summer,2026-07-09T17:10:41.961634
36.98,39.73,38.31,1.26,992.68,72.26,1,summer,2026-07-09T17:18:41.961634
36.98,37.11,20.25,7.55,751.96,59.79,0,summer,2026-07-09T17:26:41.961634
35.68,38.57,39.24,3.37,358.85,52.01,0,summer,2026-07-09T17:34:41.961634
53.29,5.0,19.47,4.04,308.07,67.72780069493818,0,summer,2026-07-09T17:42:41.961634
34.33,29.62,19.01,4.1,855.92,54.56,0,summer,2026-07-09T17:50:41.961634
39.74,33.27,16.57,3.63,314.0,35.37,1,summer,2026-07-09T17:58:41.961634
35.48,29.6,12.91,2.32,737.67,43.83,0,summer,2026-07-09T18:06:41.961634
54.36,5.0,37.58,5.96,410.47,65.3147357741448,1,summer,2026-07-09T18:14:41.961634
38.83,29.63,16.85,1.47,601.42,76.08,0,summer,2026-07-09T18:22:41.961634
36.83,28.57,11.21,4.89,434.83,47.88,1,summer,2026-07-09T18:30:41.961634
36.67,38.75,12.29,5.95,872.57,83.9,0,summer,2026-07-09T18:38:41.961634
39.7,39.93,20.37,9.13,800.57,27.65,0,summer,2026-07-09T18:46:41.961634
36.68,36.62,24.55,4.86,583.4,58.33,1,summer,2026-07-09T18:54:41.961634
30.38,63.67,22.8,6.55,27.34,69.13,1,summer,2026-07-09T19:02:41.961634
29.2,65.53,29.34,3.18,25.3,55.35,0,summer,2026-07-09T19:10:41.961634
30.7,60.03,23.78,7.77,13.85,67.45,0,summer,2026-07-09T19:18:41.961634
28.16,52.96,20.39,3.17,35.33,45.85,0,summer,2026-07-09T19:26:41.961634
26.09,61.4,23.9,4.08,28.45,38.18,0,summer,2026-07-09T19:34:41.961634
28.49,52.67,14.9,8.71,29.66,47.4,0,summer,2026-07-09T19:42:41.961634
28.33,65.7,25.75,6.37,17.36,39.0,0,summer,2026-07-09T19:50:41.961634
26.83,53.85,29.52,4.19,40.55,42.01,0,summer,2026-07-09T19:58:41.961634
30.49,66.02,31.7,0.21,36.88,70.81,0,summer,2026-07-09T20:06:41.961634
45.64,18.038206321797276,34.81,4.21,10.59,96.19995766894125,0,summer,2026-07-09T20:14:41.961634
26.16,57.77,26.24,5.52,27.64,34.51,1,summer,2026-07-09T20:22:41.961634
30.27,64.63,26.77,5.05,14.05,76.81,0,summer,2026-07-09T20:30:41.961634
28.73,56.99,15.69,7.75,14.56,79.59,0,summer,2026-07-09T20:38:41.961634
25.99,66.16,17.39,3.24,47.33,77.25,0,summer,2026-07-09T20:46:41.961634
25.43,52.87,29.29,1.53,21.98,66.18,1,summer,2026-07-09T20:54:41.961634
30.67,67.22,7.74,5.16,49.52,45.95,0,summer,2026-07-09T21:02:41.961634
27.63,59.95,30.68,3.37,9.55,36.42,1,summer,2026-07-09T21:10:41.961634
30.4,58.93,11.15,3.6,41.14,42.17,1,summer,2026-07-09T21:18:41.961634
25.17,62.16,15.85,7.44,2.23,53.63,0,summer,2026-07-09T21:26:41.961634
28.17,66.97,24.5,3.01,39.15,37.39,0,summer,2026-07-09T21:34:41.961634
26.47,59.67,32.43,2.49,29.86,56.92,0,summer,2026-07-09T21:42:41.961634
25.87,56.47,28.05,0.0,34.32,31.27,0,summer,2026-07-09T21:50:41.961634
26.65,63.36,20.02,2.09,40.18,46.99,0,summer,2026-07-09T21:58:41.961634
25.69,52.56,35.67,2.62,39.28,79.2,0,summer,2026-07-09T22:06:41.961634
27.68,58.64,16.87,4.09,5.54,34.3,0,summer,2026-07-09T22:14:41.961634
27.16,65.72,23.57,5.82,46.66,82.54,0,summer,2026-07-09T22:22:41.961634
29.43,66.83,22.59,4.77,37.88,45.84,0,summer,2026-07-09T22:30:41.961634
26.19,53.12,34.15,2.65,10.7,26.07,0,summer,2026-07-09T22:38:41.961634
28.56,56.89,29.77,3.01,29.12,71.55,0,summer,2026-07-09T22:46:41.961634
26.89,61.48,10.24,3.49,41.43,59.26,0,summer,2026-07-09T22:54:41.961634
28.35,67.92,20.77,1.64,46.78,54.9,1,summer,2026-07-09T23:02:41.961634
28.33,60.01,15.83,7.94,29.39,38.26,1,summer,2026-07-09T23:10:41.961634
44.39,19.07198856573197,6.58,0.84,18.49,70.21533632409067,0,summer,2026-07-09T23:18:41.961634
26.17,58.58,13.81,5.21,3.3,83.7,0,summer,2026-07-09T23:26:41.961634
30.93,52.33,13.3,0.07,38.43,61.62,0,summer,2026-07-09T23:34:41.961634
27.86,57.37,18.55,4.84,38.55,30.27,0,summer,2026-07-09T23:42:41.961634
29.17,65.58,32.73,1.37,19.93,28.13,0,summer,2026-07-09T23:50:41.961634
30.22,64.68,17.0,3.29,20.97,41.13,0,summer,2026-07-09T23:58:41.961634
28.52,57.29,9.85,4.85,4.27,76.64,0,summer,2026-07-10T00:06:41.961634
27.75,56.4,24.59,5.25,49.06,39.18,1,summer,2026-07-10T00:14:41.961634
25.67,67.78,33.56,3.5,25.88,74.38,0,summer,2026-07-10T00:22:41.961634
26.38,65.65,21.03,5.21,23.41,76.86,1,summer,2026-07-10T00:30:41.961634
28.74,62.37,30.23,5.68,38.71,28.14,0,summer,2026-07-10T00:38:41.961634
28.5,59.08,30.45,4.48,28.21,34.25,0,summer,2026-07-10T00:46:41.961634
26.38,65.38,6.88,5.99,8.28,37.78,0,summer,2026-07-10T00:54:41.961634
26.89,65.54,16.54,1.05,37.24,32.37,0,summer,2026-07-10T01:02:41.961634
30.28,55.3,13.76,0.0,28.62,77.04,0,summer,2026-07-10T01:10:41.961634
30.84,52.25,29.39,4.79,16.05,35.05,0,summer,2026-07-10T01:18:41.961634
26.88,53.52,7.68,0.0,23.04,71.95,0,summer,2026-07-10T01:26:41.961634
28.63,64.74,16.53,1.62,49.54,33.67,0,summer,2026-07-10T01:34:41.961634
27.96,65.66,34.15,3.72,27.6,28.83,0,summer,2026-07-10T01:42:41.961634
25.84,62.58,29.9,1.2,0.5,44.03,0,summer,2026-07-10T01:50:41.961634
27.95,62.6,24.25,7.27,2.69,32.84,1,summer,2026-07-10T01:58:41.961634
26.79,53.67,24.65,7.12,14.66,41.66,0,summer,2026-07-10T02:06:41.961634
30.15,64.26,31.26,4.88,24.47,59.88,1,summer,2026-07-10T02:14:41.961634
25.72,54.14,23.27,5.18,30.41,47.52,0,summer,2026-07-10T02:22:41.961634
26.21,59.77,30.4,2.01,28.42,42.08,1,summer,2026-07-10T02:30:41.961634
28.35,64.57,28.05,7.31,6.8,51.98,0,summer,2026-07-10T02:38:41.961634
26.49,55.03,28.91,6.07,17.0,81.55,0,summer,2026-07-10T02:46:41.961634
11.969999999999999,25.839957983318577,14.34,2.09,34.12,99.9715052844738,0,summer,2026-07-10T02:54:41.961634
27.52,60.68,17.46,2.83,40.75,75.53,1,summer,2026-07-10T03:02:41.961634
29.54,53.93,24.93,0.0,28.96,32.39,1,summer,2026-07-10T03:10:41.961634
27.17,63.52,21.09,4.57,31.2,38.1,0,summer,2026-07-10T03:18:41.961634
30.22,61.57,23.52,4.68,21.36,71.24,0,summer,2026-07-10T03:26:41.961634
25.41,65.59,34.2,5.9,35.05,76.69,1,summer,2026-07-10T03:34:41.961634
30.85,63.3,23.24,6.09,16.08,61.95,1,summer,2026-07-10T03:42:41.961634
30.96,59.56,12.6,5.62,21.02,59.8,0,summer,2026-07-10T03:50:41.961634
25.01,61.7,22.55,7.28,1.42,29.85,1,summer,2026-07-10T03:58:41.961634
27.38,63.87,18.83,4.86,8.69,37.94,0,summer,2026-07-10T04:06:41.961634
28.03,59.76,30.99,0.5,30.37,61.04,0,summer,2026-07-10T04:14:41.961634
25.18,65.13,23.29,3.41,39.07,77.67,1,summer,2026-07-10T04:22:41.961634
25.54,59.39,17.83,3.98,9.46,30.12,0,summer,2026-07-10T04:30:41.961634
29.91,58.04,13.54,7.38,18.37,39.97,0,summer,2026-07-10T04:38:41.961634
29.86,63.06,24.62,4.59,46.88,54.39,0,summer,2026-07-10T04:46:41.961634
25.03,54.24,24.98,0.58,11.7,32.05,1,summer,2026-07-10T04:54:41.961634
26.9,65.34,9.25,0.05,0.57,70.05,0,summer,2026-07-10T05:02:41.961634
29.97,60.44,23.11,3.89,49.6,72.43,0,summer,2026-07-10T05:10:41.961634
28.87,63.33,11.81,3.97,16.0,82.57,0,summer,2026-07-10T05:18:41.961634
25.32,66.17,18.5,5.83,1.48,38.65,0,summer,2026-07-10T05:26:41.961634
28.75,65.78,21.94,4.97,10.64,68.75,0,summer,2026-07-10T05:34:41.961634
27.14,54.55,32.62,2.15,23.72,75.06,0,summer,2026-07-10T05:42:41.961634
27.2,52.97,22.73,1.82,31.08,76.35,0,summer,2026-07-10T05:50:41.961634
29.18,63.59,36.34,6.68,12.94,35.39,1,summer,2026-07-10T05:58:41.961634
38.0,34.65,22.23,1.81,765.74,49.59,1,summer,2026-07-10T06:06:41.961634
34.39,31.21,33.53,0.54,441.82,47.08,0,summer,2026-07-10T06:14:41.961634
38.36,41.75,19.65,7.22,626.86,50.71,1,summer,2026-07-10T06:22:41.961634
36.94,28.77,34.04,6.96,472.97,77.29,1,summer,2026-07-10T06:30:41.961634
34.03,29.99,29.31,2.95,683.49,83.85,0,summer,2026-07-10T06:38:41.961634
34.61,33.09,22.93,7.7,555.66,29.41,0,summer,2026-07-10T06:46:41.961634
35.35,41.85,29.4,9.14,484.88,35.56,0,summer,2026-07-10T06:54:41.961634
38.45,39.0,33.62,3.45,967.83,79.09,0,summer,2026-07-10T07:02:41.961634
36.78,34.53,17.66,4.88,761.92,79.68,0,summer,2026-07-10T07:10:41.961634
38.54,31.97,26.6,0.55,729.77,68.55,0,summer,2026-07-10T07:18:41.961634
39.44,41.06,33.5,4.19,715.31,35.01,0,summer,2026-07-10T07:26:41.961634
37.13,41.93,18.11,0.13,943.65,35.16,1,summer,2026-07-10T07:34:41.961634
35.22,33.7,16.77,3.78,965.77,45.74,0,summer,2026-07-10T07:42:41.961634
22.549999999999997,6.081040034428916,20.98,2.09,642.1,97.33162959560332,1,summer,2026-07-10T07:50:41.961634
34.77,33.5,20.02,3.3,542.02,46.08,0,summer,2026-07-10T07:58:41.961634
37.84,34.14,28.97,0.0,565.08,69.24,0,summer,2026-07-10T08:06:41.961634
36.57,38.34,27.62,3.26,822.26,61.09,1,summer,2026-07-10T08:14:41.961634
36.9,35.91,10.44,4.44,406.17,50.42,0,summer,2026-07-10T08:22:41.961634
36.2,28.74,22.36,7.32,995.7,61.13,0,summer,2026-07-10T08:30:41.961634
34.37,30.45,22.13,0.0,902.11,45.52,0,summer,2026-07-10T08:38:41.961634
35.71,35.13,26.93,4.28,862.16,66.63,1,summer,2026-07-10T08:46:41.961634
39.64,34.38,33.83,0.47,555.83,32.35,1,summer,2026-07-10T08:54:41.961634
39.57,39.04,27.51,5.58,300.0,42.16,1,summer,2026-07-10T09:02:41.961634
36.55,29.88,25.05,7.12,407.52,37.85,1,summer,2026-07-10T09:10:41.961634
34.17,35.06,13.37,4.35,820.66,72.35,0,summer,2026-07-10T09:18:41.961634
38.07,37.59,18.86,0.64,766.37,55.14,0,summer,2026-07-10T09:26:41.961634
38.53,33.92,17.73,5.18,601.79,32.43,1,summer,2026-07-10T09:34:41.961634
36.23,30.34,35.28,5.8,565.76,53.56,0,summer,2026-07-10T09:42:41.961634
35.16,29.43,23.96,5.27,609.61,70.85,1,summer,2026-07-10T09:50:41.961634
36.67,32.57,23.45,2.17,932.6,43.97,0,summer,2026-07-10T09:58:41.961634
21.380000000000003,5.0,7.78,7.25,857.61,64.74807297822144,1,summer,2026-07-10T10:06:41.961634
38.87,33.56,24.37,6.18,539.8,28.91,0,summer,2026-07-10T10:14:41.961634
35.26,42.34,19.35,0.29,691.36,61.35,0,summer,2026-07-10T10:22:41.961634
38.47,38.05,30.81,4.09,574.01,52.51,0,summer,2026-07-10T10:30:41.961634
38.7,29.68,18.1,5.12,845.71,32.68,0,summer,2026-07-10T10:38:41.961634
34.76,37.62,19.92,3.41,583.06,58.89,0,summer,2026-07-10T10:46:41.961634
19.54,7.8881495838483175,30.95,6.09,417.16,72.87467462775368,1,summer,2026-07-10T10:54:41.961634
39.87,39.43,30.67,6.0,711.8,59.92,1,summer,2026-07-10T11:02:41.961634
37.73,29.72,24.21,1.46,834.38,81.26,0,summer,2026-07-10T11:10:41.961634
36.51,34.72,9.34,7.64,527.28,38.71,0,summer,2026-07-10T11:18:41.961634
38.73,38.68,18.8,1.49,929.01,60.82,0,summer,2026-07-10T11:26:41.961634
37.51,34.5,13.49,6.52,827.18,80.2,0,summer,2026-07-10T11:34:41.961634
34.41,27.72,21.99,4.6,903.86,26.14,0,summer,2026-07-10T11:42:41.961634
35.3,31.8,35.19,7.09,933.28,37.76,0,summer,2026-07-10T11:50:41.961634
36.67,41.74,22.99,5.13,588.7,62.71,1,summer,2026-07-10T11:58:41.961634
38.95,29.34,32.54,3.35,805.01,39.43,0,summer,2026-07-10T12:06:41.961634
37.55,41.15,15.81,5.91,516.75,52.37,0,summer,2026-07-10T12:14:41.961634
35.36,28.44,28.5,2.08,567.59,31.24,0,summer,2026-07-10T12:22:41.961634
19.08,5.0,32.15,1.12,426.64,98.60602674658463,0,summer,2026-07-10T12:30:41.961634
39.01,32.91,31.5,3.04,815.08,78.18,0,summer,2026-07-10T12:38:41.961634
39.6,32.68,12.57,2.26,870.68,53.83,0,summer,2026-07-10T12:46:41.961634
39.1,27.78,29.84,4.71,597.76,44.96,0,summer,2026-07-10T12:54:41.961634
34.67,42.68,35.35,0.0,409.6,64.18,1,summer,2026-07-10T13:02:41.961634
38.53,37.4,15.09,3.42,505.94,76.2,1,summer,2026-07-10T13:10:41.961634
37.49,37.91,21.81,2.86,675.72,83.68,0,summer,2026-07-10T13:18:41.961634
38.28,39.86,29.32,1.67,870.41,35.14,1,summer,2026-07-10T13:26:41.961634
37.08,31.63,21.33,3.86,857.95,44.99,0,summer,2026-07-10T13:34:41.961634
34.77,41.31,34.1,7.59,690.52,72.64,0,summer,2026-07-10T13:42:41.961634
39.86,36.84,31.41,5.1,366.48,33.9,0,summer,2026-07-10T13:50:41.961634
37.84,27.15,15.88,2.32,661.31,26.82,1,summer,2026-07-10T13:58:41.961634
34.03,34.48,38.02,2.02,882.19,52.45,0,summer,2026-07-10T14:06:41.961634
37.69,38.29,30.97,3.73,399.68,71.36,0,summer,2026-07-10T14:14:41.961634
34.42,27.71,25.99,7.69,469.04,33.02,0,summer,2026-07-10T14:22:41.961634
35.98,29.69,21.59,5.52,800.52,44.95,0,summer,2026-07-10T14:30:41.961634
35.87,30.87,22.59,4.21,826.55,49.38,0,summer,2026-07-10T14:38:41.961634
34.6,32.17,11.04,2.67,401.95,74.69,0,summer,2026-07-10T14:46:41.961634
38.17,41.2,26.9,5.95,738.64,58.98,1,summer,2026-07-10T14:54:41.961634
38.34,32.61,10.4,3.98,725.2,28.69,0,summer,2026-07-10T15:02:41.961634
39.21,29.43,25.37,1.42,830.6,38.53,1,summer,2026-07-10T15:10:41.961634
37.44,34.58,23.37,4.6,789.83,56.41,0,summer,2026-07-10T15:18:41.961634
36.2,39.87,18.75,4.9,850.27,73.9,0,summer,2026-07-10T15:26:41.961634
37.5,42.1,10.72,5.45,630.39,27.07,0,summer,2026-07-10T15:34:41.961634
34.54,30.01,30.83,1.23,714.65,83.58,0,summer,2026-07-10T15:42:41.961634
38.84,42.25,7.55,4.83,508.56,30.19,1,summer,2026-07-10T15:50:41.961634
35.9,28.78,30.85,5.54,519.63,48.28,1,summer,2026-07-10T15:58:41.961634
35.18,31.28,22.07,2.55,566.67,37.43,0,summer,2026-07-10T16:06:41.961634
34.42,39.1,16.5,3.06,330.21,30.07,0,summer,2026-07-10T16:14:41.961634
36.35,39.05,34.05,2.98,703.49,27.26,0,summer,2026-07-10T16:22:41.961634
37.48,32.77,26.09,0.0,838.33,29.89,0,summer,2026-07-10T16:30:41.961634
36.2,39.33,15.55,2.2,908.67,54.86,0,summer,2026-07-10T16:38:41.961634
37.25,31.89,14.62,0.99,729.22,69.92,0,summer,2026-07-10T16:46:41.961634
39.04,34.81,30.26,5.68,500.75,44.42,1,summer,2026-07-10T16:54:41.961634
35.53,37.88,16.94,7.15,472.12,72.46,0,summer,2026-07-10T17:02:41.961634
39.43,33.63,34.19,4.58,836.58,29.66,1,summer,2026-07-10T17:10:41.961634
35.63,34.4,18.91,5.21,608.12,56.3,0,summer,2026-07-10T17:18:41.961634
36.3,41.12,6.39,8.91,675.12,38.5,1,summer,2026-07-10T17:26:41.961634
37.67,42.44,24.5,2.58,640.39,57.86,0,summer,2026-07-10T17:34:41.961634
38.17,33.84,12.81,6.59,723.48,56.44,0,summer,2026-07-10T17:42:41.961634
39.08,41.25,17.13,1.24,837.77,45.02,0,summer,2026-07-10T17:50:41.961634
38.96,40.77,29.19,4.45,584.0,71.26,0,summer,2026-07-10T17:58:41.961634
38.98,34.4,38.27,2.14,563.45,55.67,0,summer,2026-07-10T18:06:41.961634
34.89,27.93,29.04,4.01,918.24,40.03,1,summer,2026-07-10T18:14:41.961634
38.08,29.25,9.88,0.0,818.11,52.44,0,summer,2026-07-10T18:22:41.961634
34.77,41.17,17.08,1.91,813.86,34.0,1,summer,2026-07-10T18:30:41.961634
34.7,33.96,18.89,3.86,914.84,64.64,0,summer,2026-07-10T18:38:41.961634
39.76,42.98,15.97,3.7,423.09,53.23,0,summer,2026-07-10T18:46:41.961634
34.42,29.94,29.28,4.67,593.04,74.4,1,summer,2026-07-10T18:54:41.961634
29.32,54.79,29.47,4.82,40.91,29.73,0,summer,2026-07-10T19:02:41.961634
26.59,52.85,15.29,6.72,15.37,42.16,0,summer,2026-07-10T19:10:41.961634
30.66,59.31,21.3,7.35,3.83,50.32,0,summer,2026-07-10T19:18:41.961634
26.14,52.71,30.13,0.65,6.55,49.1,0,summer,2026-07-10T19:26:41.961634
30.23,54.42,15.98,6.86,15.71,43.02,0,summer,2026-07-10T19:34:41.961634
27.36,56.55,8.9,4.33,10.11,78.76,0,summer,2026-07-10T19:42:41.961634
26.5,57.11,11.06,3.69,47.73,28.86,0,summer,2026-07-10T19:50:41.961634
26.3,66.85,31.45,2.29,44.54,35.97,1,summer,2026-07-10T19:58:41.961634
25.73,64.76,8.61,6.16,31.05,27.45,0,summer,2026-07-10T20:06:41.961634
29.05,67.77,24.7,0.69,18.7,57.77,1,summer,2026-07-10T20:14:41.961634
28.49,67.47,28.14,4.96,48.96,78.81,1,summer,2026-07-10T20:22:41.961634
28.51,63.65,12.15,4.9,41.7,31.29,0,summer,2026-07-10T20:30:41.961634
30.9,58.98,20.37,4.18,2.05,81.33,0,summer,2026-07-10T20:38:41.961634
29.44,56.98,30.54,1.69,32.29,38.88,1,summer,2026-07-10T20:46:41.961634
30.69,65.02,10.28,2.3,30.67,80.87,1,summer,2026-07-10T20:54:41.961634
26.3,64.14,32.57,2.1,33.42,76.04,0,summer,2026-07-10T21:02:41.961634
26.07,62.75,16.4,4.28,16.74,50.42,0,summer,2026-07-10T21:10:41.961634
13.100000000000001,34.925228139971296,8.84,3.92,27.51,56.03239519631473,0,summer,2026-07-10T21:18:41.961634
29.03,65.97,24.13,4.73,4.84,27.6,1,summer,2026-07-10T21:26:41.961634
28.4,54.23,21.15,0.91,4.42,25.42,0,summer,2026-07-10T21:34:41.961634
28.09,52.97,20.36,2.28,2.93,83.59,1,summer,2026-07-10T21:42:41.961634
28.03,61.18,11.79,5.31,10.99,53.72,0,summer,2026-07-10T21:50:41.961634
29.32,60.26,24.65,5.44,2.67,74.53,0,summer,2026-07-10T21:58:41.961634
30.82,55.76,12.73,6.71,32.9,79.56,0,summer,2026-07-10T22:06:41.961634
25.9,65.05,12.77,0.73,13.7,55.99,1,summer,2026-07-10T22:14:41.961634
29.81,66.41,31.78,6.74,2.73,50.82,0,summer,2026-07-10T22:22:41.961634
30.82,53.55,21.15,5.15,27.61,73.01,0,summer,2026-07-10T22:30:41.961634
28.35,60.0,38.74,1.22,27.26,60.5,0,summer,2026-07-10T22:38:41.961634
26.79,66.84,23.41,1.52,38.66,60.94,0,summer,2026-07-10T22:46:41.961634
29.45,52.02,7.37,0.0,11.01,34.88,1,summer,2026-07-10T22:54:41.961634
25.71,64.15,25.87,5.83,29.88,31.09,0,summer,2026-07-10T23:02:41.961634
30.61,58.28,16.73,5.68,49.02,62.8,0,summer,2026-07-10T23:10:41.961634
15.350000000000001,25.947678976184015,25.18,5.65,11.53,92.78082108132274,0,summer,2026-07-10T23:18:41.961634
30.75,58.31,20.16,5.47,11.84,53.56,0,summer,2026-07-10T23:26:41.961634
45.129999999999995,23.352341224516163,19.81,4.34,0.76,110.0732185059231,1,summer,2026-07-10T23:34:41.961634
30.54,57.84,11.23,0.0,16.59,74.31,1,summer,2026-07-10T23:42:41.961634
30.36,66.65,26.64,3.09,10.41,84.72,0,summer,2026-07-10T23:50:41.961634
25.87,65.12,9.24,0.0,47.87,30.93,0,summer,2026-07-10T23:58:41.961634
30.09,67.02,30.57,2.15,20.92,32.6,0,summer,2026-07-11T00:06:41.961634
26.53,55.67,13.48,1.15,45.4,48.67,0,summer,2026-07-11T00:14:41.961634
27.23,59.88,15.67,5.82,20.97,53.12,0,summer,2026-07-11T00:22:41.961634
43.120000000000005,19.913818870711303,21.99,5.1,24.45,85.68403638791452,0,summer,2026-07-11T00:30:41.961634
28.35,57.45,8.92,2.74,37.34,49.92,0,summer,2026-07-11T00:38:41.961634
26.07,52.35,23.08,0.21,15.94,59.12,0,summer,2026-07-11T00:46:41.961634
30.63,67.62,18.88,7.05,39.54,77.63,1,summer,2026-07-11T00:54:41.961634
27.82,57.49,11.76,7.42,35.68,47.88,0,summer,2026-07-11T01:02:41.961634
30.67,54.76,35.02,2.69,18.07,35.37,0,summer,2026-07-11T01:10:41.961634
25.9,52.68,24.2,5.22,49.7,80.64,0,summer,2026-07-11T01:18:41.961634
27.59,67.4,17.8,3.73,19.48,32.54,1,summer,2026-07-11T01:26:41.961634
28.61,58.75,26.06,6.78,13.91,70.86,0,summer,2026-07-11T01:34:41.961634
30.42,62.42,21.14,4.2,25.43,61.43,0,summer,2026-07-11T01:42:41.961634
30.58,57.16,17.23,9.68,24.51,83.41,1,summer,2026-07-11T01:50:41.961634
28.66,54.8,19.42,1.85,3.97,40.73,0,summer,2026-07-11T01:58:41.961634
30.91,52.59,12.75,2.49,8.91,29.41,0,summer,2026-07-11T02:06:41.961634
27.04,65.89,19.36,7.89,38.74,57.06,0,summer,2026-07-11T02:14:41.961634
28.27,54.71,13.0,0.0,12.48,37.86,0,summer,2026-07-11T02:22:41.961634
29.45,64.36,24.01,2.0,12.55,42.58,0,summer,2026-07-11T02:30:41.961634
27.44,54.16,11.76,8.3,45.43,74.51,0,summer,2026-07-11T02:38:41.961634
30.09,66.97,17.11,2.54,1.84,45.66,0,summer,2026-07-11T02:46:41.961634
29.5,55.42,24.77,1.65,44.65,38.17,0,summer,2026-07-11T02:54:41.961634
26.63,53.16,32.48,3.01,47.29,73.27,1,summer,2026-07-11T03:02:41.961634
28.09,63.99,16.72,1.43,24.65,61.45,1,summer,2026-07-11T03:10:41.961634
29.38,60.46,30.29,6.09,7.47,77.39,1,summer,2026-07-11T03:18:41.961634
29.75,66.96,7.84,3.32,26.5,69.4,0,summer,2026-07-11T03:26:41.961634
15.0,20.493418591689668,19.31,3.57,46.26,103.32569293244748,0,summer,2026-07-11T03:34:41.961634
28.91,55.42,30.14,0.28,16.37,25.23,0,summer,2026-07-11T03:42:41.961634
26.96,67.05,17.82,4.06,42.69,74.16,0,summer,2026-07-11T03:50:41.961634
25.67,57.47,12.95,5.67,14.95,75.89,0,summer,2026-07-11T03:58:41.961634
27.9,52.35,25.0,3.16,1.06,66.23,1,summer,2026-07-11T04:06:41.961634
28.03,54.18,30.81,3.58,28.5,45.21,0,summer,2026-07-11T04:14:41.961634
27.62,61.08,28.05,7.33,30.03,35.88,0,summer,2026-07-11T04:22:41.961634
12.780000000000001,24.098740798721416,11.33,2.61,5.8,89.82151515431462,0,summer,2026-07-11T04:30:41.961634
30.27,64.64,24.26,0.74,38.65,35.7,1,summer,2026-07-11T04:38:41.961634
29.59,61.67,33.07,6.71,46.12,44.72,0,summer,2026-07-11T04:46:41.961634
30.55,56.48,21.93,5.11,19.48,37.19,0,summer,2026-07-11T04:54:41.961634
29.4,60.27,10.45,0.31,46.15,50.24,0,summer,2026-07-11T05:02:41.961634
25.59,54.88,30.73,0.0,18.84,27.84,0,summer,2026-07-11T05:10:41.961634
12.670000000000002,13.588464091298036,34.38,2.05,7.05,91.60617566855467,1,summer,2026-07-11T05:18:41.961634
27.39,52.39,23.89,0.0,25.41,32.5,0,summer,2026-07-11T05:26:41.961634
25.25,56.4,37.61,1.82,1.94,35.79,0,summer,2026-07-11T05:34:41.961634
29.63,58.86,20.07,3.04,8.58,49.2,0,summer,2026-07-11T05:42:41.961634
25.68,58.82,17.06,4.67,17.51,47.5,0,summer,2026-07-11T05:50:41.961634
28.07,60.64,34.33,5.7,9.5,70.73,1,summer,2026-07-11T05:58:41.961634
34.12,30.46,22.2,6.91,665.24,67.95,0,summer,2026-07-11T06:06:41.961634
37.96,40.5,15.36,4.15,561.91,44.6,0,summer,2026-07-11T06:14:41.961634
34.35,28.02,18.24,2.11,473.51,51.89,1,summer,2026-07-11T06:22:41.961634
35.57,34.29,9.49,5.8,744.45,50.87,0,summer,2026-07-11T06:30:41.961634
38.18,29.27,18.53,6.5,453.21,26.85,0,summer,2026-07-11T06:38:41.961634
35.84,33.85,31.13,1.09,606.79,28.54,0,summer,2026-07-11T06:46:41.961634
38.5,30.79,35.07,3.08,808.57,31.71,1,summer,2026-07-11T06:54:41.961634
37.19,28.86,30.68,6.48,443.04,68.04,1,summer,2026-07-11T07:02:41.961634
38.02,33.65,29.82,4.81,947.61,50.94,0,summer,2026-07-11T07:10:41.961634
37.37,42.84,15.66,9.45,383.11,62.52,0,summer,2026-07-11T07:18:41.961634
37.68,39.21,27.17,2.65,451.24,43.7,0,summer,2026-07-11T07:26:41.961634
34.84,35.42,11.41,5.68,893.76,30.99,0,summer,2026-07-11T07:34:41.961634
35.88,30.63,16.66,7.32,668.39,76.09,1,summer,2026-07-11T07:42:41.961634
37.06,38.8,18.2,3.91,582.14,25.17,0,summer,2026-07-11T07:50:41.961634
35.38,40.74,10.79,4.35,661.93,73.15,0,summer,2026-07-11T07:58:41.961634
37.5,40.04,8.76,7.73,936.29,49.52,0,summer,2026-07-11T08:06:41.961634
35.99,42.32,22.34,3.85,853.48,74.83,0,summer,2026-07-11T08:14:41.961634
39.83,37.04,22.78,3.76,982.14,71.0,1,summer,2026-07-11T08:22:41.961634
34.29,32.79,12.69,3.98,502.11,43.42,1,summer,2026-07-11T08:30:41.961634
21.08,5.0,18.25,4.34,819.32,98.11163618456348,0,summer,2026-07-11T08:38:41.961634
36.04,30.52,32.89,5.41,855.7,63.88,1,summer,2026-07-11T08:46:41.961634
37.08,29.14,30.74,3.85,689.13,72.94,0,summer,2026-07-11T08:54:41.961634
34.4,37.97,14.49,6.28,973.57,31.94,1,summer,2026-07-11T09:02:41.961634
35.08,29.55,27.07,0.91,775.64,78.99,0,summer,2026-07-11T09:10:41.961634
35.39,35.98,14.84,6.11,815.4,33.17,0,summer,2026-07-11T09:18:41.961634
37.84,40.97,30.04,3.85,568.62,84.99,0,summer,2026-07-11T09:26:41.961634
35.78,34.96,23.57,7.07,621.08,79.55,0,summer,2026-07-11T09:34:41.961634
35.73,31.97,22.14,7.06,638.39,54.29,0,summer,2026-07-11T09:42:41.961634
36.44,35.2,23.8,0.0,763.57,72.32,0,summer,2026-07-11T09:50:41.961634
38.38,41.26,26.38,6.02,694.93,42.73,0,summer,2026-07-11T09:58:41.961634
37.69,36.06,20.91,0.0,654.23,29.31,0,summer,2026-07-11T10:06:41.961634
37.95,40.2,27.45,4.2,932.13,63.55,0,summer,2026-07-11T10:14:41.961634
38.47,33.54,15.12,1.58,375.36,76.1,0,summer,2026-07-11T10:22:41.961634
39.71,33.52,34.07,1.17,694.18,29.64,0,summer,2026-07-11T10:30:41.961634
39.89,28.54,30.43,5.12,594.8,38.21,0,summer,2026-07-11T10:38:41.961634
35.49,35.81,28.26,5.12,821.13,55.72,0,summer,2026-07-11T10:46:41.961634
36.24,39.85,19.45,7.52,395.11,42.88,0,summer,2026-07-11T10:54:41.961634
36.78,32.16,15.58,2.09,822.61,84.4,0,summer,2026-07-11T11:02:41.961634
36.45,29.57,13.64,3.64,966.1,41.74,1,summer,2026-07-11T11:10:41.961634
38.27,40.33,27.58,7.95,642.51,55.97,0,summer,2026-07-11T11:18:41.961634
37.44,37.44,30.84,5.01,728.5,54.9,0,summer,2026-07-11T11:26:41.961634
34.17,41.74,24.02,4.11,847.16,81.06,1,summer,2026-07-11T11:34:41.961634
35.62,38.99,34.36,3.68,845.14,52.75,0,summer,2026-07-11T11:42:41.961634
39.19,27.12,18.63,0.21,854.43,33.5,0,summer,2026-07-11T11:50:41.961634
37.04,35.67,26.25,5.71,820.99,77.64,1,summer,2026-07-11T11:58:41.961634
37.31,42.95,20.9,6.15,688.19,71.74,0,summer,2026-07-11T12:06:41.961634
38.35,38.37,6.9,9.69,920.84,82.35,1,summer,2026-07-11T12:14:41.961634
39.64,37.28,26.82,1.79,534.94,81.21,0,summer,2026-07-11T12:22:41.961634
39.26,38.11,22.03,0.0,880.91,53.98,0,summer,2026-07-11T12:30:41.961634
38.35,42.09,20.2,2.71,804.23,70.73,1,summer,2026-07-11T12:38:41.961634
35.77,34.76,25.14,7.23,510.41,83.25,0,summer,2026-07-11T12:46:41.961634
39.62,36.87,18.15,7.04,664.94,48.37,0,summer,2026-07-11T12:54:41.961634
36.89,32.06,10.98,4.1,428.28,53.12,0,summer,2026-07-11T13:02:41.961634
39.95,42.76,36.83,2.09,408.03,40.59,0,summer,2026-07-11T13:10:41.961634
52.25,5.0,11.23,4.1,464.48,67.66533274616975,1,summer,2026-07-11T13:18:41.961634
34.7,39.34,16.4,5.7,808.87,59.66,0,summer,2026-07-11T13:26:41.961634
37.66,29.39,25.47,4.16,728.73,31.45,0,summer,2026-07-11T13:34:41.961634
36.87,37.4,28.76,0.79,977.18,59.23,0,summer,2026-07-11T13:42:41.961634
35.2,42.85,12.06,8.15,313.25,34.02,0,summer,2026-07-11T13:50:41.961634
39.12,29.59,11.57,0.0,650.92,82.69,1,summer,2026-07-11T13:58:41.961634
36.9,32.52,28.6,4.08,617.08,40.55,0,summer,2026-07-11T14:06:41.961634
39.99,32.69,11.68,9.2,462.13,49.34,0,summer,2026-07-11T14:14:41.961634
38.56,36.44,30.39,1.58,318.19,25.48,0,summer,2026-07-11T14:22:41.961634
39.17,31.25,12.62,0.31,456.04,44.02,1,summer,2026-07-11T14:30:41.961634
39.02,28.87,36.0,0.0,894.25,84.1,0,summer,2026-07-11T14:38:41.961634
36.48,35.89,21.86,2.47,680.87,80.07,0,summer,2026-07-11T14:46:41.961634
34.46,37.77,26.29,5.36,652.69,34.8,0,summer,2026-07-11T14:54:41.961634
39.31,40.25,36.71,4.1,573.92,35.97,0,summer,2026-07-11T15:02:41.961634
38.24,33.68,36.18,2.32,715.87,74.23,0,summer,2026-07-11T15:10:41.961634
35.29,28.89,23.04,3.34,385.98,59.71,0,summer,2026-07-11T15:18:41.961634
38.94,27.87,7.52,5.28,801.16,80.13,0,summer,2026-07-11T15:26:41.961634
37.17,41.51,36.02,2.89,323.63,49.84,1,summer,2026-07-11T15:34:41.961634
35.82,42.74,12.3,0.0,551.19,37.31,0,summer,2026-07-11T15:42:41.961634
38.37,37.35,17.56,2.89,883.42,68.67,1,summer,2026-07-11T15:50:41.961634
34.08,34.88,18.67,6.9,572.99,46.89,1,summer,2026-07-11T15:58:41.961634
34.49,34.99,23.09,0.0,563.94,42.48,0,summer,2026-07-11T16:06:41.961634
35.27,42.67,31.39,0.0,777.17,58.27,0,summer,2026-07-11T16:14:41.961634
37.31,37.7,23.44,0.45,515.83,25.66,1,summer,2026-07-11T16:22:41.961634
34.7,33.9,32.02,2.74,747.27,42.32,0,summer,2026-07-11T16:30:41.961634
37.69,42.09,32.73,3.47,438.53,56.4,1,summer,2026-07-11T16:38:41.961634
34.78,39.4,32.4,2.85,928.91,52.55,0,summer,2026-07-11T16:46:41.961634
34.56,37.0,17.69,3.45,504.7,77.92,0,summer,2026-07-11T16:54:41.961634
38.15,38.81,28.49,5.08,619.63,28.79,0,summer,2026-07-11T17:02:41.961634
37.0,40.2,18.6,0.24,886.36,64.28,0,summer,2026-07-11T17:10:41.961634
34.75,34.17,26.42,2.43,753.78,76.01,0,summer,2026-07-11T17:18:41.961634
38.44,30.23,11.57,4.91,982.0,44.76,0,summer,2026-07-11T17:26:41.961634
37.38,30.77,21.3,6.8,875.14,47.84,0,summer,2026-07-11T17:34:41.961634
34.27,31.19,9.58,2.31,576.63,35.04,0,summer,2026-07-11T17:42:41.961634
36.01,28.65,15.95,4.04,565.05,34.45,0,summer,2026-07-11T17:50:41.961634
36.61,40.88,18.49,0.0,706.53,26.55,0,summer,2026-07-11T17:58:41.961634
39.46,42.03,16.32,4.27,552.66,30.56,0,summer,2026-07-11T18:06:41.961634
39.76,28.22,19.83,1.24,648.73,35.44,1,summer,2026-07-11T18:14:41.961634
38.51,36.63,19.56,3.92,328.68,62.98,0,summer,2026-07-11T18:22:41.961634
35.35,34.41,13.09,3.42,773.72,82.99,0,summer,2026-07-11T18:30:41.961634
37.71,42.37,28.42,7.1,482.85,65.95,1,summer,2026-07-11T18:38:41.961634
37.68,36.95,15.84,4.33,703.03,25.06,0,summer,2026-07-11T18:46:41.961634
39.31,28.11,15.7,5.4,557.1,74.72,0,summer,2026-07-11T18:54:41.961634
28.33,58.46,33.42,5.28,15.03,57.65,1,summer,2026-07-11T19:02:41.961634
27.03,58.09,33.49,1.9,8.88,59.0,1,summer,2026-07-11T19:10:41.961634
30.68,58.7,30.03,1.69,32.11,68.44,0,summer,2026-07-11T19:18:41.961634
27.21,61.2,26.23,0.0,14.21,64.25,0,summer,2026-07-11T19:26:41.961634
29.63,55.66,24.99,7.82,9.44,72.05,0,summer,2026-07-11T19:34:41.961634
27.77,60.44,11.29,0.0,20.05,52.31,0,summer,2026-07-11T19:42:41.961634
27.21,54.69,21.37,0.89,47.13,38.2,0,summer,2026-07-11T19:50:41.961634
27.27,53.31,5.38,5.99,42.22,30.44,0,summer,2026-07-11T19:58:41.961634
29.07,66.49,14.4,7.19,24.59,56.03,0,summer,2026-07-11T20:06:41.961634
27.68,55.93,20.65,5.23,22.53,42.88,0,summer,2026-07-11T20:14:41.961634
28.56,55.03,17.91,0.0,30.78,27.13,1,summer,2026-07-11T20:22:41.961634
30.45,67.08,15.36,6.95,6.35,49.24,0,summer,2026-07-11T20:30:41.961634
26.79,64.84,33.95,1.81,39.35,65.71,0,summer,2026-07-11T20:38:41.961634
29.24,53.83,10.01,1.81,28.52,67.97,0,summer,2026-07-11T20:46:41.961634
27.79,67.71,34.19,4.41,33.33,48.4,0,summer,2026-07-11T20:54:41.961634
30.41,55.71,28.85,5.05,8.91,30.55,0,summer,2026-07-11T21:02:41.961634
30.03,62.07,11.89,2.71,11.33,41.9,0,summer,2026-07-11T21:10:41.961634
26.73,63.14,35.53,5.71,1.02,58.85,1,summer,2026-07-11T21:18:41.961634
26.93,56.48,32.67,0.0,44.84,69.68,0,summer,2026-07-11T21:26:41.961634
27.87,54.51,27.74,1.67,32.34,47.99,0,summer,2026-07-11T21:34:41.961634
28.96,63.74,10.23,0.0,32.03,81.27,0,summer,2026-07-11T21:42:41.961634
29.64,55.9,21.06,6.49,49.99,60.68,1,summer,2026-07-11T21:50:41.961634
27.35,58.93,21.26,2.2,7.05,42.61,1,summer,2026-07-11T21:58:41.961634
28.28,67.25,16.19,5.0,35.59,51.5,0,summer,2026-07-11T22:06:41.961634
29.68,61.02,12.57,2.01,37.37,44.94,1,summer,2026-07-11T22:14:41.961634
29.78,60.58,26.7,5.59,33.08,55.1,0,summer,2026-07-11T22:22:41.961634
28.53,56.84,23.83,4.57,32.5,46.31,0,summer,2026-07-11T22:30:41.961634
28.77,67.57,15.7,6.13,6.87,84.63,0,summer,2026-07-11T22:38:41.961634
27.25,67.59,21.36,3.61,23.07,46.66,0,summer,2026-07-11T22:46:41.961634
29.06,58.41,13.68,1.84,10.91,38.68,0,summer,2026-07-11T22:54:41.961634
45.510000000000005,22.72023332119838,22.67,4.11,43.23,62.44171010059668,0,summer,2026-07-11T23:02:41.961634
27.33,61.03,18.69,5.99,41.41,30.31,0,summer,2026-07-11T23:10:41.961634
26.88,54.51,16.37,0.89,28.34,52.06,1,summer,2026-07-11T23:18:41.961634
29.09,63.54,23.61,0.38,11.59,75.79,0,summer,2026-07-11T23:26:41.961634
27.27,65.25,24.61,6.52,7.07,51.83,0,summer,2026-07-11T23:34:41.961634
28.1,66.35,20.27,6.53,24.37,35.75,1,summer,2026-07-11T23:42:41.961634
28.11,56.6,36.26,5.43,3.09,36.15,0,summer,2026-07-11T23:50:41.961634
29.62,60.48,36.68,6.02,14.13,54.51,0,summer,2026-07-11T23:58:41.961634
27.01,65.07,30.19,0.92,38.91,56.0,0,summer,2026-07-12T00:06:41.961634
30.57,53.21,31.55,5.18,35.06,45.67,0,summer,2026-07-12T00:14:41.961634
29.76,55.41,19.76,5.74,36.6,25.65,0,summer,2026-07-12T00:22:41.961634
25.02,53.22,14.84,0.67,0.8,70.09,0,summer,2026-07-12T00:30:41.961634
30.96,59.61,33.65,3.07,32.09,39.98,0,summer,2026-07-12T00:38:41.961634
28.41,63.17,14.03,0.53,31.56,29.17,0,summer,2026-07-12T00:46:41.961634
26.29,64.47,32.41,6.02,11.64,81.11,1,summer,2026-07-12T00:54:41.961634
28.33,55.88,25.82,0.7,10.04,44.7,0,summer,2026-07-12T01:02:41.961634
30.13,54.38,29.8,1.29,21.71,29.69,0,summer,2026-07-12T01:10:41.961634
26.82,59.68,25.35,3.14,26.06,81.92,0,summer,2026-07-12T01:18:41.961634
26.45,54.15,19.76,3.43,48.89,30.35,1,summer,2026-07-12T01:26:41.961634
28.81,58.74,17.2,5.44,2.91,35.2,1,summer,2026-07-12T01:34:41.961634
28.29,52.29,15.43,5.95,22.11,82.54,0,summer,2026-07-12T01:42:41.961634
30.58,55.53,14.62,8.51,0.79,37.62,0,summer,2026-07-12T01:50:41.961634
25.95,67.86,9.55,5.95,38.93,60.76,0,summer,2026-07-12T01:58:41.961634
27.63,59.01,15.65,7.71,43.7,44.56,0,summer,2026-07-12T02:06:41.961634
26.75,62.2,26.36,0.43,30.8,38.85,0,summer,2026-07-12T02:14:41.961634
26.66,57.21,28.7,5.51,40.08,43.79,0,summer,2026-07-12T02:22:41.961634
28.98,55.01,30.72,4.63,36.75,65.02,0,summer,2026-07-12T02:30:41.961634
27.57,53.72,18.91,4.55,16.94,52.18,0,summer,2026-07-12T02:38:41.961634
15.04,26.400291413008,15.08,2.62,3.81,59.693705084420955,0,summer,2026-07-12T02:46:41.961634
25.63,52.62,19.87,2.54,11.57,73.54,1,summer,2026-07-12T02:54:41.961634
28.53,67.21,36.74,3.82,16.46,29.91,0,summer,2026-07-12T03:02:41.961634
25.0,61.29,16.64,5.54,11.87,62.26,1,summer,2026-07-12T03:10:41.961634
30.5,54.96,7.6,1.51,8.98,61.99,0,summer,2026-07-12T03:18:41.961634
28.55,63.87,25.0,9.61,30.7,68.01,1,summer,2026-07-12T03:26:41.961634
30.44,64.49,31.24,4.28,21.29,28.82,1,summer,2026-07-12T03:34:41.961634
29.01,56.3,21.8,6.64,30.45,42.95,0,summer,2026-07-12T03:42:41.961634
28.04,59.01,22.79,0.68,1.4,34.86,0,summer,2026-07-12T03:50:41.961634
29.44,65.54,14.13,4.71,43.25,60.09,0,summer,2026-07-12T03:58:41.961634
25.16,67.63,19.12,6.57,19.94,65.53,0,summer,2026-07-12T04:06:41.961634
26.77,58.57,14.24,3.04,37.38,72.05,0,summer,2026-07-12T04:14:41.961634
28.58,64.56,38.12,5.35,13.86,51.65,0,summer,2026-07-12T04:22:41.961634
27.41,52.86,33.46,5.14,5.86,43.78,0,summer,2026-07-12T04:30:41.961634
28.93,66.72,14.28,5.22,47.95,37.29,0,summer,2026-07-12T04:38:41.961634
26.04,67.98,19.2,3.83,26.03,48.01,0,summer,2026-07-12T04:46:41.961634
27.54,66.32,29.4,2.64,34.18,60.2,0,summer,2026-07-12T04:54:41.961634
27.38,63.16,14.79,2.33,21.93,41.06,0,summer,2026-07-12T05:02:41.961634
29.16,58.47,19.05,1.56,28.58,36.2,0,summer,2026-07-12T05:10:41.961634
27.34,56.19,22.12,5.25,25.15,54.78,1,summer,2026-07-12T05:18:41.961634
26.31,65.19,27.25,2.56,47.69,42.37,0,summer,2026-07-12T05:26:41.961634
26.63,54.38,11.79,7.21,18.97,37.71,1,summer,2026-07-12T05:34:41.961634
29.9,52.44,29.7,0.93,47.82,37.75,1,summer,2026-07-12T05:42:41.961634
28.81,63.84,12.88,4.09,18.81,82.3,0,summer,2026-07-12T05:50:41.961634
28.88,64.17,27.16,5.7,4.75,58.57,0,summer,2026-07-12T05:58:41.961634
35.8,30.82,22.14,0.68,866.95,31.01,1,summer,2026-07-12T06:06:41.961634
36.39,28.62,24.33,6.91,979.64,51.58,0,summer,2026-07-12T06:14:41.961634
51.78,5.0,16.44,0.0,303.26,96.36142604109453,0,summer,2026-07-12T06:22:41.961634
36.73,27.06,21.28,5.43,495.66,33.61,1,summer,2026-07-12T06:30:41.961634
39.78,38.68,15.14,3.46,379.55,72.3,0,summer,2026-07-12T06:38:41.961634
19.450000000000003,5.0,30.6,5.23,924.11,65.86773340528762,1,summer,2026-07-12T06:46:41.961634
34.35,36.12,7.78,4.67,673.64,30.77,1,summer,2026-07-12T06:54:41.961634
37.0,28.26,15.03,0.42,833.61,37.47,0,summer,2026-07-12T07:02:41.961634
34.46,32.65,34.19,1.4,500.54,39.01,0,summer,2026-07-12T07:10:41.961634
35.3,29.12,25.56,2.74,618.01,52.01,0,summer,2026-07-12T07:18:41.961634
37.39,32.09,18.54,5.68,954.77,32.1,0,summer,2026-07-12T07:26:41.961634
37.51,38.52,37.71,0.38,679.3,47.74,0,summer,2026-07-12T07:34:41.961634
36.53,35.42,8.22,2.6,857.19,38.96,1,summer,2026-07-12T07:42:41.961634
38.47,41.82,24.96,5.71,523.59,30.27,0,summer,2026-07-12T07:50:41.961634
34.66,34.14,13.37,6.52,813.2,56.92,1,summer,2026-07-12T07:58:41.961634
34.68,39.34,20.19,5.13,446.28,53.82,0,summer,2026-07-12T08:06:41.961634
38.72,28.23,12.91,2.78,903.98,54.1,0,summer,2026-07-12T08:14:41.961634
34.84,30.12,28.09,5.7,520.98,42.58,0,summer,2026-07-12T08:22:41.961634
34.73,40.92,29.24,0.97,794.09,48.82,0,summer,2026-07-12T08:30:41.961634
34.1,33.6,19.45,0.83,729.21,41.88,0,summer,2026-07-12T08:38:41.961634
39.9,32.63,22.32,8.31,852.93,61.7,1,summer,2026-07-12T08:46:41.961634
39.63,29.3,17.32,6.9,552.59,51.66,1,summer,2026-07-12T08:54:41.961634
35.2,34.41,29.04,0.0,470.02,73.19,0,summer,2026-07-12T09:02:41.961634
36.32,33.4,30.3,8.87,778.52,65.12,0,summer,2026-07-12T09:10:41.961634
37.91,31.28,14.39,1.1,808.02,77.69,0,summer,2026-07-12T09:18:41.961634
37.01,34.3,8.3,4.73,502.9,69.04,0,summer,2026-07-12T09:26:41.961634
36.81,39.72,31.29,3.65,548.83,50.75,1,summer,2026-07-12T09:34:41.961634
37.01,28.35,25.59,5.35,449.17,43.04,0,summer,2026-07-12T09:42:41.961634
36.54,42.03,26.64,1.37,797.26,55.34,0,summer,2026-07-12T09:50:41.961634
38.16,34.97,30.75,5.88,502.03,69.75,0,summer,2026-07-12T09:58:41.961634
36.53,42.38,28.7,0.28,410.35,65.72,1,summer,2026-07-12T10:06:41.961634
36.99,42.1,33.41,5.9,630.86,57.27,0,summer,2026-07-12T10:14:41.961634
20.6,5.0,14.52,8.35,450.87,89.97746121911666,0,summer,2026-07-12T10:22:41.961634
36.42,38.75,14.54,0.0,951.38,46.94,1,summer,2026-07-12T10:30:41.961634
34.87,28.12,12.26,3.86,939.68,39.45,0,summer,2026-07-12T10:38:41.961634
38.53,28.22,23.96,3.54,579.96,62.67,0,summer,2026-07-12T10:46:41.961634
38.91,35.83,31.99,6.7,534.1,72.62,0,summer,2026-07-12T10:54:41.961634
35.17,30.89,12.26,4.24,329.25,78.67,0,summer,2026-07-12T11:02:41.961634
37.87,42.14,20.8,0.43,868.89,28.56,0,summer,2026-07-12T11:10:41.961634
22.65,10.27213268753362,11.3,6.56,760.16,73.41405796780998,0,summer,2026-07-12T11:18:41.961634
36.62,40.93,12.67,3.66,307.62,33.56,0,summer,2026-07-12T11:26:41.961634
37.68,39.72,37.59,2.26,564.49,68.13,1,summer,2026-07-12T11:34:41.961634
35.89,32.29,24.25,1.36,456.55,61.32,0,summer,2026-07-12T11:42:41.961634
38.78,37.01,19.5,3.4,928.88,47.68,0,summer,2026-07-12T11:50:41.961634
37.74,30.17,21.52,2.38,645.37,58.34,0,summer,2026-07-12T11:58:41.961634
39.59,39.39,32.38,1.26,745.76,79.34,0,summer,2026-07-12T12:06:41.961634
35.98,32.24,15.09,3.7,727.76,82.31,0,summer,2026-07-12T12:14:41.961634
36.37,42.1,35.14,3.69,768.96,32.41,1,summer,2026-07-12T12:22:41.961634
34.25,38.95,23.02,7.97,989.85,58.49,0,summer,2026-07-12T12:30:41.961634
39.09,28.54,29.74,9.62,808.18,65.74,0,summer,2026-07-12T12:38:41.961634
37.34,36.91,21.25,1.41,418.37,63.35,1,summer,2026-07-12T12:46:41.961634
35.8,37.02,23.93,6.12,786.12,30.29,0,summer,2026-07-12T12:54:41.961634
35.0,40.14,38.55,4.33,642.23,57.33,0,summer,2026-07-12T13:02:41.961634
37.48,33.48,32.44,8.08,426.37,61.84,0,summer,2026-07-12T13:10:41.961634
36.81,42.74,16.64,5.27,801.73,68.7,0,summer,2026-07-12T13:18:41.961634
37.65,30.53,9.99,2.84,973.94,79.48,0,summer,2026-07-12T13:26:41.961634
38.54,29.01,8.34,0.0,580.75,57.92,1,summer,2026-07-12T13:34:41.961634
51.37,5.0,19.92,3.58,390.39,106.05811435158164,0,summer,2026-07-12T13:42:41.961634
50.52,5.0,24.61,7.77,834.17,108.93753512772798,1,summer,2026-07-12T13:50:41.961634
37.32,33.13,14.06,3.12,905.75,48.97,0,summer,2026-07-12T13:58:41.961634
34.1,27.19,20.11,6.66,569.52,77.12,1,summer,2026-07-12T14:06:41.961634
34.23,41.08,12.25,5.74,306.44,56.46,1,summer,2026-07-12T14:14:41.961634
39.34,40.1,10.73,6.2,790.03,81.96,0,summer,2026-07-12T14:22:41.961634
39.62,32.1,11.5,5.47,510.39,34.31,0,summer,2026-07-12T14:30:41.961634
23.82,5.0,17.75,7.74,432.26,113.92901995839543,0,summer,2026-07-12T14:38:41.961634
37.73,42.59,15.76,2.02,680.25,67.64,1,summer,2026-07-12T14:46:41.961634
38.42,34.3,11.02,5.79,754.86,60.91,0,summer,2026-07-12T14:54:41.961634
36.44,35.91,26.57,1.89,844.65,58.05,1,summer,2026-07-12T15:02:41.961634
35.64,36.46,31.17,3.58,475.31,58.46,0,summer,2026-07-12T15:10:41.961634
39.87,38.44,12.83,0.04,484.41,63.05,0,summer,2026-07-12T15:18:41.961634
37.84,34.15,31.24,3.09,470.09,75.11,0,summer,2026-07-12T15:26:41.961634
37.23,37.14,19.97,3.02,396.14,39.98,0,summer,2026-07-12T15:34:41.961634
34.74,42.4,21.36,4.41,364.91,61.19,0,summer,2026-07-12T15:42:41.961634
38.23,35.77,28.94,2.85,306.63,31.92,0,summer,2026-07-12T15:50:41.961634
36.61,28.35,20.21,2.38,771.21,66.54,0,summer,2026-07-12T15:58:41.961634
37.2,28.53,15.43,7.08,550.42,59.52,0,summer,2026-07-12T16:06:41.961634
39.83,41.58,21.22,5.98,468.13,50.41,1,summer,2026-07-12T16:14:41.961634
34.16,32.55,19.95,6.3,740.16,36.56,1,summer,2026-07-12T16:22:41.961634
35.62,41.1,6.63,3.51,632.78,81.71,0,summer,2026-07-12T16:30:41.961634
38.27,39.67,24.54,4.82,701.09,42.8,1,summer,2026-07-12T16:38:41.961634
35.43,27.48,24.99,6.89,752.33,37.3,0,summer,2026-07-12T16:46:41.961634
35.35,29.43,22.58,0.55,922.57,43.93,1,summer,2026-07-12T16:54:41.961634
34.98,38.27,21.9,2.54,625.81,47.54,1,summer,2026-07-12T17:02:41.961634
35.01,31.35,20.72,1.25,883.11,56.61,0,summer,2026-07-12T17:10:41.961634
36.78,29.96,22.58,5.05,636.62,42.18,0,summer,2026-07-12T17:18:41.961634
34.54,28.57,28.24,3.95,312.06,73.76,0,summer,2026-07-12T17:26:41.961634
38.34,42.31,23.0,2.22,383.76,64.01,0,summer,2026-07-12T17:34:41.961634
34.63,42.7,37.14,5.89,537.51,51.75,1,summer,2026-07-12T17:42:41.961634
39.89,42.13,25.28,1.54,764.58,65.55,0,summer,2026-07-12T17:50:41.961634
36.77,36.42,18.95,5.57,935.34,78.11,0,summer,2026-07-12T17:58:41.961634
36.78,35.77,21.88,4.57,652.38,50.18,0,summer,2026-07-12T18:06:41.961634
37.61,34.41,34.44,4.84,522.02,50.72,1,summer,2026-07-12T18:14:41.961634
39.51,40.39,32.99,7.54,997.41,83.1,0,summer,2026-07-12T18:22:41.961634
37.31,39.57,21.26,2.71,650.88,57.01,0,summer,2026-07-12T18:30:41.961634
39.55,39.64,26.01,2.21,774.39,45.49,0,summer,2026-07-12T18:38:41.961634
37.59,42.47,29.52,4.31,850.52,68.57,0,summer,2026-07-12T18:46:41.961634
35.34,36.99,15.37,6.29,649.89,26.43,0,summer,2026-07-12T18:54:41.961634
30.45,55.48,28.06,0.0,22.28,54.95,0,summer,2026-07-12T19:02:41.961634
30.71,56.75,12.77,5.69,34.91,36.71,1,summer,2026-07-12T19:10:41.961634
28.46,65.78,19.18,0.0,40.91,55.72,0,summer,2026-07-12T19:18:41.961634
28.22,52.32,20.15,3.24,15.52,51.95,0,summer,2026-07-12T19:26:41.961634
28.88,57.6,26.23,4.6,46.71,39.17,0,summer,2026-07-12T19:34:41.961634
26.94,55.78,8.37,1.44,45.0,65.02,1,summer,2026-07-12T19:42:41.961634
29.85,63.66,33.3,3.84,23.51,74.19,0,summer,2026-07-12T19:50:41.961634
30.28,67.92,28.05,3.68,43.65,43.56,1,summer,2026-07-12T19:58:41.961634
25.67,56.17,23.42,2.58,18.05,41.2,1,summer,2026-07-12T20:06:41.961634
30.78,60.63,23.85,3.84,14.45,32.95,0,summer,2026-07-12T20:14:41.961634
27.6,55.04,20.21,5.59,21.94,43.69,0,summer,2026-07-12T20:22:41.961634
30.85,58.06,21.79,4.82,28.54,30.24,0,summer,2026-07-12T20:30:41.961634
27.45,65.5,15.12,4.48,15.71,47.85,0,summer,2026-07-12T20:38:41.961634
30.12,63.86,30.3,4.57,24.76,63.25,0,summer,2026-07-12T20:46:41.961634
25.17,59.67,35.28,0.72,15.39,55.05,0,summer,2026-07-12T20:54:41.961634
29.93,55.64,31.83,5.13,43.03,57.26,0,summer,2026-07-12T21:02:41.961634
28.92,65.21,16.4,5.81,31.06,39.49,0,summer,2026-07-12T21:10:41.961634
25.22,65.39,21.8,5.28,9.13,54.22,0,summer,2026-07-12T21:18:41.961634
27.27,57.36,9.91,4.91,24.86,43.49,0,summer,2026-07-12T21:26:41.961634
25.17,56.63,17.22,6.38,35.25,48.84,0,summer,2026-07-12T21:34:41.961634
30.8,54.08,26.89,2.78,9.62,35.07,1,summer,2026-07-12T21:42:41.961634
14.93,30.152853173760377,32.07,5.85,25.42,85.64881819384571,0,summer,2026-07-12T21:50:41.961634
27.51,55.69,24.85,1.48,48.43,26.34,0,summer,2026-07-12T21:58:41.961634
27.99,65.64,17.54,8.27,18.19,40.88,0,summer,2026-07-12T22:06:41.961634
30.49,57.71,19.9,4.0,13.34,36.47,0,summer,2026-07-12T22:14:41.961634
26.89,61.43,18.84,3.7,37.18,72.74,0,summer,2026-07-12T22:22:41.961634
27.1,53.49,34.49,4.08,48.67,38.39,0,summer,2026-07-12T22:30:41.961634
29.82,66.13,20.15,1.37,4.49,33.15,0,summer,2026-07-12T22:38:41.961634
29.13,58.63,17.75,2.33,26.39,72.29,1,summer,2026-07-12T22:46:41.961634
25.28,52.86,22.03,4.18,31.88,67.52,0,summer,2026-07-12T22:54:41.961634
30.61,56.56,7.98,0.48,10.33,66.94,1,summer,2026-07-12T23:02:41.961634
29.25,60.97,16.26,4.57,19.0,47.19,0,summer,2026-07-12T23:10:41.961634
28.24,54.23,27.84,5.0,14.12,76.32,0,summer,2026-07-12T23:18:41.961634
28.09,58.03,29.89,8.53,26.16,39.41,1,summer,2026-07-12T23:26:41.961634
30.8,60.46,31.33,4.91,3.34,83.13,0,summer,2026-07-12T23:34:41.961634
29.55,63.64,23.27,9.41,36.67,28.22,0,summer,2026-07-12T23:42:41.961634
26.94,63.4,31.97,0.78,13.88,29.4,0,summer,2026-07-12T23:50:41.961634
25.74,58.68,33.75,3.51,34.56,60.54,0,summer,2026-07-12T23:58:41.961634
12.670000000000002,16.621277223303125,16.96,1.57,37.54,83.27475007909092,0,summer,2026-07-13T00:06:41.961634
26.57,52.91,30.17,3.35,30.87,71.25,0,summer,2026-07-13T00:14:41.961634
25.2,66.73,29.62,4.53,42.21,42.77,0,summer,2026-07-13T00:22:41.961634
28.88,66.04,26.59,9.41,23.79,62.58,0,summer,2026-07-13T00:30:41.961634
30.82,59.91,29.15,8.2,12.5,63.98,0,summer,2026-07-13T00:38:41.961634
28.42,61.23,24.9,1.45,6.63,64.32,1,summer,2026-07-13T00:46:41.961634
30.02,65.18,29.99,0.15,48.96,37.49,0,summer,2026-07-13T00:54:41.961634
28.98,62.0,21.06,3.55,48.6,72.68,0,summer,2026-07-13T01:02:41.961634
26.56,55.8,25.08,1.11,11.58,63.33,0,summer,2026-07-13T01:10:41.961634
25.35,53.69,7.81,2.39,6.57,28.58,1,summer,2026-07-13T01:18:41.961634
28.66,59.73,13.47,3.99,48.29,74.24,0,summer,2026-07-13T01:26:41.961634
27.75,62.91,10.32,3.43,32.69,73.45,0,summer,2026-07-13T01:34:41.961634
25.01,52.19,35.06,0.0,27.77,66.1,0,summer,2026-07-13T01:42:41.961634
30.87,55.5,26.75,6.0,47.48,42.97,0,summer,2026-07-13T01:50:41.961634
27.05,61.88,23.21,3.13,28.14,31.18,0,summer,2026-07-13T01:58:41.961634
26.74,57.7,29.13,4.45,8.59,34.18,0,summer,2026-07-13T02:06:41.961634
26.42,58.65,25.03,5.42,37.33,50.08,0,summer,2026-07-13T02:14:41.961634
25.95,62.66,33.48,0.0,14.75,43.85,0,summer,2026-07-13T02:22:41.961634
25.27,61.53,24.08,3.98,0.42,46.81,0,summer,2026-07-13T02:30:41.961634
27.8,62.46,22.27,1.06,14.57,82.5,0,summer,2026-07-13T02:38:41.961634
27.19,61.49,22.82,4.59,7.82,27.15,0,summer,2026-07-13T02:46:41.961634
29.33,55.71,27.44,8.95,30.12,49.9,0,summer,2026-07-13T02:54:41.961634
29.87,52.16,13.98,5.14,22.27,33.12,0,summer,2026-07-13T03:02:41.961634
30.13,61.06,33.3,1.7,32.31,45.52,1,summer,2026-07-13T03:10:41.961634
30.54,62.23,28.14,4.04,7.66,66.25,0,summer,2026-07-13T03:18:41.961634
30.76,52.59,33.61,5.91,21.56,47.74,1,summer,2026-07-13T03:26:41.961634
26.95,64.08,19.97,4.28,7.04,73.35,1,summer,2026-07-13T03:34:41.961634
29.24,65.25,24.3,2.97,37.02,55.67,0,summer,2026-07-13T03:42:41.961634
30.17,63.6,28.02,4.2,25.63,35.79,0,summer,2026-07-13T03:50:41.961634
25.14,56.28,31.73,9.02,21.92,51.42,1,summer,2026-07-13T03:58:41.961634
27.58,59.31,22.3,7.3,18.59,40.36,0,summer,2026-07-13T04:06:41.961634
30.16,65.69,16.48,3.92,38.1,42.17,0,summer,2026-07-13T04:14:41.961634
26.16,55.7,19.82,5.62,30.44,32.38,1,summer,2026-07-13T04:22:41.961634
28.9,63.59,24.35,3.71,14.21,72.73,0,summer,2026-07-13T04:30:41.961634
28.54,67.97,29.74,5.86,40.52,37.34,1,summer,2026-07-13T04:38:41.961634
30.65,59.65,14.37,0.12,4.31,30.64,0,summer,2026-07-13T04:46:41.961634
25.94,62.69,11.91,0.0,9.87,69.84,1,summer,2026-07-13T04:54:41.961634
29.12,62.69,32.17,3.88,8.15,63.28,0,summer,2026-07-13T05:02:41.961634
28.61,52.44,21.99,1.61,18.46,66.46,1,summer,2026-07-13T05:10:41.961634
25.41,65.85,7.44,1.09,2.29,63.36,1,summer,2026-07-13T05:18:41.961634
25.78,61.18,24.68,4.41,28.56,58.67,1,summer,2026-07-13T05:26:41.961634
28.08,53.7,29.35,2.69,42.79,36.51,0,summer,2026-07-13T05:34:41.961634
26.46,64.82,33.65,8.97,28.81,33.18,0,summer,2026-07-13T05:42:41.961634
29.34,56.52,14.62,8.93,40.53,67.6,0,summer,2026-07-13T05:50:41.961634
27.3,67.73,19.82,9.52,28.55,32.31,1,summer,2026-07-13T05:58:41.961634
36.39,31.47,28.08,2.39,706.56,52.85,0,summer,2026-07-13T06:06:41.961634
36.58,38.57,33.43,4.44,534.07,69.66,0,summer,2026-07-13T06:14:41.961634
36.21,36.74,10.11,2.8,612.64,50.7,0,summer,2026-07-13T06:22:41.961634
34.4,37.97,15.35,5.01,892.61,42.77,0,summer,2026-07-13T06:30:41.961634
38.18,42.17,25.97,7.35,790.14,26.18,0,summer,2026-07-13T06:38:41.961634
34.45,29.89,15.7,0.38,921.26,70.75,0,summer,2026-07-13T06:46:41.961634
34.65,27.22,37.33,5.91,500.08,67.52,0,summer,2026-07-13T06:54:41.961634
35.39,35.45,19.36,3.79,387.24,39.31,0,summer,2026-07-13T07:02:41.961634
21.89,5.0,29.56,3.73,974.88,109.51692664645388,0,summer,2026-07-13T07:10:41.961634
37.89,29.65,15.44,2.98,631.79,75.31,0,summer,2026-07-13T07:18:41.961634
39.3,29.09,19.29,5.8,453.78,61.9,0,summer,2026-07-13T07:26:41.961634
35.87,31.78,20.21,2.53,413.63,61.88,0,summer,2026-07-13T07:34:41.961634
35.37,37.42,26.64,3.11,430.91,75.0,1,summer,2026-07-13T07:42:41.961634
39.79,34.56,23.26,7.78,934.14,27.59,0,summer,2026-07-13T07:50:41.961634
22.740000000000002,5.0,34.05,5.22,862.02,106.43600446532767,0,summer,2026-07-13T07:58:41.961634
37.2,42.78,10.32,4.56,429.57,65.28,0,summer,2026-07-13T08:06:41.961634
39.1,42.93,33.67,4.89,954.88,84.21,1,summer,2026-07-13T08:14:41.961634
34.64,27.1,20.01,3.3,564.12,28.88,0,summer,2026-07-13T08:22:41.961634
37.21,36.06,6.01,2.98,724.92,55.79,0,summer,2026-07-13T08:30:41.961634
34.59,31.3,6.47,4.59,946.17,39.67,0,summer,2026-07-13T08:38:41.961634
38.19,42.59,13.27,7.05,987.73,39.49,0,summer,2026-07-13T08:46:41.961634
39.87,42.13,24.42,4.12,655.58,45.2,0,summer,2026-07-13T08:54:41.961634
39.05,40.4,20.47,8.56,394.02,39.25,0,summer,2026-07-13T09:02:41.961634
35.7,30.97,23.09,4.97,915.16,56.77,0,summer,2026-07-13T09:10:41.961634
39.74,31.01,17.54,1.0,486.79,82.39,0,summer,2026-07-13T09:18:41.961634
37.36,35.02,17.36,3.75,843.96,55.12,1,summer,2026-07-13T09:26:41.961634
37.32,34.94,27.01,5.06,353.0,62.28,0,summer,2026-07-13T09:34:41.961634
37.84,33.64,31.37,5.82,404.51,79.07,1,summer,2026-07-13T09:42:41.961634
35.15,27.17,27.13,6.42,789.35,64.99,0,summer,2026-07-13T09:50:41.961634
50.49,5.0,30.55,2.74,940.44,91.13399863848778,1,summer,2026-07-13T09:58:41.961634
34.21,41.3,15.95,5.02,317.38,56.73,0,summer,2026-07-13T10:06:41.961634
39.29,32.68,16.79,4.2,779.33,55.24,0,summer,2026-07-13T10:14:41.961634
37.13,27.46,31.89,0.0,356.95,51.95,0,summer,2026-07-13T10:22:41.961634
38.44,27.15,30.49,2.15,971.61,56.65,0,summer,2026-07-13T10:30:41.961634
37.79,29.39,28.27,5.96,944.98,63.1,0,summer,2026-07-13T10:38:41.961634
39.6,28.85,14.42,4.86,316.63,80.2,0,summer,2026-07-13T10:46:41.961634
39.4,35.34,14.41,8.05,482.91,68.23,0,summer,2026-07-13T10:54:41.961634
49.99,5.0,23.31,1.6,554.46,109.95667894082052,0,summer,2026-07-13T11:02:41.961634
36.01,33.82,24.83,6.8,957.85,26.91,0,summer,2026-07-13T11:10:41.961634
34.89,36.66,16.7,5.19,548.16,65.67,0,summer,2026-07-13T11:18:41.961634
35.65,34.9,21.17,3.41,944.84,39.49,0,summer,2026-07-13T11:26:41.961634
37.62,38.21,25.01,6.75,434.53,38.32,0,summer,2026-07-13T11:34:41.961634
36.54,29.04,14.52,5.88,861.41,64.68,0,summer,2026-07-13T11:42:41.961634
39.23,41.99,29.61,4.87,698.45,83.4,0,summer,2026-07-13T11:50:41.961634
38.76,41.88,26.34,4.6,403.79,38.15,1,summer,2026-07-13T11:58:41.961634
36.46,34.58,31.33,3.06,607.15,67.02,0,summer,2026-07-13T12:06:41.961634
39.55,39.21,23.49,5.9,346.03,42.05,0,summer,2026-07-13T12:14:41.961634
39.89,28.17,24.65,3.4,956.34,68.55,0,summer,2026-07-13T12:22:41.961634
39.89,41.93,15.08,4.86,782.18,64.14,0,summer,2026-07-13T12:30:41.961634
35.98,27.8,19.33,0.51,417.99,61.33,1,summer,2026-07-13T12:38:41.961634
36.08,32.48,12.24,2.24,421.67,26.57,0,summer,2026-07-13T12:46:41.961634
39.31,30.52,18.6,2.17,410.27,74.75,0,summer,2026-07-13T12:54:41.961634
21.090000000000003,5.0,13.63,4.43,568.69,52.5231335108634,0,summer,2026-07-13T13:02:41.961634
35.59,37.51,18.69,5.85,728.7,82.77,0,summer,2026-07-13T13:10:41.961634
37.3,39.36,21.83,2.93,398.34,33.04,0,summer,2026-07-13T13:18:41.961634
39.93,29.09,20.14,2.66,462.63,64.81,0,summer,2026-07-13T13:26:41.961634
34.41,37.0,17.05,7.15,333.36,46.6,0,summer,2026-07-13T13:34:41.961634
38.94,41.54,16.52,0.5,991.76,55.03,0,summer,2026-07-13T13:42:41.961634
39.42,29.81,29.13,3.87,916.26,71.12,0,summer,2026-07-13T13:50:41.961634
39.95,39.81,33.22,0.0,500.29,74.79,1,summer,2026-07-13T13:58:41.961634
35.38,34.56,19.19,3.35,430.15,45.05,0,summer,2026-07-13T14:06:41.961634
39.33,33.48,33.81,4.02,307.34,63.24,0,summer,2026-07-13T14:14:41.961634
39.08,32.38,22.58,3.79,966.13,33.66,1,summer,2026-07-13T14:22:41.961634
36.05,37.81,25.1,4.66,342.14,72.25,0,summer,2026-07-13T14:30:41.961634
37.16,34.79,15.47,2.67,576.08,37.99,1,summer,2026-07-13T14:38:41.961634
51.97,5.0,8.55,0.39,981.97,113.02037199952741,0,summer,2026-07-13T14:46:41.961634
38.26,41.36,18.88,5.88,364.99,34.7,0,summer,2026-07-13T14:54:41.961634
36.98,28.83,28.32,4.35,382.01,37.91,0,summer,2026-07-13T15:02:41.961634
38.06,40.02,21.07,4.27,899.46,75.32,0,summer,2026-07-13T15:10:41.961634
30.33,82.72,52.27,14.71,874.68,35.58,0,monsoon,2026-07-13T15:18:41.961634
30.75,80.23,48.36,30.29,724.9,81.7,0,monsoon,2026-07-13T15:26:41.961634
29.08,82.68,71.76,39.87,901.32,74.49,1,monsoon,2026-07-13T15:34:41.961634
30.88,80.67,48.75,59.62,966.72,49.67,0,monsoon,2026-07-13T15:42:41.961634
30.45,78.77,77.51,37.23,324.66,49.85,0,monsoon,2026-07-13T15:50:41.961634
27.3,77.87,66.6,36.78,860.08,38.12,0,monsoon,2026-07-13T15:58:41.961634
31.52,74.68,62.74,38.76,646.33,66.08,1,monsoon,2026-07-13T16:06:41.961634
29.67,79.8,69.12,62.31,778.79,41.84,1,monsoon,2026-07-13T16:14:41.961634
31.78,76.15,75.22,37.19,956.94,70.83,0,monsoon,2026-07-13T16:22:41.961634
26.71,87.74,86.21,49.74,714.77,66.3,0,monsoon,2026-07-13T16:30:41.961634
31.17,78.35,90.62,34.91,914.75,47.03,0,monsoon,2026-07-13T16:38:41.961634
30.21,83.12,64.36,26.08,585.2,32.45,1,monsoon,2026-07-13T16:46:41.961634
30.83,85.54,58.21,20.25,347.04,37.96,0,monsoon,2026-07-13T16:54:41.961634
27.83,75.49,70.18,47.61,495.38,31.15,0,monsoon,2026-07-13T17:02:41.961634
31.66,79.21,84.63,48.09,620.49,60.1,0,monsoon,2026-07-13T17:10:41.961634
27.71,83.45,70.97,31.66,411.96,80.4,0,monsoon,2026-07-13T17:18:41.961634
31.52,87.74,65.31,53.47,632.53,84.04,0,monsoon,2026-07-13T17:26:41.961634
43.86,44.291501961057776,62.46,38.69,418.65,84.4607053344354,0,monsoon,2026-07-13T17:34:41.961634
28.02,73.1,54.29,36.46,481.07,26.89,0,monsoon,2026-07-13T17:42:41.961634
26.27,84.48,93.6,20.43,591.45,43.68,0,monsoon,2026-07-13T17:50:41.961634
28.26,87.88,52.87,31.01,936.37,28.99,0,monsoon,2026-07-13T17:58:41.961634
30.07,76.36,64.57,33.17,936.18,62.11,0,monsoon,2026-07-13T18:06:41.961634
28.35,86.23,87.28,32.84,619.59,64.91,0,monsoon,2026-07-13T18:14:41.961634
28.08,84.59,50.51,17.05,972.9,50.42,0,monsoon,2026-07-13T18:22:41.961634
30.27,75.21,56.12,29.72,969.6,29.24,0,monsoon,2026-07-13T18:30:41.961634
29.23,74.91,71.59,52.9,544.35,68.84,0,monsoon,2026-07-13T18:38:41.961634
27.8,79.11,77.52,27.8,620.07,61.41,0,monsoon,2026-07-13T18:46:41.961634
30.33,74.91,90.16,41.48,301.61,70.47,0,monsoon,2026-07-13T18:54:41.961634
24.41,92.91,52.4,53.51,14.13,84.34,0,monsoon,2026-07-13T19:02:41.961634
24.13,99.68,72.13,42.47,33.18,32.17,0,monsoon,2026-07-13T19:10:41.961634
23.83,100.0,69.15,31.84,26.13,32.09,0,monsoon,2026-07-13T19:18:41.961634
26.44,100.0,57.18,53.2,21.48,78.63,0,monsoon,2026-07-13T19:26:41.961634
25.5,87.41,73.44,49.72,27.33,39.06,0,monsoon,2026-07-13T19:34:41.961634
21.8,94.69,67.89,28.84,39.53,54.6,0,monsoon,2026-07-13T19:42:41.961634
26.11,98.21,56.1,32.35,36.39,51.44,0,monsoon,2026-07-13T19:50:41.961634
22.09,95.22,75.99,35.95,4.47,25.7,0,monsoon,2026-07-13T19:58:41.961634
22.22,94.15,61.36,19.89,13.32,69.94,0,monsoon,2026-07-13T20:06:41.961634
22.56,90.4,71.88,15.27,30.64,76.09,0,monsoon,2026-07-13T20:14:41.961634
23.32,100.0,55.54,20.29,42.17,33.86,1,monsoon,2026-07-13T20:22:41.961634
8.73,62.05720154691798,88.02,23.66,23.49,61.16948908374668,0,monsoon,2026-07-13T20:30:41.961634
26.39,96.53,73.87,31.96,42.61,45.61,0,monsoon,2026-07-13T20:38:41.961634
23.07,90.74,83.19,63.09,3.97,61.84,0,monsoon,2026-07-13T20:46:41.961634
22.67,91.35,70.67,41.38,31.44,78.69,0,monsoon,2026-07-13T20:54:41.961634
7.66,54.79865527361066,51.64,51.68,33.96,69.95010093916825,0,monsoon,2026-07-13T21:02:41.961634
22.53,98.7,57.28,23.1,17.83,64.07,0,monsoon,2026-07-13T21:10:41.961634
21.95,99.98,93.29,41.95,31.58,80.47,1,monsoon,2026-07-13T21:18:41.961634
25.32,91.11,66.73,51.15,9.46,68.39,0,monsoon,2026-07-13T21:26:41.961634
25.46,89.87,61.21,53.65,24.04,43.95,0,monsoon,2026-07-13T21:34:41.961634
25.89,100.0,61.57,29.82,32.43,51.23,0,monsoon,2026-07-13T21:42:41.961634
22.4,100.0,67.54,18.75,47.56,64.26,0,monsoon,2026-07-13T21:50:41.961634
11.32,58.52424334392201,69.8,57.36,17.0,88.53358735031371,0,monsoon,2026-07-13T21:58:41.961634
26.29,90.81,75.58,16.0,47.15,39.24,1,monsoon,2026-07-13T22:06:41.961634
26.16,100.0,59.26,30.33,6.83,54.72,0,monsoon,2026-07-13T22:14:41.961634
26.25,88.6,78.49,39.13,28.14,65.1,0,monsoon,2026-07-13T22:22:41.961634
22.92,88.35,74.12,37.31,48.46,48.5,0,monsoon,2026-07-13T22:30:41.961634
23.92,100.0,77.6,45.69,0.83,36.08,1,monsoon,2026-07-13T22:38:41.961634
24.91,96.51,92.85,52.45,44.22,49.05,0,monsoon,2026-07-13T22:46:41.961634
26.55,87.16,85.5,14.25,44.75,40.73,0,monsoon,2026-07-13T22:54:41.961634
26.83,95.72,60.38,20.49,15.41,51.43,0,monsoon,2026-07-13T23:02:41.961634
21.66,96.58,63.67,50.57,44.95,46.93,0,monsoon,2026-07-13T23:10:41.961634
26.18,89.89,83.32,62.15,30.62,63.0,0,monsoon,2026-07-13T23:18:41.961634
24.31,91.4,62.46,18.02,15.79,61.13,0,monsoon,2026-07-13T23:26:41.961634
24.76,92.55,58.31,17.34,19.21,26.31,0,monsoon,2026-07-13T23:34:41.961634
23.05,88.77,58.2,20.1,33.12,65.39,1,monsoon,2026-07-13T23:42:41.961634
21.73,95.69,74.92,18.73,7.25,66.61,0,monsoon,2026-07-13T23:50:41.961634
23.74,92.67,55.01,15.41,44.7,45.51,0,monsoon,2026-07-13T23:58:41.961634
22.38,89.55,82.15,20.13,17.97,74.72,1,monsoon,2026-07-14T00:06:41.961634
22.88,98.24,68.19,13.71,47.99,61.11,0,monsoon,2026-07-14T00:14:41.961634
21.95,87.53,75.48,31.08,5.45,50.14,0,monsoon,2026-07-14T00:22:41.961634
41.56,61.79063785394812,56.22,17.0,8.41,87.30830844165746,0,monsoon,2026-07-14T00:30:41.961634
23.73,94.12,68.0,26.36,13.84,43.49,0,monsoon,2026-07-14T00:38:41.961634
26.66,91.01,55.75,34.67,46.97,51.25,0,monsoon,2026-07-14T00:46:41.961634
26.15,94.11,74.56,38.66,22.44,71.53,1,monsoon,2026-07-14T00:54:41.961634
25.38,100.0,77.34,33.34,49.2,28.87,0,monsoon,2026-07-14T01:02:41.961634
25.09,90.77,70.13,17.72,46.25,51.93,0,monsoon,2026-07-14T01:10:41.961634
24.97,90.83,58.71,43.79,44.65,50.71,0,monsoon,2026-07-14T01:18:41.961634
21.66,89.32,61.23,35.76,6.77,51.56,0,monsoon,2026-07-14T01:26:41.961634
21.88,88.66,68.33,54.47,48.99,63.18,0,monsoon,2026-07-14T01:34:41.961634
6.68,61.14920446817658,77.3,56.12,9.44,69.33460898466717,1,monsoon,2026-07-14T01:42:41.961634
37.239999999999995,56.76147846693756,68.14,35.25,43.14,106.68358173603036,1,monsoon,2026-07-14T01:50:41.961634
26.57,99.84,59.69,14.44,41.12,36.12,0,monsoon,2026-07-14T01:58:41.961634
23.27,90.21,86.57,30.63,42.37,42.38,0,monsoon,2026-07-14T02:06:41.961634
21.78,90.4,57.62,21.36,23.32,44.79,1,monsoon,2026-07-14T02:14:41.961634
26.05,89.48,53.08,40.87,36.81,80.79,0,monsoon,2026-07-14T02:22:41.961634
24.97,96.23,70.51,48.57,39.66,29.65,0,monsoon,2026-07-14T02:30:41.961634
21.37,100.0,85.92,52.22,35.48,60.0,0,monsoon,2026-07-14T02:38:41.961634
24.42,90.17,64.12,44.15,36.1,42.24,1,monsoon,2026-07-14T02:46:41.961634
22.72,100.0,47.7,43.16,3.94,47.26,1,monsoon,2026-07-14T02:54:41.961634
22.39,96.23,55.88,38.87,30.93,27.85,0,monsoon,2026-07-14T03:02:41.961634
21.31,100.0,55.47,54.38,39.03,67.71,1,monsoon,2026-07-14T03:10:41.961634
25.78,88.42,90.81,22.09,32.92,79.99,0,monsoon,2026-07-14T03:18:41.961634
23.95,91.44,86.46,18.6,24.85,25.55,0,monsoon,2026-07-14T03:26:41.961634
23.65,100.0,62.21,57.86,20.16,28.87,0,monsoon,2026-07-14T03:34:41.961634
23.02,100.0,79.58,46.96,4.75,76.27,0,monsoon,2026-07-14T03:42:41.961634
24.94,97.75,60.74,42.17,23.21,81.67,0,monsoon,2026-07-14T03:50:41.961634
24.99,90.49,76.75,56.49,32.11,75.17,0,monsoon,2026-07-14T03:58:41.961634
24.87,100.0,79.32,56.47,38.96,42.32,0,monsoon,2026-07-14T04:06:41.961634
25.29,88.87,48.98,25.61,3.91,76.72,0,monsoon,2026-07-14T04:14:41.961634
25.41,88.13,86.52,48.3,16.31,65.62,1,monsoon,2026-07-14T04:22:41.961634
26.98,100.0,77.59,14.53,20.35,53.68,0,monsoon,2026-07-14T04:30:41.961634
26.52,96.29,91.82,59.84,46.39,50.35,0,monsoon,2026-07-14T04:38:41.961634
25.54,99.26,52.67,13.55,29.16,35.38,1,monsoon,2026-07-14T04:46:41.961634
25.77,92.59,63.13,23.09,1.24,52.14,0,monsoon,2026-07-14T04:54:41.961634
23.75,95.39,67.59,22.18,7.23,84.84,0,monsoon,2026-07-14T05:02:41.961634
25.75,87.95,65.67,49.57,16.25,45.66,0,monsoon,2026-07-14T05:10:41.961634
22.48,100.0,83.53,13.36,5.02,64.45,0,monsoon,2026-07-14T05:18:41.961634
25.27,88.22,69.21,57.86,36.05,73.64,1,monsoon,2026-07-14T05:26:41.961634
22.08,90.3,49.58,47.69,2.62,31.42,0,monsoon,2026-07-14T05:34:41.961634
21.58,96.63,55.22,34.59,2.23,67.31,0,monsoon,2026-07-14T05:42:41.961634
25.85,87.3,83.66,42.6,18.54,81.33,1,monsoon,2026-07-14T05:50:41.961634
21.64,99.43,73.17,36.07,35.37,50.69,0,monsoon,2026-07-14T05:58:41.961634
27.01,78.61,80.2,40.34,407.17,40.65,1,monsoon,2026-07-14T06:06:41.961634
29.98,86.05,68.15,29.07,722.52,56.82,1,monsoon,2026-07-14T06:14:41.961634
28.36,74.59,51.05,45.53,653.89,46.24,0,monsoon,2026-07-14T06:22:41.961634
45.97,48.41306817067729,74.03,23.77,302.08,97.01515347169513,1,monsoon,2026-07-14T06:30:41.961634
31.07,86.41,59.98,41.41,569.6,35.3,0,monsoon,2026-07-14T06:38:41.961634
12.670000000000002,40.5685503548688,86.4,45.74,356.66,68.71850771582163,0,monsoon,2026-07-14T06:46:41.961634
27.22,86.35,73.09,53.99,513.89,73.92,1,monsoon,2026-07-14T06:54:41.961634
30.52,75.13,80.41,55.23,658.93,29.83,1,monsoon,2026-07-14T07:02:41.961634
26.54,81.03,66.86,50.96,754.4,71.14,0,monsoon,2026-07-14T07:10:41.961634
30.15,82.65,93.3,32.96,967.08,59.34,0,monsoon,2026-07-14T07:18:41.961634
27.66,72.68,52.28,22.15,772.74,33.34,1,monsoon,2026-07-14T07:26:41.961634
28.19,74.8,83.87,23.42,301.43,65.17,1,monsoon,2026-07-14T07:34:41.961634
26.09,82.78,91.36,49.2,845.73,64.58,0,monsoon,2026-07-14T07:42:41.961634
29.09,85.96,58.66,45.88,628.3,35.72,0,monsoon,2026-07-14T07:50:41.961634
31.55,87.44,83.71,34.47,771.08,71.24,0,monsoon,2026-07-14T07:58:41.961634
27.76,79.91,65.36,25.86,502.72,63.44,0,monsoon,2026-07-14T08:06:41.961634
28.3,84.51,80.53,46.87,813.01,68.82,1,monsoon,2026-07-14T08:14:41.961634
27.9,77.31,68.21,31.33,363.46,68.94,0,monsoon,2026-07-14T08:22:41.961634
31.42,75.79,56.01,59.13,576.86,27.6,1,monsoon,2026-07-14T08:30:41.961634
26.77,76.32,83.14,12.6,399.53,71.95,0,monsoon,2026-07-14T08:38:41.961634
31.86,83.52,55.89,41.84,903.2,72.52,0,monsoon,2026-07-14T08:46:41.961634
27.5,81.67,83.23,35.22,578.32,74.53,0,monsoon,2026-07-14T08:54:41.961634
28.37,83.99,77.48,61.57,357.61,43.72,0,monsoon,2026-07-14T09:02:41.961634
30.11,78.36,51.53,60.05,645.76,55.31,0,monsoon,2026-07-14T09:10:41.961634
29.57,72.18,54.59,61.13,851.53,76.16,0,monsoon,2026-07-14T09:18:41.961634
30.24,73.77,84.42,17.78,377.62,60.72,1,monsoon,2026-07-14T09:26:41.961634
29.43,74.85,73.49,41.13,565.01,31.54,0,monsoon,2026-07-14T09:34:41.961634
30.01,85.29,50.78,24.58,763.8,39.83,0,monsoon,2026-07-14T09:42:41.961634
26.51,79.26,53.4,58.69,821.29,28.68,0,monsoon,2026-07-14T09:50:41.961634
26.43,85.41,62.0,42.52,780.58,32.8,0,monsoon,2026-07-14T09:58:41.961634
45.21,41.77269149192682,79.51,38.73,859.44,99.28342788618956,0,monsoon,2026-07-14T10:06:41.961634
29.96,78.76,80.18,61.69,640.38,44.31,0,monsoon,2026-07-14T10:14:41.961634
26.06,75.37,82.27,19.72,444.16,63.37,0,monsoon,2026-07-14T10:22:41.961634
29.7,87.27,85.11,43.63,978.97,48.15,1,monsoon,2026-07-14T10:30:41.961634
27.02,86.99,81.71,27.26,670.28,75.29,0,monsoon,2026-07-14T10:38:41.961634
29.54,87.59,53.5,57.93,479.02,54.47,0,monsoon,2026-07-14T10:46:41.961634
30.82,86.44,49.86,53.97,963.18,56.96,0,monsoon,2026-07-14T10:54:41.961634
28.63,84.73,61.02,22.14,970.96,81.98,1,monsoon,2026-07-14T11:02:41.961634
26.46,87.44,73.7,52.59,303.01,84.19,1,monsoon,2026-07-14T11:10:41.961634
30.37,78.72,57.22,12.34,443.33,26.48,1,monsoon,2026-07-14T11:18:41.961634
31.04,79.31,53.42,13.41,851.76,32.1,1,monsoon,2026-07-14T11:26:41.961634
27.23,82.44,87.67,55.39,667.08,80.06,1,monsoon,2026-07-14T11:34:41.961634
26.65,83.21,61.79,35.19,579.5,34.61,0,monsoon,2026-07-14T11:42:41.961634
29.34,81.65,59.63,48.94,924.0,38.15,0,monsoon,2026-07-14T11:50:41.961634
27.87,86.86,60.75,25.89,763.46,54.42,0,monsoon,2026-07-14T11:58:41.961634
31.12,76.25,50.51,59.54,762.04,40.4,0,monsoon,2026-07-14T12:06:41.961634
27.04,83.0,76.76,21.55,804.07,49.44,0,monsoon,2026-07-14T12:14:41.961634
26.84,79.14,49.47,58.52,588.48,76.76,1,monsoon,2026-07-14T12:22:41.961634
26.09,72.14,85.92,19.24,930.72,30.77,0,monsoon,2026-07-14T12:30:41.961634
27.46,77.15,86.54,15.61,565.53,42.53,0,monsoon,2026-07-14T12:38:41.961634
29.14,85.5,65.96,36.04,343.93,71.93,0,monsoon,2026-07-14T12:46:41.961634
31.24,84.56,49.58,12.21,300.48,81.97,0,monsoon,2026-07-14T12:54:41.961634
41.47,46.17662884307437,76.42,30.44,388.29,60.02213342324609,0,monsoon,2026-07-14T13:02:41.961634
29.67,73.73,78.3,23.81,542.95,44.14,0,monsoon,2026-07-14T13:10:41.961634
26.03,77.42,61.96,33.79,989.44,39.26,0,monsoon,2026-07-14T13:18:41.961634
31.36,75.35,49.39,32.78,829.88,53.29,1,monsoon,2026-07-14T13:26:41.961634
31.2,86.14,65.02,45.01,469.95,69.2,0,monsoon,2026-07-14T13:34:41.961634
15.530000000000001,37.767269983728994,69.58,58.64,953.28,82.93390187675753,1,monsoon,2026-07-14T13:42:41.961634
30.39,84.1,65.71,37.4,337.22,54.3,0,monsoon,2026-07-14T13:50:41.961634
29.04,78.33,71.18,31.03,473.86,75.93,0,monsoon,2026-07-14T13:58:41.961634
26.33,72.92,70.3,51.98,533.27,77.9,1,monsoon,2026-07-14T14:06:41.961634
26.14,86.26,82.71,16.1,772.46,49.25,1,monsoon,2026-07-14T14:14:41.961634
26.85,74.22,56.02,28.06,380.77,44.93,0,monsoon,2026-07-14T14:22:41.961634
31.35,80.9,69.17,22.51,579.46,26.07,1,monsoon,2026-07-14T14:30:41.961634
30.97,87.06,77.24,20.76,596.97,37.63,1,monsoon,2026-07-14T14:38:41.961634
30.02,79.81,55.35,34.73,879.72,73.82,0,monsoon,2026-07-14T14:46:41.961634
31.68,82.34,76.28,58.56,706.91,45.21,0,monsoon,2026-07-14T14:54:41.961634
28.62,76.76,79.94,31.0,917.19,37.2,1,monsoon,2026-07-14T15:02:41.961634
27.84,84.75,58.57,49.16,425.71,25.64,0,monsoon,2026-07-14T15:10:41.961634
29.95,78.03,67.37,19.04,599.61,78.64,0,monsoon,2026-07-14T15:18:41.961634
27.29,80.01,84.91,56.64,438.33,66.79,0,monsoon,2026-07-14T15:26:41.961634
30.4,72.3,58.49,54.13,624.19,84.91,1,monsoon,2026-07-14T15:34:41.961634
29.17,85.75,60.3,20.87,694.6,61.62,0,monsoon,2026-07-14T15:42:41.961634
29.09,83.19,53.7,55.71,643.25,63.1,0,monsoon,2026-07-14T15:50:41.961634
28.12,76.48,76.85,14.58,834.05,39.14,0,monsoon,2026-07-14T15:58:41.961634
31.93,74.48,80.94,36.94,938.87,84.08,0,monsoon,2026-07-14T16:06:41.961634
29.36,83.32,56.01,23.45,985.13,38.08,0,monsoon,2026-07-14T16:14:41.961634
29.21,72.73,53.85,25.75,978.94,69.79,0,monsoon,2026-07-14T16:22:41.961634
30.97,72.11,60.42,53.03,623.74,49.74,1,monsoon,2026-07-14T16:30:41.961634
31.88,76.61,86.0,42.55,451.84,29.59,0,monsoon,2026-07-14T16:38:41.961634
31.1,74.52,49.95,47.24,607.99,81.06,0,monsoon,2026-07-14T16:46:41.961634
29.34,87.72,84.3,58.86,926.36,29.4,1,monsoon,2026-07-14T16:54:41.961634
29.26,86.84,60.86,18.92,794.08,33.04,0,monsoon,2026-07-14T17:02:41.961634
26.25,81.95,75.92,52.55,610.54,50.67,1,monsoon,2026-07-14T17:10:41.961634
31.36,84.38,78.74,42.75,914.71,68.02,0,monsoon,2026-07-14T17:18:41.961634
27.58,81.25,64.66,16.15,687.69,53.43,0,monsoon,2026-07-14T17:26:41.961634
31.67,74.71,85.54,38.04,382.24,26.39,0,monsoon,2026-07-14T17:34:41.961634
29.41,79.68,80.75,43.34,674.46,25.57,0,monsoon,2026-07-14T17:42:41.961634
31.18,82.66,70.71,46.88,857.1,66.91,0,monsoon,2026-07-14T17:50:41.961634
31.34,81.42,61.83,27.5,979.29,84.34,0,monsoon,2026-07-14T17:58:41.961634
27.23,77.29,76.53,42.7,678.21,50.68,0,monsoon,2026-07-14T18:06:41.961634
41.44,38.875772649392204,56.63,52.43,734.83,88.94066162270839,0,monsoon,2026-07-14T18:14:41.961634
30.12,74.9,50.98,44.21,803.94,62.25,0,monsoon,2026-07-14T18:22:41.961634
29.17,77.26,56.68,62.03,573.39,35.42,0,monsoon,2026-07-14T18:30:41.961634
27.56,72.5,70.83,41.56,426.61,64.76,0,monsoon,2026-07-14T18:38:41.961634
31.19,81.09,59.2,51.05,519.31,78.41,0,monsoon,2026-07-14T18:46:41.961634
30.94,86.35,77.31,40.49,700.38,35.47,0,monsoon,2026-07-14T18:54:41.961634
21.07,99.06,72.69,20.14,24.89,50.89,0,monsoon,2026-07-14T19:02:41.961634
21.13,95.28,64.6,28.44,4.07,28.27,1,monsoon,2026-07-14T19:10:41.961634
25.01,95.96,70.41,46.09,7.71,73.66,0,monsoon,2026-07-14T19:18:41.961634
25.29,92.16,56.31,30.88,42.99,60.66,1,monsoon,2026-07-14T19:26:41.961634
23.88,100.0,57.38,48.32,44.36,52.34,0,monsoon,2026-07-14T19:34:41.961634
23.43,100.0,79.53,57.16,15.52,58.4,0,monsoon,2026-07-14T19:42:41.961634
22.37,92.96,54.8,24.94,32.89,49.86,0,monsoon,2026-07-14T19:50:41.961634
21.62,98.97,62.11,55.05,15.42,70.74,0,monsoon,2026-07-14T19:58:41.961634
21.66,94.59,56.92,53.21,27.65,61.15,0,monsoon,2026-07-14T20:06:41.961634
23.6,100.0,58.98,28.19,23.79,59.65,0,monsoon,2026-07-14T20:14:41.961634
25.39,99.83,79.04,38.95,22.28,43.14,0,monsoon,2026-07-14T20:22:41.961634
22.27,92.02,57.98,48.61,46.08,55.37,0,monsoon,2026-07-14T20:30:41.961634
23.42,93.31,57.7,28.12,32.17,53.32,1,monsoon,2026-07-14T20:38:41.961634
6.25,56.621733260410565,58.02,17.98,45.07,92.10402723888348,0,monsoon,2026-07-14T20:46:41.961634
23.24,99.4,76.76,19.43,30.11,56.14,0,monsoon,2026-07-14T20:54:41.961634
21.56,91.73,66.79,43.36,47.48,69.79,0,monsoon,2026-07-14T21:02:41.961634
25.81,97.11,71.31,32.93,46.1,64.99,1,monsoon,2026-07-14T21:10:41.961634
23.9,91.31,85.63,38.49,40.72,57.96,0,monsoon,2026-07-14T21:18:41.961634
25.34,91.92,54.64,58.31,28.58,54.34,1,monsoon,2026-07-14T21:26:41.961634
22.01,96.88,65.95,50.89,40.83,73.6,0,monsoon,2026-07-14T21:34:41.961634
26.45,100.0,86.1,29.02,22.77,47.39,1,monsoon,2026-07-14T21:42:41.961634
25.77,87.99,90.8,38.67,47.88,52.62,0,monsoon,2026-07-14T21:50:41.961634
25.32,92.16,83.21,36.24,40.75,31.04,0,monsoon,2026-07-14T21:58:41.961634
21.23,88.74,55.58,28.54,16.37,45.27,0,monsoon,2026-07-14T22:06:41.961634
6.920000000000002,62.26448370584446,72.48,42.23,12.86,65.06196597035814,0,monsoon,2026-07-14T22:14:41.961634
23.56,99.57,71.99,27.93,12.12,33.59,0,monsoon,2026-07-14T22:22:41.961634
22.57,87.5,83.42,33.85,34.23,33.84,0,monsoon,2026-07-14T22:30:41.961634
40.120000000000005,61.78114777041924,51.74,43.48,43.52,100.2492963848943,0,monsoon,2026-07-14T22:38:41.961634
26.03,87.27,57.06,35.48,30.36,40.31,0,monsoon,2026-07-14T22:46:41.961634
23.53,100.0,69.77,36.62,35.63,33.81,0,monsoon,2026-07-14T22:54:41.961634
21.96,89.36,71.72,19.12,30.87,50.44,0,monsoon,2026-07-14T23:02:41.961634
23.98,93.24,60.53,55.81,31.72,68.9,0,monsoon,2026-07-14T23:10:41.961634
24.26,100.0,77.42,57.96,48.37,77.35,0,monsoon,2026-07-14T23:18:41.961634
23.91,88.37,69.1,14.41,1.27,62.58,1,monsoon,2026-07-14T23:26:41.961634
24.94,95.64,71.66,14.83,41.75,70.09,0,monsoon,2026-07-14T23:34:41.961634
22.11,91.92,81.03,16.56,39.92,64.6,1,monsoon,2026-07-14T23:42:41.961634
23.66,96.46,54.21,29.24,3.42,69.34,0,monsoon,2026-07-14T23:50:41.961634
25.46,96.07,54.22,27.22,23.59,70.98,1,monsoon,2026-07-14T23:58:41.961634
26.92,97.73,71.84,41.59,37.79,70.34,1,monsoon,2026-07-15T00:06:41.961634
26.04,98.34,65.99,35.31,2.44,64.76,1,monsoon,2026-07-15T00:14:41.961634
24.82,93.63,88.71,46.19,12.62,78.54,0,monsoon,2026-07-15T00:22:41.961634
23.93,89.51,56.75,39.79,36.68,55.57,0,monsoon,2026-07-15T00:30:41.961634
24.55,98.4,50.22,44.93,23.2,66.03,0,monsoon,2026-07-15T00:38:41.961634
10.920000000000002,68.3259552173423,83.77,18.54,20.37,85.56782598012236,0,monsoon,2026-07-15T00:46:41.961634
22.66,95.13,64.75,42.25,17.34,50.46,0,monsoon,2026-07-15T00:54:41.961634
25.8,93.3,48.94,42.73,33.85,82.4,0,monsoon,2026-07-15T01:02:41.961634
23.68,92.25,80.21,25.61,40.22,65.36,0,monsoon,2026-07-15T01:10:41.961634
22.47,90.86,82.57,17.44,3.5,44.38,1,monsoon,2026-07-15T01:18:41.961634
22.55,91.28,74.76,50.26,15.07,36.26,0,monsoon,2026-07-15T01:26:41.961634
21.63,87.2,70.6,57.42,20.68,79.41,0,monsoon,2026-07-15T01:34:41.961634
23.94,91.04,69.8,44.69,19.29,37.95,0,monsoon,2026-07-15T01:42:41.961634
23.71,96.43,57.53,21.17,19.94,60.78,1,monsoon,2026-07-15T01:50:41.961634
26.37,100.0,72.39,40.49,18.95,79.93,0,monsoon,2026-07-15T01:58:41.961634
24.52,94.53,62.05,56.21,46.94,25.42,0,monsoon,2026-07-15T02:06:41.961634
23.83,100.0,56.52,29.79,26.8,76.43,0,monsoon,2026-07-15T02:14:41.961634
25.02,88.19,57.62,30.32,26.28,84.68,0,monsoon,2026-07-15T02:22:41.961634
25.94,87.59,65.04,40.77,3.37,35.95,1,monsoon,2026-07-15T02:30:41.961634
25.29,100.0,79.16,15.28,29.09,28.21,0,monsoon,2026-07-15T02:38:41.961634
23.85,96.07,84.22,12.44,20.01,38.7,0,monsoon,2026-07-15T02:46:41.961634
22.27,87.32,61.55,23.51,7.53,50.92,0,monsoon,2026-07-15T02:54:41.961634
24.49,100.0,86.25,47.57,22.33,72.62,0,monsoon,2026-07-15T03:02:41.961634
36.05,64.99792948277876,55.23,48.84,41.1,96.75352710979199,0,monsoon,2026-07-15T03:10:41.961634
26.85,100.0,69.86,54.83,39.05,27.67,0,monsoon,2026-07-15T03:18:41.961634
25.23,91.33,58.36,48.41,13.78,36.79,0,monsoon,2026-07-15T03:26:41.961634
24.74,100.0,84.19,58.19,36.59,76.13,1,monsoon,2026-07-15T03:34:41.961634
22.55,97.59,61.0,58.12,34.92,55.84,0,monsoon,2026-07-15T03:42:41.961634
24.15,99.54,60.18,24.88,43.93,60.91,0,monsoon,2026-07-15T03:50:41.961634
24.77,100.0,85.84,57.57,31.05,82.55,1,monsoon,2026-07-15T03:58:41.961634
26.49,87.11,63.22,48.8,35.46,76.73,0,monsoon,2026-07-15T04:06:41.961634
22.55,91.88,87.53,53.12,29.79,84.4,0,monsoon,2026-07-15T04:14:41.961634
26.22,94.64,67.95,16.74,30.24,28.24,0,monsoon,2026-07-15T04:22:41.961634
22.92,92.47,85.32,18.79,12.72,68.14,0,monsoon,2026-07-15T04:30:41.961634
24.52,91.02,77.64,61.09,28.36,39.89,1,monsoon,2026-07-15T04:38:41.961634
21.85,94.6,55.1,29.81,31.0,60.27,1,monsoon,2026-07-15T04:46:41.961634
21.54,100.0,51.89,38.64,7.34,31.8,1,monsoon,2026-07-15T04:54:41.961634
22.61,96.05,86.2,28.44,17.66,26.11,0,monsoon,2026-07-15T05:02:41.961634
26.39,98.37,77.27,18.35,37.82,53.17,0,monsoon,2026-07-15T05:10:41.961634
22.83,98.89,54.96,29.88,42.86,72.28,0,monsoon,2026-07-15T05:18:41.961634
25.16,88.24,59.76,24.9,1.04,39.7,0,monsoon,2026-07-15T05:26:41.961634
21.97,100.0,90.81,14.05,42.93,39.46,1,monsoon,2026-07-15T05:34:41.961634
25.22,95.31,68.49,52.99,26.22,51.91,1,monsoon,2026-07-15T05:42:41.961634
23.43,92.92,83.13,16.02,20.57,82.5,1,monsoon,2026-07-15T05:50:41.961634
21.37,88.67,87.23,45.35,38.81,32.4,0,monsoon,2026-07-15T05:58:41.961634
31.21,76.93,85.68,18.66,411.44,37.12,0,monsoon,2026-07-15T06:06:41.961634
29.17,76.1,85.32,57.17,830.75,84.9,0,monsoon,2026-07-15T06:14:41.961634
30.25,80.9,72.48,28.12,354.68,71.26,0,monsoon,2026-07-15T06:22:41.961634
26.58,75.74,76.81,13.58,844.5,62.84,0,monsoon,2026-07-15T06:30:41.961634
27.64,86.63,66.82,40.26,768.04,41.4,1,monsoon,2026-07-15T06:38:41.961634
31.3,79.04,84.45,45.81,882.66,68.03,0,monsoon,2026-07-15T06:46:41.961634
30.88,79.92,81.61,52.5,780.61,77.99,1,monsoon,2026-07-15T06:54:41.961634
28.48,85.38,81.7,33.72,591.66,40.67,0,monsoon,2026-07-15T07:02:41.961634
26.77,80.71,86.33,36.24,734.84,55.32,0,monsoon,2026-07-15T07:10:41.961634
29.26,72.58,56.95,41.12,986.75,61.68,0,monsoon,2026-07-15T07:18:41.961634
27.79,76.52,87.22,46.08,760.8,60.55,0,monsoon,2026-07-15T07:26:41.961634
26.04,82.08,62.79,34.08,452.41,81.17,1,monsoon,2026-07-15T07:34:41.961634
26.93,80.53,90.21,15.18,789.66,27.43,0,monsoon,2026-07-15T07:42:41.961634
30.98,86.47,62.03,61.11,893.08,43.53,0,monsoon,2026-07-15T07:50:41.961634
27.43,79.66,68.03,63.11,957.97,30.81,0,monsoon,2026-07-15T07:58:41.961634
28.29,87.2,67.36,56.38,433.87,53.98,1,monsoon,2026-07-15T08:06:41.961634
29.6,85.05,53.34,41.04,726.01,48.34,1,monsoon,2026-07-15T08:14:41.961634
28.33,78.88,70.43,45.18,660.28,79.16,0,monsoon,2026-07-15T08:22:41.961634
31.88,75.8,51.26,39.78,755.83,41.64,0,monsoon,2026-07-15T08:30:41.961634
15.870000000000001,53.222121494757886,64.12,30.93,472.71,80.19126478535149,0,monsoon,2026-07-15T08:38:41.961634
29.64,73.98,71.43,29.02,618.85,74.94,0,monsoon,2026-07-15T08:46:41.961634
26.79,74.77,50.84,30.56,888.68,54.2,0,monsoon,2026-07-15T08:54:41.961634
30.02,81.56,81.8,32.34,385.78,57.59,0,monsoon,2026-07-15T09:02:41.961634
31.33,85.74,78.02,49.11,303.57,33.42,0,monsoon,2026-07-15T09:10:41.961634
28.62,80.6,48.69,39.73,833.18,33.05,0,monsoon,2026-07-15T09:18:41.961634
12.399999999999999,48.44327692430108,69.33,38.08,982.22,73.19343019472933,0,monsoon,2026-07-15T09:26:41.961634
28.73,75.04,57.3,17.44,594.77,59.11,0,monsoon,2026-07-15T09:34:41.961634
28.7,81.91,83.54,43.34,438.71,33.23,0,monsoon,2026-07-15T09:42:41.961634
31.18,77.81,77.2,59.27,779.76,35.34,0,monsoon,2026-07-15T09:50:41.961634
28.87,80.3,87.01,38.01,993.31,83.81,1,monsoon,2026-07-15T09:58:41.961634
29.17,75.93,62.74,26.41,341.73,45.76,0,monsoon,2026-07-15T10:06:41.961634
31.26,74.81,72.68,34.01,789.44,35.03,0,monsoon,2026-07-15T10:14:41.961634
31.76,82.87,78.99,15.4,909.82,48.49,1,monsoon,2026-07-15T10:22:41.961634
28.47,76.71,62.73,17.97,977.49,66.15,1,monsoon,2026-07-15T10:30:41.961634
41.32,42.22729931281408,52.71,14.72,787.69,76.9639006739084,0,monsoon,2026-07-15T10:38:41.961634
28.82,77.65,61.33,25.27,565.98,67.3,0,monsoon,2026-07-15T10:46:41.961634
26.56,80.26,68.55,24.6,946.22,40.19,0,monsoon,2026-07-15T10:54:41.961634
28.91,87.58,60.52,59.44,707.26,33.23,0,monsoon,2026-07-15T11:02:41.961634
15.030000000000001,41.5655536989249,80.37,45.83,551.13,107.44216562593962,0,monsoon,2026-07-15T11:10:41.961634
29.23,73.76,61.52,53.62,364.35,80.72,1,monsoon,2026-07-15T11:18:41.961634
30.22,83.42,74.52,53.33,741.19,79.73,0,monsoon,2026-07-15T11:26:41.961634
28.5,78.44,81.43,17.87,522.61,70.41,0,monsoon,2026-07-15T11:34:41.961634
28.88,76.86,50.12,50.5,551.37,31.74,0,monsoon,2026-07-15T11:42:41.961634
26.99,86.58,67.72,32.74,955.62,48.77,0,monsoon,2026-07-15T11:50:41.961634
28.26,72.75,69.21,12.27,668.09,45.02,1,monsoon,2026-07-15T11:58:41.961634
28.28,85.48,72.36,32.57,545.58,66.36,0,monsoon,2026-07-15T12:06:41.961634
28.03,86.39,72.46,29.47,594.34,62.65,0,monsoon,2026-07-15T12:14:41.961634
30.65,83.01,53.54,51.14,589.32,35.17,0,monsoon,2026-07-15T12:22:41.961634
31.62,78.92,68.76,24.33,822.57,39.84,0,monsoon,2026-07-15T12:30:41.961634
31.41,74.9,85.66,49.05,848.4,39.43,1,monsoon,2026-07-15T12:38:41.961634
27.51,87.38,81.37,31.66,681.63,30.7,0,monsoon,2026-07-15T12:46:41.961634
27.66,73.4,79.34,34.87,632.77,50.17,0,monsoon,2026-07-15T12:54:41.961634
26.52,81.71,65.3,31.69,840.27,51.92,0,monsoon,2026-07-15T13:02:41.961634
30.71,73.92,54.24,44.88,530.5,49.14,0,monsoon,2026-07-15T13:10:41.961634
31.32,87.57,82.07,32.2,960.41,68.53,0,monsoon,2026-07-15T13:18:41.961634
27.63,81.17,74.47,38.36,949.89,27.98,1,monsoon,2026-07-15T13:26:41.961634
30.13,82.6,86.31,33.79,997.54,65.01,0,monsoon,2026-07-15T13:34:41.961634
28.8,74.64,83.52,52.15,779.59,42.54,0,monsoon,2026-07-15T13:42:41.961634
27.4,87.1,67.79,32.17,524.04,46.18,0,monsoon,2026-07-15T13:50:41.961634
28.75,72.52,91.68,17.17,394.06,44.38,0,monsoon,2026-07-15T13:58:41.961634
31.41,76.36,60.82,31.83,674.6,52.27,1,monsoon,2026-07-15T14:06:41.961634
27.65,81.86,75.55,61.5,498.69,33.82,0,monsoon,2026-07-15T14:14:41.961634
29.43,81.03,57.55,36.03,568.5,76.24,0,monsoon,2026-07-15T14:22:41.961634
29.19,85.75,58.41,49.04,845.78,39.92,1,monsoon,2026-07-15T14:30:41.961634
29.58,78.54,83.25,24.75,995.95,75.51,0,monsoon,2026-07-15T14:38:41.961634
26.08,86.93,89.97,40.33,820.9,40.28,0,monsoon,2026-07-15T14:46:41.961634
28.9,84.21,71.93,42.6,310.4,77.86,1,monsoon,2026-07-15T14:54:41.961634
27.94,74.07,59.46,44.61,430.23,71.3,0,monsoon,2026-07-15T15:02:41.961634
26.4,76.15,73.3,31.74,583.72,67.99,1,monsoon,2026-07-15T15:10:41.961634
27.18,82.78,88.99,55.68,877.3,51.84,0,monsoon,2026-07-15T15:18:41.961634
31.74,78.94,74.55,61.26,699.97,40.59,0,monsoon,2026-07-15T15:26:41.961634
26.28,83.43,82.73,46.15,540.37,36.72,0,monsoon,2026-07-15T15:34:41.961634
28.79,80.63,58.12,21.14,982.97,49.32,0,monsoon,2026-07-15T15:42:41.961634
29.07,83.98,76.01,21.86,995.09,56.19,1,monsoon,2026-07-15T15:50:41.961634
31.53,73.31,55.59,37.02,663.3,66.97,0,monsoon,2026-07-15T15:58:41.961634
28.07,73.83,48.32,25.31,344.06,72.96,1,monsoon,2026-07-15T16:06:41.961634
30.78,75.93,54.9,58.36,709.15,61.87,0,monsoon,2026-07-15T16:14:41.961634
29.69,79.75,70.65,21.88,770.61,63.58,1,monsoon,2026-07-15T16:22:41.961634
28.91,79.45,87.54,56.02,506.96,25.24,0,monsoon,2026-07-15T16:30:41.961634
27.31,86.91,85.23,50.57,511.7,60.72,0,monsoon,2026-07-15T16:38:41.961634
26.03,85.2,67.3,14.8,413.43,60.23,1,monsoon,2026-07-15T16:46:41.961634
27.26,80.79,70.24,46.67,316.56,76.49,0,monsoon,2026-07-15T16:54:41.961634
29.95,81.9,83.82,31.15,972.65,79.06,0,monsoon,2026-07-15T17:02:41.961634
31.89,75.13,86.45,12.82,791.52,73.37,0,monsoon,2026-07-15T17:10:41.961634
30.01,84.83,77.76,30.52,823.47,37.25,0,monsoon,2026-07-15T17:18:41.961634
28.91,77.97,79.72,54.78,610.22,53.48,0,monsoon,2026-07-15T17:26:41.961634
31.65,79.45,56.08,12.36,639.02,60.98,0,monsoon,2026-07-15T17:34:41.961634
26.56,74.78,62.34,45.17,886.05,76.22,1,monsoon,2026-07-15T17:42:41.961634
26.59,78.29,72.33,27.93,433.9,71.86,0,monsoon,2026-07-15T17:50:41.961634
26.94,75.58,83.44,45.68,500.09,67.41,0,monsoon,2026-07-15T17:58:41.961634
30.95,86.31,80.24,52.88,653.58,54.32,1,monsoon,2026-07-15T18:06:41.961634
29.25,74.74,80.55,45.22,780.99,36.08,0,monsoon,2026-07-15T18:14:41.961634
31.13,81.43,76.53,37.05,561.21,28.73,0,monsoon,2026-07-15T18:22:41.961634
29.63,83.57,80.55,56.75,942.73,52.54,0,monsoon,2026-07-15T18:30:41.961634
31.17,81.3,69.77,14.74,933.65,30.53,0,monsoon,2026-07-15T18:38:41.961634
28.37,80.64,90.08,27.55,789.21,30.12,0,monsoon,2026-07-15T18:46:41.961634
27.93,86.6,94.19,37.23,658.41,36.02,1,monsoon,2026-07-15T18:54:41.961634
22.99,100.0,76.46,36.02,8.5,26.4,1,monsoon,2026-07-15T19:02:41.961634
26.99,97.06,82.17,23.99,49.48,33.74,1,monsoon,2026-07-15T19:10:41.961634
21.48,99.07,47.88,19.5,40.3,29.88,1,monsoon,2026-07-15T19:18:41.961634
26.82,90.99,47.93,32.41,33.58,69.99,0,monsoon,2026-07-15T19:26:41.961634
23.41,89.88,56.58,32.6,30.97,64.53,0,monsoon,2026-07-15T19:34:41.961634
21.72,100.0,58.49,19.91,47.77,84.03,0,monsoon,2026-07-15T19:42:41.961634
37.31,66.40747470491411,60.75,21.92,23.45,90.0513844834154,0,monsoon,2026-07-15T19:50:41.961634
26.95,100.0,66.39,59.29,46.54,75.29,1,monsoon,2026-07-15T19:58:41.961634
24.83,98.0,59.3,35.86,41.42,52.37,0,monsoon,2026-07-15T20:06:41.961634
24.9,100.0,77.3,43.46,46.04,82.09,0,monsoon,2026-07-15T20:14:41.961634
25.99,97.92,62.49,16.23,39.06,81.92,1,monsoon,2026-07-15T20:22:41.961634
26.72,100.0,68.56,32.56,0.53,33.38,0,monsoon,2026-07-15T20:30:41.961634
22.49,100.0,53.79,55.23,6.04,29.94,0,monsoon,2026-07-15T20:38:41.961634
21.97,100.0,83.06,36.89,47.87,32.08,0,monsoon,2026-07-15T20:46:41.961634
21.32,89.62,54.17,34.77,4.67,56.96,1,monsoon,2026-07-15T20:54:41.961634
24.46,100.0,83.53,54.5,36.3,53.13,0,monsoon,2026-07-15T21:02:41.961634
21.65,98.99,75.89,39.8,44.55,35.09,0,monsoon,2026-07-15T21:10:41.961634
7.309999999999999,55.452292244994055,62.37,26.19,9.42,98.36683698434895,0,monsoon,2026-07-15T21:18:41.961634
23.47,92.19,63.86,38.77,35.82,57.88,0,monsoon,2026-07-15T21:26:41.961634
21.45,98.84,69.96,45.88,25.52,66.27,0,monsoon,2026-07-15T21:34:41.961634
21.5,100.0,70.27,15.22,22.3,34.33,0,monsoon,2026-07-15T21:42:41.961634
21.66,92.14,72.6,26.83,34.09,74.18,0,monsoon,2026-07-15T21:50:41.961634
25.49,88.24,85.52,51.0,37.52,32.88,0,monsoon,2026-07-15T21:58:41.961634
24.37,94.13,52.46,35.56,42.25,81.97,0,monsoon,2026-07-15T22:06:41.961634
26.85,88.63,76.91,47.01,19.91,46.04,0,monsoon,2026-07-15T22:14:41.961634
27.0,95.83,75.37,20.52,45.04,49.41,1,monsoon,2026-07-15T22:22:41.961634
36.980000000000004,57.253934454309345,49.69,43.69,20.92,67.25896476416189,0,monsoon,2026-07-15T22:30:41.961634
22.61,97.7,86.35,19.24,22.63,45.19,1,monsoon,2026-07-15T22:38:41.961634
21.8,99.56,62.11,33.95,11.05,26.21,1,monsoon,2026-07-15T22:46:41.961634
26.77,98.2,79.98,56.44,12.36,38.83,0,monsoon,2026-07-15T22:54:41.961634
25.0,93.62,57.86,54.81,22.19,30.99,0,monsoon,2026-07-15T23:02:41.961634
25.15,95.39,79.98,20.53,39.04,68.54,1,monsoon,2026-07-15T23:10:41.961634
21.21,95.31,51.75,32.94,33.68,69.83,0,monsoon,2026-07-15T23:18:41.961634
41.379999999999995,66.11967261463863,73.23,16.97,13.61,96.88253633484032,0,monsoon,2026-07-15T23:26:41.961634
22.06,94.59,73.91,23.56,37.67,25.88,0,monsoon,2026-07-15T23:34:41.961634
25.82,98.5,61.96,48.56,4.55,45.85,0,monsoon,2026-07-15T23:42:41.961634
26.13,97.5,80.73,21.57,14.67,32.45,0,monsoon,2026-07-15T23:50:41.961634
25.39,95.0,78.6,57.46,38.3,65.17,1,monsoon,2026-07-15T23:58:41.961634
22.11,99.73,92.32,57.95,1.51,44.67,1,monsoon,2026-07-16T00:06:41.961634
22.13,89.07,51.69,14.34,23.43,55.68,0,monsoon,2026-07-16T00:14:41.961634
24.13,95.6,87.92,23.74,35.29,67.42,1,monsoon,2026-07-16T00:22:41.961634
22.05,94.7,79.97,19.79,10.97,27.67,0,monsoon,2026-07-16T00:30:41.961634
26.78,100.0,85.12,18.06,48.33,82.73,0,monsoon,2026-07-16T00:38:41.961634
25.83,99.74,49.11,47.18,7.0,29.86,0,monsoon,2026-07-16T00:46:41.961634
21.96,92.1,82.25,52.58,29.95,66.64,0,monsoon,2026-07-16T00:54:41.961634
21.17,100.0,54.95,12.03,46.06,44.52,0,monsoon,2026-07-16T01:02:41.961634
21.32,91.83,52.56,27.97,21.98,54.25,1,monsoon,2026-07-16T01:10:41.961634
25.6,94.7,85.79,51.27,26.37,40.5,1,monsoon,2026-07-16T01:18:41.961634
24.27,87.9,55.08,60.54,40.4,74.0,0,monsoon,2026-07-16T01:26:41.961634
26.55,89.74,84.09,37.96,32.5,26.97,0,monsoon,2026-07-16T01:34:41.961634
26.89,100.0,79.38,55.47,47.36,79.21,1,monsoon,2026-07-16T01:42:41.961634
24.86,93.11,73.38,25.39,4.96,77.12,1,monsoon,2026-07-16T01:50:41.961634
24.26,91.42,58.45,55.33,15.12,72.28,0,monsoon,2026-07-16T01:58:41.961634
21.35,100.0,61.55,32.3,42.42,77.91,1,monsoon,2026-07-16T02:06:41.961634
36.36,55.54791449148351,62.67,26.74,28.69,64.64736043355619,0,monsoon,2026-07-16T02:14:41.961634
22.57,100.0,69.58,28.9,41.55,26.51,0,monsoon,2026-07-16T02:22:41.961634
24.18,91.1,47.64,36.66,6.6,31.96,1,monsoon,2026-07-16T02:30:41.961634
22.21,88.72,65.87,23.58,21.4,46.67,1,monsoon,2026-07-16T02:38:41.961634
24.44,100.0,65.72,15.45,2.58,77.99,0,monsoon,2026-07-16T02:46:41.961634
23.67,98.2,67.49,25.07,26.98,84.47,0,monsoon,2026-07-16T02:54:41.961634
22.23,94.1,60.79,29.27,27.56,27.65,0,monsoon,2026-07-16T03:02:41.961634
10.71,57.71876280308729,59.11,38.6,22.73,106.86642172145042,0,monsoon,2026-07-16T03:10:41.961634
25.6,93.63,73.96,37.84,17.05,77.48,1,monsoon,2026-07-16T03:18:41.961634
21.41,92.33,81.49,41.91,39.55,31.58,0,monsoon,2026-07-16T03:26:41.961634
21.8,96.58,80.35,45.59,31.55,34.4,0,monsoon,2026-07-16T03:34:41.961634
25.06,98.54,71.44,26.92,15.28,48.82,0,monsoon,2026-07-16T03:42:41.961634
26.21,98.98,83.95,40.63,24.76,84.29,0,monsoon,2026-07-16T03:50:41.961634
24.67,90.17,89.59,32.01,33.05,71.7,0,monsoon,2026-07-16T03:58:41.961634
25.33,92.05,51.92,61.98,28.44,36.42,0,monsoon,2026-07-16T04:06:41.961634
25.94,87.01,68.95,59.98,15.08,72.6,1,monsoon,2026-07-16T04:14:41.961634
21.92,88.79,62.35,41.99,18.2,49.25,0,monsoon,2026-07-16T04:22:41.961634
21.85,97.7,50.53,31.02,17.07,74.42,1,monsoon,2026-07-16T04:30:41.961634
23.88,88.73,78.93,12.29,21.69,74.17,0,monsoon,2026-07-16T04:38:41.961634
23.32,93.64,62.76,26.57,39.81,74.63,1,monsoon,2026-07-16T04:46:41.961634
25.58,100.0,63.09,23.01,29.91,31.8,0,monsoon,2026-07-16T04:54:41.961634
23.11,94.22,58.68,29.28,19.17,50.19,1,monsoon,2026-07-16T05:02:41.961634
24.6,96.98,47.7,26.62,22.74,30.05,0,monsoon,2026-07-16T05:10:41.961634
26.11,96.06,65.37,19.67,29.29,25.39,1,monsoon,2026-07-16T05:18:41.961634
24.97,92.55,90.11,54.52,11.19,44.82,0,monsoon,2026-07-16T05:26:41.961634
23.75,97.81,82.92,21.93,5.64,71.59,0,monsoon,2026-07-16T05:34:41.961634
25.76,99.74,50.83,25.03,1.97,42.25,1,monsoon,2026-07-16T05:42:41.961634
21.77,97.62,77.34,33.44,36.21,48.67,0,monsoon,2026-07-16T05:50:41.961634
21.59,99.95,54.7,17.35,44.53,57.8,0,monsoon,2026-07-16T05:58:41.961634
26.43,87.37,77.9,35.4,756.56,70.11,0,monsoon,2026-07-16T06:06:41.961634
26.35,87.58,55.79,43.36,365.36,69.51,1,monsoon,2026-07-16T06:14:41.961634
12.86,40.04818148495101,74.43,41.37,837.9,89.71119421703418,0,monsoon,2026-07-16T06:22:41.961634
29.56,75.72,54.42,45.44,342.79,69.67,1,monsoon,2026-07-16T06:30:41.961634
30.61,84.24,87.05,38.03,624.84,71.65,0,monsoon,2026-07-16T06:38:41.961634
29.28,86.41,76.91,16.07,862.28,67.31,0,monsoon,2026-07-16T06:46:41.961634
28.86,86.47,55.12,16.22,891.69,40.35,0,monsoon,2026-07-16T06:54:41.961634
27.81,77.83,58.88,18.38,360.12,53.65,0,monsoon,2026-07-16T07:02:41.961634
26.59,82.17,90.28,42.39,833.01,41.64,1,monsoon,2026-07-16T07:10:41.961634
29.95,84.88,66.98,15.56,619.28,77.29,0,monsoon,2026-07-16T07:18:41.961634
27.53,84.94,68.1,44.58,396.94,76.95,0,monsoon,2026-07-16T07:26:41.961634
26.0,84.95,63.54,40.85,940.53,63.75,0,monsoon,2026-07-16T07:34:41.961634
30.38,81.05,55.02,19.01,634.6,45.38,1,monsoon,2026-07-16T07:42:41.961634
31.47,87.96,85.78,60.58,938.26,69.82,0,monsoon,2026-07-16T07:50:41.961634
31.22,78.21,56.83,37.2,460.44,52.02,0,monsoon,2026-07-16T07:58:41.961634
26.08,73.8,56.25,45.47,519.86,74.52,1,monsoon,2026-07-16T08:06:41.961634
29.08,73.49,64.95,19.65,940.52,43.74,1,monsoon,2026-07-16T08:14:41.961634
27.04,80.62,93.01,31.71,586.84,73.54,0,monsoon,2026-07-16T08:22:41.961634
27.52,82.52,76.37,34.18,644.49,56.61,0,monsoon,2026-07-16T08:30:41.961634
30.2,76.52,79.14,47.67,494.66,57.77,0,monsoon,2026-07-16T08:38:41.961634
46.34,43.52261213173503,51.98,48.87,415.75,91.3050842821716,1,monsoon,2026-07-16T08:46:41.961634
31.16,86.12,74.32,36.18,345.14,64.96,0,monsoon,2026-07-16T08:54:41.961634
30.09,85.28,86.26,42.6,551.67,55.84,1,monsoon,2026-07-16T09:02:41.961634
26.34,77.3,81.52,28.21,754.84,60.31,1,monsoon,2026-07-16T09:10:41.961634
31.0,83.72,57.76,32.85,940.22,54.27,0,monsoon,2026-07-16T09:18:41.961634
30.37,74.11,56.13,41.51,480.54,57.59,0,monsoon,2026-07-16T09:26:41.961634
31.21,83.19,68.79,28.88,744.34,44.67,1,monsoon,2026-07-16T09:34:41.961634
28.45,76.37,71.24,31.66,496.47,49.29,0,monsoon,2026-07-16T09:42:41.961634
28.66,75.09,55.04,33.92,820.48,63.12,0,monsoon,2026-07-16T09:50:41.961634
26.47,75.59,71.49,38.08,552.8,42.23,0,monsoon,2026-07-16T09:58:41.961634
31.68,74.49,86.83,28.63,690.49,37.44,0,monsoon,2026-07-16T10:06:41.961634
26.95,74.25,53.5,58.25,328.22,44.32,0,monsoon,2026-07-16T10:14:41.961634
15.2,46.418464822098045,63.22,55.57,313.36,66.1862742303182,0,monsoon,2026-07-16T10:22:41.961634
28.95,75.67,88.06,25.73,831.97,72.44,1,monsoon,2026-07-16T10:30:41.961634
31.9,73.6,66.33,51.63,620.63,47.04,0,monsoon,2026-07-16T10:38:41.961634
28.47,73.14,92.47,43.33,898.27,60.79,0,monsoon,2026-07-16T10:46:41.961634
28.43,87.81,76.96,27.69,607.99,25.44,0,monsoon,2026-07-16T10:54:41.961634
28.58,86.03,59.2,50.19,659.88,29.16,0,monsoon,2026-07-16T11:02:41.961634
29.12,80.79,82.02,12.38,438.3,49.63,1,monsoon,2026-07-16T11:10:41.961634
30.77,85.28,64.82,47.32,824.37,41.65,0,monsoon,2026-07-16T11:18:41.961634
13.59,37.18864740272613,78.24,23.27,817.05,111.66025068900294,0,monsoon,2026-07-16T11:26:41.961634
30.26,80.86,73.28,49.8,346.84,84.95,0,monsoon,2026-07-16T11:34:41.961634
29.17,87.42,86.08,31.44,312.71,69.46,1,monsoon,2026-07-16T11:42:41.961634
27.18,72.04,66.41,29.04,384.54,36.94,0,monsoon,2026-07-16T11:50:41.961634
28.04,86.62,52.67,21.75,770.24,56.3,0,monsoon,2026-07-16T11:58:41.961634
31.71,78.99,65.9,59.67,767.09,45.88,1,monsoon,2026-07-16T12:06:41.961634
27.6,78.58,85.78,19.88,799.99,31.15,1,monsoon,2026-07-16T12:14:41.961634
28.86,74.54,62.21,17.61,692.31,42.72,0,monsoon,2026-07-16T12:22:41.961634
28.04,73.65,67.63,12.57,885.58,72.92,0,monsoon,2026-07-16T12:30:41.961634
28.71,77.17,47.79,57.98,376.11,33.05,0,monsoon,2026-07-16T12:38:41.961634
26.0,72.26,92.3,36.7,797.8,31.66,0,monsoon,2026-07-16T12:46:41.961634
26.02,78.6,89.0,50.53,619.3,67.54,0,monsoon,2026-07-16T12:54:41.961634
30.49,75.73,52.34,59.09,808.7,47.61,1,monsoon,2026-07-16T13:02:41.961634
31.04,74.33,56.27,43.0,933.05,82.68,1,monsoon,2026-07-16T13:10:41.961634
27.14,80.19,80.6,21.23,631.97,75.23,0,monsoon,2026-07-16T13:18:41.961634
27.67,83.07,86.87,32.4,712.68,38.64,0,monsoon,2026-07-16T13:26:41.961634
27.94,77.05,59.06,48.52,703.85,81.2,0,monsoon,2026-07-16T13:34:41.961634
28.21,80.63,80.41,44.42,666.4,41.67,0,monsoon,2026-07-16T13:42:41.961634
31.13,86.9,77.57,32.19,475.92,65.18,1,monsoon,2026-07-16T13:50:41.961634
30.26,80.81,83.6,33.44,913.62,56.36,1,monsoon,2026-07-16T13:58:41.961634
29.03,82.52,66.13,40.53,410.31,76.84,0,monsoon,2026-07-16T14:06:41.961634
30.97,87.5,71.29,58.64,865.59,65.43,0,monsoon,2026-07-16T14:14:41.961634
30.17,82.72,74.09,36.2,515.91,37.8,0,monsoon,2026-07-16T14:22:41.961634
28.66,87.71,73.34,11.57,383.03,55.8,0,monsoon,2026-07-16T14:30:41.961634
29.92,72.9,50.24,37.95,934.29,27.87,0,monsoon,2026-07-16T14:38:41.961634
31.58,86.13,87.52,54.27,910.77,44.29,0,monsoon,2026-07-16T14:46:41.961634
31.96,80.88,56.87,38.87,602.29,41.36,0,monsoon,2026-07-16T14:54:41.961634
44.93,44.36788895990265,65.11,50.45,673.53,84.88930792533887,0,monsoon,2026-07-16T15:02:41.961634
30.36,75.97,70.65,53.42,328.26,42.99,0,monsoon,2026-07-16T15:10:41.961634
30.01,77.34,77.83,35.71,816.25,49.81,0,monsoon,2026-07-16T15:18:41.961634
27.06,77.86,73.83,24.43,499.32,47.36,1,monsoon,2026-07-16T15:26:41.961634
29.69,86.55,80.56,25.94,845.15,63.05,1,monsoon,2026-07-16T15:34:41.961634
31.91,83.9,57.06,20.04,618.59,34.04,1,monsoon,2026-07-16T15:42:41.961634
26.11,75.79,63.7,27.56,725.64,40.56,0,monsoon,2026-07-16T15:50:41.961634
31.14,73.06,79.48,59.3,935.49,66.75,0,monsoon,2026-07-16T15:58:41.961634
12.11,50.897016998944366,56.16,25.89,377.19,88.29674349618963,0,monsoon,2026-07-16T16:06:41.961634
29.79,79.32,73.1,47.63,659.14,30.34,0,monsoon,2026-07-16T16:14:41.961634
31.35,77.01,80.51,35.7,784.01,38.81,1,monsoon,2026-07-16T16:22:41.961634
26.1,72.91,67.59,34.61,491.89,33.33,0,monsoon,2026-07-16T16:30:41.961634
31.06,84.96,89.5,25.58,590.47,50.95,1,monsoon,2026-07-16T16:38:41.961634
28.27,75.17,73.17,53.54,611.26,74.63,0,monsoon,2026-07-16T16:46:41.961634
31.43,86.03,70.05,29.9,876.37,40.85,0,monsoon,2026-07-16T16:54:41.961634
26.59,87.09,57.62,41.95,639.87,57.83,0,monsoon,2026-07-16T17:02:41.961634
27.93,74.69,69.55,49.88,440.41,33.79,1,monsoon,2026-07-16T17:10:41.961634
27.0,76.14,58.19,62.53,431.04,79.14,1,monsoon,2026-07-16T17:18:41.961634
29.5,79.94,67.44,40.22,355.9,79.97,0,monsoon,2026-07-16T17:26:41.961634
30.99,84.34,88.96,9.86,610.53,40.94,0,monsoon,2026-07-16T17:34:41.961634
29.98,82.11,69.67,42.55,912.06,80.86,0,monsoon,2026-07-16T17:42:41.961634
30.97,80.54,75.47,30.09,560.06,37.04,1,monsoon,2026-07-16T17:50:41.961634
30.53,86.94,61.17,23.7,371.63,71.76,1,monsoon,2026-07-16T17:58:41.961634
26.52,75.32,54.57,23.71,953.93,28.15,0,monsoon,2026-07-16T18:06:41.961634
27.77,86.68,68.92,25.3,537.62,81.62,0,monsoon,2026-07-16T18:14:41.961634
30.69,76.6,63.03,42.26,832.51,72.93,0,monsoon,2026-07-16T18:22:41.961634
31.42,79.07,81.03,24.75,657.68,81.48,0,monsoon,2026-07-16T18:30:41.961634
29.77,74.16,51.03,34.43,314.81,34.62,0,monsoon,2026-07-16T18:38:41.961634
27.19,81.91,75.52,54.49,429.95,84.82,1,monsoon,2026-07-16T18:46:41.961634
29.51,81.77,62.66,53.51,509.8,60.02,0,monsoon,2026-07-16T18:54:41.961634
23.86,100.0,66.7,33.98,34.77,49.29,1,monsoon,2026-07-16T19:02:41.961634
24.48,93.83,85.81,25.23,36.58,83.77,0,monsoon,2026-07-16T19:10:41.961634
25.95,89.68,56.31,51.82,49.93,78.35,1,monsoon,2026-07-16T19:18:41.961634
10.8,47.72711942560464,53.05,31.34,20.81,68.76839421529708,0,monsoon,2026-07-16T19:26:41.961634
26.39,89.39,68.92,60.66,16.96,26.41,0,monsoon,2026-07-16T19:34:41.961634
24.05,90.04,62.43,43.71,42.58,56.87,0,monsoon,2026-07-16T19:42:41.961634
25.76,98.49,90.4,28.55,5.11,73.02,0,monsoon,2026-07-16T19:50:41.961634
22.95,100.0,71.47,30.83,26.61,62.67,0,monsoon,2026-07-16T19:58:41.961634
21.81,88.35,73.63,19.97,29.5,67.71,0,monsoon,2026-07-16T20:06:41.961634
21.22,91.62,83.2,16.24,20.19,34.35,1,monsoon,2026-07-16T20:14:41.961634
22.5,98.66,78.62,44.66,44.48,38.13,0,monsoon,2026-07-16T20:22:41.961634
23.68,100.0,71.73,13.13,13.57,55.15,1,monsoon,2026-07-16T20:30:41.961634
26.97,88.75,71.16,42.44,32.77,28.39,0,monsoon,2026-07-16T20:38:41.961634
24.16,94.11,76.68,39.89,44.82,34.61,0,monsoon,2026-07-16T20:46:41.961634
25.58,93.11,65.46,63.64,14.8,47.84,1,monsoon,2026-07-16T20:54:41.961634
26.1,100.0,62.88,47.09,24.53,77.55,0,monsoon,2026-07-16T21:02:41.961634
24.51,93.33,67.33,35.17,16.42,50.2,0,monsoon,2026-07-16T21:10:41.961634
24.54,87.18,89.58,14.16,32.68,28.49,1,monsoon,2026-07-16T21:18:41.961634
21.03,93.24,68.58,55.77,3.67,65.25,0,monsoon,2026-07-16T21:26:41.961634
22.79,97.1,67.68,42.12,43.14,53.59,0,monsoon,2026-07-16T21:34:41.961634
24.82,94.52,64.25,54.89,39.22,29.44,1,monsoon,2026-07-16T21:42:41.961634
41.41,63.37932191202621,57.27,47.15,3.71,98.48447116551822,1,monsoon,2026-07-16T21:50:41.961634
25.08,87.67,63.63,28.21,42.76,50.29,0,monsoon,2026-07-16T21:58:41.961634
25.25,97.31,69.07,52.23,21.08,46.49,0,monsoon,2026-07-16T22:06:41.961634
26.87,99.51,70.08,57.69,15.22,58.92,0,monsoon,2026-07-16T22:14:41.961634
26.06,99.51,81.36,27.58,8.85,54.51,0,monsoon,2026-07-16T22:22:41.961634
23.28,100.0,46.67,21.12,28.08,26.06,0,monsoon,2026-07-16T22:30:41.961634
24.87,100.0,62.6,38.05,7.77,41.95,1,monsoon,2026-07-16T22:38:41.961634
25.33,100.0,57.55,44.69,23.47,59.12,0,monsoon,2026-07-16T22:46:41.961634
24.9,99.54,64.39,46.0,18.16,36.67,1,monsoon,2026-07-16T22:54:41.961634
24.36,88.55,59.1,29.4,40.76,78.98,0,monsoon,2026-07-16T23:02:41.961634
25.26,97.73,62.61,9.59,36.34,75.0,0,monsoon,2026-07-16T23:10:41.961634
21.56,94.31,54.22,23.47,24.03,71.78,0,monsoon,2026-07-16T23:18:41.961634
26.07,94.25,90.73,43.05,41.62,59.7,0,monsoon,2026-07-16T23:26:41.961634
25.92,99.94,75.68,40.58,41.71,69.79,0,monsoon,2026-07-16T23:34:41.961634
40.69,55.54280888083862,54.22,41.95,11.41,83.90192716927504,0,monsoon,2026-07-16T23:42:41.961634
26.59,100.0,59.77,41.88,17.46,76.23,0,monsoon,2026-07-16T23:50:41.961634
22.78,100.0,82.8,37.5,32.61,65.77,1,monsoon,2026-07-16T23:58:41.961634
22.76,88.58,82.12,29.6,4.52,82.69,0,monsoon,2026-07-17T00:06:41.961634
22.21,89.28,56.16,15.03,42.71,83.2,0,monsoon,2026-07-17T00:14:41.961634
26.44,88.54,66.43,26.14,7.45,49.07,1,monsoon,2026-07-17T00:22:41.961634
22.13,93.05,66.53,16.17,41.39,52.24,0,monsoon,2026-07-17T00:30:41.961634
21.26,87.16,90.02,53.9,15.26,41.26,0,monsoon,2026-07-17T00:38:41.961634
24.5,97.03,58.18,50.5,0.1,63.04,0,monsoon,2026-07-17T00:46:41.961634
22.31,88.08,81.03,15.87,36.77,71.15,0,monsoon,2026-07-17T00:54:41.961634
22.11,92.86,67.89,23.42,42.96,63.58,1,monsoon,2026-07-17T01:02:41.961634
23.77,88.43,70.74,54.17,6.55,32.11,1,monsoon,2026-07-17T01:10:41.961634
23.26,97.49,55.29,20.97,16.5,42.62,0,monsoon,2026-07-17T01:18:41.961634
26.18,92.86,93.66,22.9,22.41,48.17,0,monsoon,2026-07-17T01:26:41.961634
23.86,98.1,83.21,28.59,4.61,70.87,0,monsoon,2026-07-17T01:34:41.961634
22.66,93.21,70.65,63.54,48.98,70.65,0,monsoon,2026-07-17T01:42:41.961634
25.89,92.84,65.65,32.21,30.43,53.98,1,monsoon,2026-07-17T01:50:41.961634
26.98,97.46,56.19,17.51,22.59,34.21,0,monsoon,2026-07-17T01:58:41.961634
26.11,96.1,62.75,31.79,15.83,30.48,0,monsoon,2026-07-17T02:06:41.961634
23.1,88.44,81.65,53.11,40.42,43.34,0,monsoon,2026-07-17T02:14:41.961634
23.42,95.75,80.42,42.67,7.73,79.18,1,monsoon,2026-07-17T02:22:41.961634
21.09,91.65,85.99,58.84,0.3,47.74,0,monsoon,2026-07-17T02:30:41.961634
21.94,97.99,69.09,46.06,31.35,37.7,0,monsoon,2026-07-17T02:38:41.961634
21.83,100.0,51.59,51.23,36.49,80.8,0,monsoon,2026-07-17T02:46:41.961634
23.47,96.88,56.91,18.82,33.04,75.06,0,monsoon,2026-07-17T02:54:41.961634
26.93,87.01,57.94,41.54,4.51,76.93,0,monsoon,2026-07-17T03:02:41.961634
22.2,95.21,50.0,12.88,34.55,68.04,0,monsoon,2026-07-17T03:10:41.961634
23.19,96.64,57.41,54.72,49.57,45.01,0,monsoon,2026-07-17T03:18:41.961634
25.25,97.52,52.56,49.68,40.28,35.13,1,monsoon,2026-07-17T03:26:41.961634
21.12,91.23,61.9,30.51,33.03,44.07,0,monsoon,2026-07-17T03:34:41.961634
21.57,100.0,49.96,14.05,35.9,27.69,0,monsoon,2026-07-17T03:42:41.961634
24.1,95.72,64.13,38.02,33.69,36.73,0,monsoon,2026-07-17T03:50:41.961634
26.13,97.16,85.52,14.01,7.66,38.18,0,monsoon,2026-07-17T03:58:41.961634
25.99,92.49,53.26,51.47,15.18,81.54,0,monsoon,2026-07-17T04:06:41.961634
25.43,95.71,84.15,30.34,36.21,41.5,1,monsoon,2026-07-17T04:14:41.961634
26.15,94.18,56.04,23.31,45.71,28.89,0,monsoon,2026-07-17T04:22:41.961634
24.03,87.88,83.83,55.53,17.48,62.38,1,monsoon,2026-07-17T04:30:41.961634
21.11,97.0,51.71,53.18,7.99,81.17,0,monsoon,2026-07-17T04:38:41.961634
26.57,90.2,82.04,55.49,46.77,53.92,1,monsoon,2026-07-17T04:46:41.961634
25.97,95.78,67.23,60.06,40.0,50.93,0,monsoon,2026-07-17T04:54:41.961634
22.79,95.73,59.64,38.14,19.87,77.46,1,monsoon,2026-07-17T05:02:41.961634
23.96,91.97,55.2,36.02,48.7,57.05,0,monsoon,2026-07-17T05:10:41.961634
24.01,100.0,71.55,54.84,29.02,46.74,1,monsoon,2026-07-17T05:18:41.961634
25.61,99.9,60.45,59.44,40.03,40.14,0,monsoon,2026-07-17T05:26:41.961634
21.0,94.17,81.31,37.43,21.05,60.67,1,monsoon,2026-07-17T05:34:41.961634
25.31,98.84,61.27,14.56,48.2,39.95,1,monsoon,2026-07-17T05:42:41.961634
23.17,95.0,50.88,16.62,5.7,32.31,0,monsoon,2026-07-17T05:50:41.961634
25.13,98.49,89.9,44.31,14.82,43.58,1,monsoon,2026-07-17T05:58:41.961634
28.15,84.48,81.96,47.82,596.06,25.1,0,monsoon,2026-07-17T06:06:41.961634
30.83,76.97,55.61,20.06,527.03,56.58,0,monsoon,2026-07-17T06:14:41.961634
30.59,73.69,85.03,40.69,429.73,62.85,0,monsoon,2026-07-17T06:22:41.961634
27.29,76.25,79.87,57.5,967.65,34.46,0,monsoon,2026-07-17T06:30:41.961634
30.6,82.52,68.8,37.79,549.74,27.92,1,monsoon,2026-07-17T06:38:41.961634
28.83,83.35,64.89,38.51,538.48,64.21,0,monsoon,2026-07-17T06:46:41.961634
26.09,82.17,62.0,31.91,757.74,54.2,0,monsoon,2026-07-17T06:54:41.961634
14.64,38.92445878944934,89.22,23.16,589.41,69.0895617342781,1,monsoon,2026-07-17T07:02:41.961634
26.44,80.24,73.33,17.37,653.12,64.63,1,monsoon,2026-07-17T07:10:41.961634
31.76,78.68,69.73,41.01,968.31,53.27,0,monsoon,2026-07-17T07:18:41.961634
28.93,84.53,75.46,45.36,328.56,41.87,0,monsoon,2026-07-17T07:26:41.961634
30.89,75.74,78.51,13.46,325.61,42.63,0,monsoon,2026-07-17T07:34:41.961634
30.85,78.23,85.64,39.64,322.61,57.02,1,monsoon,2026-07-17T07:42:41.961634
26.5,73.72,62.2,37.97,940.28,43.07,0,monsoon,2026-07-17T07:50:41.961634
30.15,74.05,52.48,39.67,601.52,26.91,0,monsoon,2026-07-17T07:58:41.961634
31.01,73.12,82.47,14.0,564.41,84.27,1,monsoon,2026-07-17T08:06:41.961634
27.77,82.44,79.21,26.16,537.54,25.1,0,monsoon,2026-07-17T08:14:41.961634
27.48,77.1,52.62,56.26,748.2,41.97,0,monsoon,2026-07-17T08:22:41.961634
31.3,84.16,62.59,20.01,880.8,71.22,0,monsoon,2026-07-17T08:30:41.961634
31.66,81.84,69.48,17.14,874.67,75.08,0,monsoon,2026-07-17T08:38:41.961634
27.13,74.28,80.96,21.73,663.91,74.94,1,monsoon,2026-07-17T08:46:41.961634
31.59,82.99,54.55,25.7,643.16,60.98,0,monsoon,2026-07-17T08:54:41.961634
30.33,78.75,72.35,38.28,808.61,84.0,0,monsoon,2026-07-17T09:02:41.961634
30.82,73.08,52.88,31.86,491.75,61.12,0,monsoon,2026-07-17T09:10:41.961634
27.97,72.3,73.59,50.62,319.67,58.44,0,monsoon,2026-07-17T09:18:41.961634
31.9,87.03,73.89,11.7,692.89,66.48,0,monsoon,2026-07-17T09:26:41.961634
31.49,86.06,88.42,38.64,936.47,76.66,0,monsoon,2026-07-17T09:34:41.961634
31.57,72.76,53.31,53.96,555.37,70.31,0,monsoon,2026-07-17T09:42:41.961634
26.51,75.65,79.53,62.03,423.57,28.94,0,monsoon,2026-07-17T09:50:41.961634
29.44,74.23,58.4,51.92,512.23,35.86,1,monsoon,2026-07-17T09:58:41.961634
28.1,80.57,57.57,49.0,379.08,56.85,0,monsoon,2026-07-17T10:06:41.961634
27.35,81.48,58.15,50.99,356.38,48.88,0,monsoon,2026-07-17T10:14:41.961634
31.1,72.31,65.93,47.17,633.89,27.3,1,monsoon,2026-07-17T10:22:41.961634
26.85,87.75,56.95,54.53,872.99,74.66,1,monsoon,2026-07-17T10:30:41.961634
27.44,77.75,72.93,19.05,340.82,81.71,1,monsoon,2026-07-17T10:38:41.961634
28.69,85.22,72.18,53.68,791.23,54.5,0,monsoon,2026-07-17T10:46:41.961634
31.9,84.92,91.64,29.45,824.77,62.63,0,monsoon,2026-07-17T10:54:41.961634
27.24,83.36,54.81,27.31,914.51,39.95,0,monsoon,2026-07-17T11:02:41.961634
31.28,79.4,61.66,50.13,621.62,46.94,0,monsoon,2026-07-17T11:10:41.961634
31.48,86.06,65.13,59.9,879.48,52.32,0,monsoon,2026-07-17T11:18:41.961634
31.73,81.81,49.71,22.66,650.66,33.64,0,monsoon,2026-07-17T11:26:41.961634
27.18,80.3,70.28,55.47,443.47,68.08,1,monsoon,2026-07-17T11:34:41.961634
28.43,74.86,85.64,54.53,643.75,41.84,1,monsoon,2026-07-17T11:42:41.961634
31.61,75.05,88.56,21.15,651.56,76.52,1,monsoon,2026-07-17T11:50:41.961634
29.16,77.82,69.63,16.71,534.74,37.25,0,monsoon,2026-07-17T11:58:41.961634
31.02,77.72,78.87,50.42,479.4,41.8,0,monsoon,2026-07-17T12:06:41.961634
30.18,75.93,85.01,28.4,639.52,46.44,0,monsoon,2026-07-17T12:14:41.961634
29.18,83.62,54.21,39.65,304.97,27.94,0,monsoon,2026-07-17T12:22:41.961634
28.72,72.03,69.61,59.05,570.71,27.47,0,monsoon,2026-07-17T12:30:41.961634
31.02,87.03,49.92,36.56,942.68,53.96,0,monsoon,2026-07-17T12:38:41.961634
29.14,73.26,83.67,22.13,968.5,76.93,1,monsoon,2026-07-17T12:46:41.961634
13.260000000000002,53.39537628175394,67.7,27.91,945.72,103.21550063595538,0,monsoon,2026-07-17T12:54:41.961634
28.72,83.73,89.94,42.14,528.14,34.78,0,monsoon,2026-07-17T13:02:41.961634
29.0,78.22,80.52,49.93,345.46,80.55,0,monsoon,2026-07-17T13:10:41.961634
26.52,82.04,81.39,43.09,392.09,49.38,0,monsoon,2026-07-17T13:18:41.961634
31.53,87.81,56.4,19.54,604.36,30.13,0,monsoon,2026-07-17T13:26:41.961634
26.22,73.98,66.41,40.06,753.34,66.0,0,monsoon,2026-07-17T13:34:41.961634
29.72,84.0,67.7,53.99,891.43,63.75,0,monsoon,2026-07-17T13:42:41.961634
28.06,86.28,89.2,11.54,473.01,51.38,0,monsoon,2026-07-17T13:50:41.961634
30.52,85.26,63.15,30.81,412.68,84.05,1,monsoon,2026-07-17T13:58:41.961634
28.7,84.32,70.6,42.81,545.9,32.89,0,monsoon,2026-07-17T14:06:41.961634
27.92,84.5,57.87,40.96,326.59,44.17,1,monsoon,2026-07-17T14:14:41.961634
28.63,85.53,56.64,59.27,878.16,54.72,0,monsoon,2026-07-17T14:22:41.961634
30.14,72.77,72.62,36.3,822.91,52.94,0,monsoon,2026-07-17T14:30:41.961634
31.18,74.39,52.74,38.43,818.81,55.65,0,monsoon,2026-07-17T14:38:41.961634
26.6,86.05,63.33,28.75,347.61,65.99,0,monsoon,2026-07-17T14:46:41.961634
31.71,72.81,70.95,14.64,436.25,31.86,0,monsoon,2026-07-17T14:54:41.961634
45.480000000000004,43.524480109822385,58.0,19.65,713.83,86.37245914356137,1,monsoon,2026-07-17T15:02:41.961634
31.65,77.13,67.34,25.77,954.27,76.8,0,monsoon,2026-07-17T15:10:41.961634
29.75,85.18,87.66,26.91,560.38,60.79,0,monsoon,2026-07-17T15:18:41.961634
26.34,79.59,81.12,31.87,631.82,58.48,0,monsoon,2026-07-17T15:26:41.961634
31.18,72.6,53.24,8.54,389.63,55.96,0,monsoon,2026-07-17T15:34:41.961634
31.33,74.95,73.03,28.94,937.92,71.51,0,monsoon,2026-07-17T15:42:41.961634
29.3,77.13,63.39,28.85,393.16,51.83,0,monsoon,2026-07-17T15:50:41.961634
31.91,86.78,57.75,42.21,922.83,74.64,1,monsoon,2026-07-17T15:58:41.961634
26.76,81.97,54.12,46.15,771.05,51.17,0,monsoon,2026-07-17T16:06:41.961634
30.34,82.06,53.79,12.99,495.38,36.05,0,monsoon,2026-07-17T16:14:41.961634
29.18,73.55,75.12,37.44,484.99,48.91,1,monsoon,2026-07-17T16:22:41.961634
27.14,74.48,58.47,53.14,668.34,43.66,0,monsoon,2026-07-17T16:30:41.961634
27.11,73.16,80.64,23.44,843.0,44.12,0,monsoon,2026-07-17T16:38:41.961634
29.89,85.51,76.91,60.31,847.08,72.04,0,monsoon,2026-07-17T16:46:41.961634
31.25,74.37,56.03,25.24,666.1,44.08,1,monsoon,2026-07-17T16:54:41.961634
28.94,72.34,78.01,12.83,789.5,80.76,0,monsoon,2026-07-17T17:02:41.961634
29.49,87.25,70.4,23.9,725.65,53.27,0,monsoon,2026-07-17T17:10:41.961634
29.08,82.52,75.62,47.97,947.0,64.88,1,monsoon,2026-07-17T17:18:41.961634
29.37,76.15,78.94,23.56,978.11,83.28,0,monsoon,2026-07-17T17:26:41.961634
42.739999999999995,54.19202791486252,79.61,49.85,984.7,68.08903070658212,0,monsoon,2026-07-17T17:34:41.961634
27.22,82.98,90.25,43.4,449.18,37.54,0,monsoon,2026-07-17T17:42:41.961634
28.55,87.84,52.21,58.14,580.35,46.72,0,monsoon,2026-07-17T17:50:41.961634
31.05,72.81,46.09,51.83,374.02,78.7,1,monsoon,2026-07-17T17:58:41.961634
29.21,78.05,86.7,23.2,439.71,33.35,1,monsoon,2026-07-17T18:06:41.961634
27.55,81.16,82.46,41.75,983.12,25.01,0,monsoon,2026-07-17T18:14:41.961634
26.05,80.03,85.11,37.1,852.9,26.43,0,monsoon,2026-07-17T18:22:41.961634
29.68,80.51,77.32,26.45,804.13,52.25,0,monsoon,2026-07-17T18:30:41.961634
31.4,81.01,62.82,44.04,389.1,30.65,0,monsoon,2026-07-17T18:38:41.961634
26.23,75.07,74.88,36.73,587.19,71.42,0,monsoon,2026-07-17T18:46:41.961634
29.77,85.14,86.37,29.46,345.78,77.75,1,monsoon,2026-07-17T18:54:41.961634
23.99,100.0,64.22,40.33,7.55,54.98,0,monsoon,2026-07-17T19:02:41.961634
23.68,88.9,55.43,27.68,39.74,71.44,0,monsoon,2026-07-17T19:10:41.961634
23.58,88.39,71.93,40.32,2.43,65.11,0,monsoon,2026-07-17T19:18:41.961634
24.99,89.03,77.18,30.67,26.11,25.82,0,monsoon,2026-07-17T19:26:41.961634
23.33,95.63,81.89,56.68,6.54,49.76,1,monsoon,2026-07-17T19:34:41.961634
26.95,100.0,66.24,59.74,35.47,64.31,0,monsoon,2026-07-17T19:42:41.961634
25.86,94.21,46.13,50.85,17.15,70.42,1,monsoon,2026-07-17T19:50:41.961634
23.93,100.0,60.36,52.55,46.95,30.53,0,monsoon,2026-07-17T19:58:41.961634
22.7,88.6,73.84,30.7,27.17,84.11,0,monsoon,2026-07-17T20:06:41.961634
21.92,90.62,70.78,46.07,49.39,73.8,0,monsoon,2026-07-17T20:14:41.961634
24.37,92.66,71.83,27.24,43.76,36.65,0,monsoon,2026-07-17T20:22:41.961634
21.93,100.0,73.72,37.96,9.38,82.37,0,monsoon,2026-07-17T20:30:41.961634
10.350000000000001,63.012710726575094,86.67,12.64,47.74,89.1633668732672,0,monsoon,2026-07-17T20:38:41.961634
21.27,88.18,79.53,36.2,44.42,31.48,0,monsoon,2026-07-17T20:46:41.961634
24.31,89.16,83.07,34.55,42.85,68.02,0,monsoon,2026-07-17T20:54:41.961634
26.61,100.0,72.85,53.11,35.71,29.94,0,monsoon,2026-07-17T21:02:41.961634
26.63,100.0,72.71,30.02,45.11,78.32,0,monsoon,2026-07-17T21:10:41.961634
24.79,100.0,76.11,58.06,33.84,67.27,0,monsoon,2026-07-17T21:18:41.961634
24.96,89.15,60.98,17.12,35.17,69.71,0,monsoon,2026-07-17T21:26:41.961634
25.43,94.47,72.45,41.54,24.64,83.12,0,monsoon,2026-07-17T21:34:41.961634
24.28,96.15,61.8,22.13,23.86,74.1,0,monsoon,2026-07-17T21:42:41.961634
26.63,100.0,72.44,28.94,34.19,47.81,0,monsoon,2026-07-17T21:50:41.961634
24.14,100.0,65.21,26.29,8.85,33.71,0,monsoon,2026-07-17T21:58:41.961634
25.41,95.92,93.54,55.64,10.77,40.97,0,monsoon,2026-07-17T22:06:41.961634
22.09,100.0,64.13,23.22,48.18,25.07,1,monsoon,2026-07-17T22:14:41.961634
25.07,98.57,50.09,44.72,37.87,71.35,0,monsoon,2026-07-17T22:22:41.961634
22.85,97.02,68.86,56.81,41.2,33.07,1,monsoon,2026-07-17T22:30:41.961634
21.92,100.0,69.66,13.99,6.57,56.71,0,monsoon,2026-07-17T22:38:41.961634
21.44,100.0,52.12,18.13,10.18,68.65,0,monsoon,2026-07-17T22:46:41.961634
22.51,100.0,87.38,24.17,38.99,26.87,0,monsoon,2026-07-17T22:54:41.961634
25.1,90.94,89.59,51.75,47.31,37.43,0,monsoon,2026-07-17T23:02:41.961634
25.77,91.13,71.29,40.99,28.95,62.37,0,monsoon,2026-07-17T23:10:41.961634
23.04,89.43,55.3,31.2,9.19,33.01,0,monsoon,2026-07-17T23:18:41.961634
23.46,100.0,88.22,35.35,15.46,84.34,0,monsoon,2026-07-17T23:26:41.961634
24.37,94.03,82.84,41.02,22.13,56.38,0,monsoon,2026-07-17T23:34:41.961634
26.75,95.25,66.6,26.99,41.72,34.45,0,monsoon,2026-07-17T23:42:41.961634
21.24,92.16,85.5,44.3,7.51,45.93,1,monsoon,2026-07-17T23:50:41.961634
24.46,94.81,73.71,48.44,27.61,50.78,0,monsoon,2026-07-17T23:58:41.961634
24.82,99.58,69.74,45.36,1.63,81.13,0,monsoon,2026-07-18T00:06:41.961634
21.82,100.0,57.63,14.71,16.86,44.96,0,monsoon,2026-07-18T00:14:41.961634
21.7,95.65,55.45,15.07,49.98,47.48,0,monsoon,2026-07-18T00:22:41.961634
24.71,94.05,85.94,26.05,11.8,31.31,0,monsoon,2026-07-18T00:30:41.961634
23.17,99.16,76.09,20.86,19.13,34.37,0,monsoon,2026-07-18T00:38:41.961634
10.43,62.00813150289693,75.15,60.53,20.1,105.89613978488384,0,monsoon,2026-07-18T00:46:41.961634
22.18,100.0,87.08,24.12,34.56,39.27,0,monsoon,2026-07-18T00:54:41.961634
21.72,95.97,62.72,39.29,12.36,67.07,0,monsoon,2026-07-18T01:02:41.961634
21.33,95.41,75.16,53.27,1.82,41.71,0,monsoon,2026-07-18T01:10:41.961634
26.15,100.0,72.9,28.78,15.38,39.93,0,monsoon,2026-07-18T01:18:41.961634
21.23,97.16,82.28,31.09,28.92,60.57,0,monsoon,2026-07-18T01:26:41.961634
24.11,87.24,53.25,46.05,46.45,67.98,0,monsoon,2026-07-18T01:34:41.961634
26.27,87.56,76.78,38.48,40.18,52.77,0,monsoon,2026-07-18T01:42:41.961634
22.53,90.0,70.71,22.21,41.01,29.1,0,monsoon,2026-07-18T01:50:41.961634
12.07,68.69,23.08,2.09,36.7,43.82,0,winter,2026-07-18T01:58:41.961634
10.6,68.38,23.07,0.63,41.39,77.86,0,winter,2026-07-18T02:06:41.961634
9.58,73.18,21.42,6.18,43.13,70.8,0,winter,2026-07-18T02:14:41.961634
10.04,65.1,28.53,5.05,3.04,58.15,0,winter,2026-07-18T02:22:41.961634
12.21,62.47,44.18,0.21,32.49,51.18,0,winter,2026-07-18T02:30:41.961634
11.81,64.37,26.25,3.68,26.09,84.58,0,winter,2026-07-18T02:38:41.961634
9.06,70.74,31.16,3.47,15.05,75.98,0,winter,2026-07-18T02:46:41.961634
9.43,75.04,37.15,0.0,5.88,39.72,0,winter,2026-07-18T02:54:41.961634
10.23,66.9,18.89,0.0,19.8,34.69,0,winter,2026-07-18T03:02:41.961634
10.52,77.24,32.95,0.85,0.91,69.07,0,winter,2026-07-18T03:10:41.961634
14.58,67.45,28.4,1.98,25.41,66.21,0,winter,2026-07-18T03:18:41.961634
13.33,69.45,41.76,0.0,43.69,72.21,0,winter,2026-07-18T03:26:41.961634
14.75,64.89,46.4,1.76,44.82,36.58,0,winter,2026-07-18T03:34:41.961634
14.67,75.4,39.57,2.91,12.56,31.04,0,winter,2026-07-18T03:42:41.961634
11.66,71.15,32.24,5.17,17.5,31.98,0,winter,2026-07-18T03:50:41.961634
10.8,76.91,23.44,2.25,6.7,58.21,0,winter,2026-07-18T03:58:41.961634
10.91,66.62,37.55,1.83,31.7,39.89,1,winter,2026-07-18T04:06:41.961634
9.32,77.35,33.34,5.87,27.25,56.67,0,winter,2026-07-18T04:14:41.961634
10.34,69.09,44.87,0.0,14.19,27.01,0,winter,2026-07-18T04:22:41.961634
12.07,66.0,37.95,0.0,27.42,78.13,0,winter,2026-07-18T04:30:41.961634
11.68,71.04,42.02,0.0,47.2,74.11,0,winter,2026-07-18T04:38:41.961634
9.87,75.77,25.38,4.52,2.84,33.83,1,winter,2026-07-18T04:46:41.961634
14.55,67.39,40.5,0.0,7.15,58.46,0,winter,2026-07-18T04:54:41.961634
9.91,76.79,34.67,0.0,1.94,44.43,0,winter,2026-07-18T05:02:41.961634
12.75,74.45,30.36,4.76,9.89,52.81,0,winter,2026-07-18T05:10:41.961634
10.67,71.3,36.29,5.27,37.41,26.86,0,winter,2026-07-18T05:18:41.961634
10.66,73.62,24.48,2.32,37.63,50.63,0,winter,2026-07-18T05:26:41.961634
12.86,69.06,36.86,0.68,26.6,76.07,0,winter,2026-07-18T05:34:41.961634
9.66,70.59,41.15,3.37,9.31,74.42,0,winter,2026-07-18T05:42:41.961634
14.26,63.97,38.84,0.0,17.04,47.2,0,winter,2026-07-18T05:50:41.961634
14.25,63.54,29.01,1.12,13.14,51.49,0,winter,2026-07-18T05:58:41.961634
24.91,42.4,29.88,0.74,606.13,48.44,1,winter,2026-07-18T06:06:41.961634
21.96,46.2,20.68,0.0,905.39,58.07,0,winter,2026-07-18T06:14:41.961634
21.08,40.53,32.28,2.82,865.62,42.36,0,winter,2026-07-18T06:22:41.961634
24.15,52.27,26.97,2.68,884.53,27.58,0,winter,2026-07-18T06:30:41.961634
19.34,42.4,24.76,3.53,606.59,84.25,0,winter,2026-07-18T06:38:41.961634
21.31,45.49,35.04,5.86,813.59,83.06,0,winter,2026-07-18T06:46:41.961634
19.47,48.04,21.91,0.04,502.62,54.33,0,winter,2026-07-18T06:54:41.961634
19.49,52.95,27.38,1.48,902.58,74.54,1,winter,2026-07-18T07:02:41.961634
20.95,40.99,43.92,0.0,434.69,71.59,0,winter,2026-07-18T07:10:41.961634
21.22,40.43,33.07,1.12,489.94,37.01,0,winter,2026-07-18T07:18:41.961634
20.41,51.98,26.07,1.53,803.84,54.35,0,winter,2026-07-18T07:26:41.961634
23.67,44.9,41.34,5.05,785.7,71.16,0,winter,2026-07-18T07:34:41.961634
22.57,43.73,38.96,4.92,595.41,77.73,0,winter,2026-07-18T07:42:41.961634
24.82,38.78,18.05,3.44,949.87,65.08,1,winter,2026-07-18T07:50:41.961634
20.51,37.75,33.09,5.85,702.46,77.07,0,winter,2026-07-18T07:58:41.961634
24.24,37.82,25.34,4.69,389.92,77.67,0,winter,2026-07-18T08:06:41.961634
22.72,38.1,44.13,2.06,460.05,63.34,0,winter,2026-07-18T08:14:41.961634
19.18,39.06,41.54,4.94,789.79,26.37,1,winter,2026-07-18T08:22:41.961634
20.38,44.88,30.41,0.0,967.92,30.08,1,winter,2026-07-18T08:30:41.961634
22.26,41.11,33.51,0.76,869.88,42.19,0,winter,2026-07-18T08:38:41.961634
23.11,45.05,34.97,3.79,786.7,52.54,0,winter,2026-07-18T08:46:41.961634
23.8,49.83,28.12,0.0,497.01,82.51,0,winter,2026-07-18T08:54:41.961634
21.67,37.95,37.07,5.8,344.86,59.34,0,winter,2026-07-18T09:02:41.961634
23.89,45.09,42.83,0.0,754.04,28.62,0,winter,2026-07-18T09:10:41.961634
22.88,38.68,44.69,3.79,563.86,52.26,0,winter,2026-07-18T09:18:41.961634
23.5,45.69,16.14,2.03,977.1,63.67,1,winter,2026-07-18T09:26:41.961634
21.03,42.96,33.55,1.53,894.9,40.74,0,winter,2026-07-18T09:34:41.961634
21.05,49.19,23.53,4.78,762.27,74.93,0,winter,2026-07-18T09:42:41.961634
22.51,38.74,30.92,0.0,601.22,41.29,0,winter,2026-07-18T09:50:41.961634
23.98,44.04,40.41,0.81,374.43,72.66,1,winter,2026-07-18T09:58:41.961634
21.23,52.81,21.22,4.91,641.47,26.45,0,winter,2026-07-18T10:06:41.961634
20.95,39.14,27.63,0.0,755.26,77.24,0,winter,2026-07-18T10:14:41.961634
20.59,51.87,21.83,1.43,908.32,77.3,1,winter,2026-07-18T10:22:41.961634
23.27,40.72,22.06,2.24,965.09,52.26,0,winter,2026-07-18T10:30:41.961634
21.5,44.83,17.77,5.3,624.14,68.9,0,winter,2026-07-18T10:38:41.961634
21.59,39.44,26.07,2.63,994.64,82.34,0,winter,2026-07-18T10:46:41.961634
23.87,50.93,30.35,5.57,376.66,53.36,0,winter,2026-07-18T10:54:41.961634
4.75,15.31482964106604,37.76,0.0,783.67,62.56996050851017,0,winter,2026-07-18T11:02:41.961634
23.38,49.94,33.63,0.31,506.47,50.14,0,winter,2026-07-18T11:10:41.961634
23.94,48.84,34.98,1.93,623.24,81.66,0,winter,2026-07-18T11:18:41.961634
19.33,52.75,41.77,4.91,873.63,26.3,1,winter,2026-07-18T11:26:41.961634
24.33,50.86,32.84,0.98,448.4,38.18,0,winter,2026-07-18T11:34:41.961634
22.28,51.22,31.36,3.97,593.1,41.77,0,winter,2026-07-18T11:42:41.961634
22.91,51.32,35.05,3.96,457.78,37.35,0,winter,2026-07-18T11:50:41.961634
21.26,46.12,40.37,2.16,658.97,33.42,0,winter,2026-07-18T11:58:41.961634
22.94,39.4,28.35,0.6,311.73,52.9,0,winter,2026-07-18T12:06:41.961634
23.32,52.06,31.71,4.61,718.87,62.0,1,winter,2026-07-18T12:14:41.961634
19.94,49.2,19.73,4.55,787.62,33.02,1,winter,2026-07-18T12:22:41.961634
21.1,44.93,42.34,0.43,799.85,79.43,0,winter,2026-07-18T12:30:41.961634
20.61,44.71,28.73,0.0,432.66,84.34,1,winter,2026-07-18T12:38:41.961634
21.64,38.84,24.1,1.51,581.48,36.95,0,winter,2026-07-18T12:46:41.961634
23.51,40.28,26.3,0.58,647.57,64.69,0,winter,2026-07-18T12:54:41.961634
19.41,49.27,39.22,0.53,709.42,36.37,0,winter,2026-07-18T13:02:41.961634
22.35,49.33,42.36,4.99,457.82,48.46,0,winter,2026-07-18T13:10:41.961634
22.68,50.21,47.49,2.25,655.62,80.53,0,winter,2026-07-18T13:18:41.961634
19.43,52.4,37.77,0.48,423.69,66.59,0,winter,2026-07-18T13:26:41.961634
24.71,52.56,34.58,3.93,598.73,64.23,1,winter,2026-07-18T13:34:41.961634
34.620000000000005,10.66067606825569,31.26,3.37,324.27,102.31049992158088,0,winter,2026-07-18T13:42:41.961634
20.59,45.42,27.87,0.0,905.46,36.39,0,winter,2026-07-18T13:50:41.961634
21.17,50.06,42.92,0.0,890.85,69.95,0,winter,2026-07-18T13:58:41.961634
22.23,40.49,23.98,0.5,498.7,36.43,0,winter,2026-07-18T14:06:41.961634
20.48,48.46,34.28,4.13,772.5,63.23,1,winter,2026-07-18T14:14:41.961634
23.06,37.63,44.06,0.88,416.12,71.29,0,winter,2026-07-18T14:22:41.961634
19.63,47.48,20.92,3.95,509.18,83.47,0,winter,2026-07-18T14:30:41.961634
23.63,53.0,24.52,4.68,892.84,37.15,1,winter,2026-07-18T14:38:41.961634
21.96,44.23,19.36,3.47,476.71,27.29,0,winter,2026-07-18T14:46:41.961634
19.42,45.45,26.71,3.42,443.0,59.33,0,winter,2026-07-18T14:54:41.961634
20.81,41.01,22.47,2.63,627.3,42.61,0,winter,2026-07-18T15:02:41.961634
21.97,51.21,43.57,0.22,462.92,57.47,0,winter,2026-07-18T15:10:41.961634
23.38,46.08,21.72,0.53,401.01,44.03,0,winter,2026-07-18T15:18:41.961634
22.31,49.95,24.8,0.0,896.92,58.98,0,winter,2026-07-18T15:26:41.961634
19.97,43.3,47.76,3.22,743.4,32.86,0,winter,2026-07-18T15:34:41.961634
19.53,40.76,41.45,3.83,955.1,71.13,0,winter,2026-07-18T15:42:41.961634
22.3,38.17,30.04,6.17,437.28,81.48,0,winter,2026-07-18T15:50:41.961634
20.64,52.22,26.98,5.85,610.74,27.58,0,winter,2026-07-18T15:58:41.961634
5.899999999999999,13.953233616142391,33.79,0.77,958.97,81.11967955007768,0,winter,2026-07-18T16:06:41.961634
22.77,51.48,35.12,1.51,457.8,63.85,0,winter,2026-07-18T16:14:41.961634
20.7,37.92,25.95,1.04,371.27,37.59,0,winter,2026-07-18T16:22:41.961634
22.36,52.66,28.07,4.71,652.78,35.18,0,winter,2026-07-18T16:30:41.961634
22.38,40.77,29.19,1.8,611.21,58.69,0,winter,2026-07-18T16:38:41.961634
6.82,6.210333237954515,32.57,5.36,672.36,91.79416280420598,0,winter,2026-07-18T16:46:41.961634
23.48,39.08,35.69,0.99,475.68,70.11,0,winter,2026-07-18T16:54:41.961634
21.98,39.45,28.14,4.64,909.41,74.17,1,winter,2026-07-18T17:02:41.961634
21.86,42.31,41.48,0.0,597.17,50.06,0,winter,2026-07-18T17:10:41.961634
22.97,47.68,18.48,3.03,751.02,50.88,0,winter,2026-07-18T17:18:41.961634
36.61,5.0,29.82,1.17,585.5,119.1207895651471,1,winter,2026-07-18T17:26:41.961634
23.68,50.66,22.03,4.18,444.49,67.67,0,winter,2026-07-18T17:34:41.961634
23.08,40.01,28.54,0.36,932.67,44.78,1,winter,2026-07-18T17:42:41.961634
20.32,46.62,32.44,0.0,586.74,29.24,0,winter,2026-07-18T17:50:41.961634
22.23,43.47,29.18,2.04,422.91,51.14,1,winter,2026-07-18T17:58:41.961634
19.37,47.61,29.52,0.38,498.55,25.38,0,winter,2026-07-18T18:06:41.961634
22.69,52.01,23.98,4.92,754.61,39.19,0,winter,2026-07-18T18:14:41.961634
22.08,52.98,38.37,3.07,842.85,58.95,0,winter,2026-07-18T18:22:41.961634
19.63,37.51,30.13,1.87,764.98,53.41,0,winter,2026-07-18T18:30:41.961634
37.730000000000004,14.174443387256247,24.47,0.0,764.42,114.70125255685322,0,winter,2026-07-18T18:38:41.961634
20.57,41.86,41.13,0.0,504.06,72.64,0,winter,2026-07-18T18:46:41.961634
23.73,39.07,38.13,2.54,742.69,56.2,1,winter,2026-07-18T18:54:41.961634
10.89,77.54,26.48,2.01,47.24,26.46,1,winter,2026-07-18T19:02:41.961634
14.95,70.16,24.76,4.39,45.95,82.29,1,winter,2026-07-18T19:10:41.961634
13.7,68.04,47.09,1.91,22.77,25.08,0,winter,2026-07-18T19:18:41.961634
11.75,71.95,40.65,4.41,2.89,71.83,0,winter,2026-07-18T19:26:41.961634
11.83,67.32,40.05,2.29,41.31,35.87,0,winter,2026-07-18T19:34:41.961634
10.69,69.19,25.14,0.33,5.68,50.81,0,winter,2026-07-18T19:42:41.961634
10.92,72.03,34.43,3.17,4.7,77.24,1,winter,2026-07-18T19:50:41.961634
10.86,72.94,22.94,3.74,9.96,84.2,0,winter,2026-07-18T19:58:41.961634
10.1,76.62,17.14,1.3,43.82,83.36,1,winter,2026-07-18T20:06:41.961634
9.22,71.1,34.03,4.56,36.44,39.39,0,winter,2026-07-18T20:14:41.961634
13.52,64.7,29.94,1.43,10.12,57.6,0,winter,2026-07-18T20:22:41.961634
10.25,66.28,28.22,4.48,18.09,63.01,0,winter,2026-07-18T20:30:41.961634
11.33,72.64,40.67,1.98,29.69,82.94,0,winter,2026-07-18T20:38:41.961634
14.38,69.19,48.85,0.18,16.9,71.0,0,winter,2026-07-18T20:46:41.961634
11.88,66.33,37.43,0.0,41.43,55.4,0,winter,2026-07-18T20:54:41.961634
14.27,68.86,20.31,3.04,20.39,75.84,0,winter,2026-07-18T21:02:41.961634
9.5,75.26,24.31,1.8,5.2,54.15,0,winter,2026-07-18T21:10:41.961634
12.35,71.77,43.19,6.65,4.15,67.8,0,winter,2026-07-18T21:18:41.961634
12.85,72.3,28.09,0.0,46.19,48.01,0,winter,2026-07-18T21:26:41.961634
9.34,63.73,19.57,1.93,47.25,84.53,0,winter,2026-07-18T21:34:41.961634
10.29,71.1,44.29,4.08,4.87,47.13,1,winter,2026-07-18T21:42:41.961634
9.86,64.95,21.77,1.82,2.61,64.65,0,winter,2026-07-18T21:50:41.961634
11.12,65.43,26.82,3.68,11.98,45.8,0,winter,2026-07-18T21:58:41.961634
10.4,66.16,38.27,4.53,22.89,75.76,0,winter,2026-07-18T22:06:41.961634
10.6,77.8,20.34,1.18,33.22,59.11,0,winter,2026-07-18T22:14:41.961634
27.810000000000002,28.846036674436967,36.05,3.94,5.9,85.23082647185642,0,winter,2026-07-18T22:22:41.961634
14.72,68.07,18.42,3.9,48.2,70.79,0,winter,2026-07-18T22:30:41.961634
12.4,62.71,25.8,2.43,19.52,43.1,0,winter,2026-07-18T22:38:41.961634
14.12,67.84,17.2,1.51,36.13,26.35,0,winter,2026-07-18T22:46:41.961634
11.03,77.83,29.72,4.94,24.18,71.81,1,winter,2026-07-18T22:54:41.961634
9.74,71.18,21.89,0.0,39.22,54.8,0,winter,2026-07-18T23:02:41.961634
11.73,67.47,27.13,2.7,39.02,32.46,0,winter,2026-07-18T23:10:41.961634
10.83,68.42,42.47,1.12,15.44,30.07,1,winter,2026-07-18T23:18:41.961634
13.72,62.86,44.58,0.11,15.48,78.43,0,winter,2026-07-18T23:26:41.961634
10.54,68.66,26.17,4.99,47.02,82.51,1,winter,2026-07-18T23:34:41.961634
14.57,70.02,39.38,4.58,39.32,63.63,0,winter,2026-07-18T23:42:41.961634
12.95,70.94,22.75,0.89,48.94,60.75,0,winter,2026-07-18T23:50:41.961634
13.84,75.01,25.58,3.23,34.93,50.04,0,winter,2026-07-18T23:58:41.961634
11.23,62.99,24.2,5.55,36.48,65.05,0,winter,2026-07-19T00:06:41.961634
10.13,74.23,25.69,4.76,44.69,77.44,0,winter,2026-07-19T00:14:41.961634
9.41,77.63,21.73,5.55,4.59,79.09,1,winter,2026-07-19T00:22:41.961634
14.0,72.59,22.7,3.65,17.93,70.87,0,winter,2026-07-19T00:30:41.961634
11.77,62.06,32.6,1.72,32.21,25.2,1,winter,2026-07-19T00:38:41.961634
9.23,70.63,31.74,5.05,43.59,75.19,0,winter,2026-07-19T00:46:41.961634
13.09,71.7,30.31,6.37,10.76,80.75,0,winter,2026-07-19T00:54:41.961634
13.8,69.38,38.0,2.58,21.51,53.22,0,winter,2026-07-19T01:02:41.961634
11.17,67.92,23.17,3.14,4.61,41.67,0,winter,2026-07-19T01:10:41.961634
10.38,71.75,20.39,5.28,29.69,70.68,0,winter,2026-07-19T01:18:41.961634
11.77,72.5,29.97,4.37,1.09,35.77,0,winter,2026-07-19T01:26:41.961634
10.72,76.65,43.44,3.46,48.83,50.25,0,winter,2026-07-19T01:34:41.961634
14.31,70.55,32.1,3.58,41.37,79.96,0,winter,2026-07-19T01:42:41.961634
10.78,62.62,31.37,3.29,38.1,28.22,1,winter,2026-07-19T01:50:41.961634
13.21,67.36,22.75,1.22,20.83,67.7,0,winter,2026-07-19T01:58:41.961634
14.67,62.29,19.91,1.33,35.65,50.5,0,winter,2026-07-19T02:06:41.961634
11.87,64.23,30.52,3.62,26.65,42.42,0,winter,2026-07-19T02:14:41.961634
9.48,66.14,27.25,3.5,39.85,37.13,0,winter,2026-07-19T02:22:41.961634
14.31,70.62,28.0,1.66,20.0,54.51,1,winter,2026-07-19T02:30:41.961634
13.19,63.07,24.49,0.8,42.78,79.92,0,winter,2026-07-19T02:38:41.961634
-4.5600000000000005,35.21413751227651,24.67,0.0,29.18,70.81500914518826,0,winter,2026-07-19T02:46:41.961634
9.46,69.3,24.46,4.92,47.05,79.25,1,winter,2026-07-19T02:54:41.961634
12.03,63.46,20.69,2.83,33.79,78.63,0,winter,2026-07-19T03:02:41.961634
9.92,72.16,23.63,2.5,33.7,25.5,1,winter,2026-07-19T03:10:41.961634
12.61,72.83,32.37,1.2,44.91,36.86,0,winter,2026-07-19T03:18:41.961634
10.37,65.17,38.65,1.24,16.95,72.34,0,winter,2026-07-19T03:26:41.961634
11.7,69.39,46.79,5.19,32.06,26.14,1,winter,2026-07-19T03:34:41.961634
10.78,67.01,33.5,3.48,6.96,78.65,1,winter,2026-07-19T03:42:41.961634
11.93,77.79,41.41,0.0,33.61,28.6,1,winter,2026-07-19T03:50:41.961634
9.67,74.33,38.84,1.21,48.81,69.75,0,winter,2026-07-19T03:58:41.961634
12.8,68.89,35.36,5.36,12.38,30.22,0,winter,2026-07-19T04:06:41.961634
12.21,65.8,24.48,3.5,32.04,84.81,0,winter,2026-07-19T04:14:41.961634
11.27,71.06,30.38,5.25,13.29,53.78,0,winter,2026-07-19T04:22:41.961634
9.57,67.78,27.29,1.07,18.32,43.56,1,winter,2026-07-19T04:30:41.961634
14.57,74.06,32.74,1.44,47.81,51.73,0,winter,2026-07-19T04:38:41.961634
13.55,69.24,27.58,4.01,17.93,64.03,0,winter,2026-07-19T04:46:41.961634
26.689999999999998,44.08484393795512,25.81,6.77,34.7,54.848224258072634,0,winter,2026-07-19T04:54:41.961634
12.79,70.87,39.83,3.78,29.91,49.04,0,winter,2026-07-19T05:02:41.961634
12.17,69.44,16.75,0.17,20.4,59.13,0,winter,2026-07-19T05:10:41.961634
12.52,74.16,45.55,0.0,21.62,69.89,0,winter,2026-07-19T05:18:41.961634
10.98,77.51,44.9,3.92,0.34,63.59,0,winter,2026-07-19T05:26:41.961634
13.03,76.59,35.17,2.44,47.04,40.63,1,winter,2026-07-19T05:34:41.961634
13.28,65.91,24.49,3.68,19.06,30.35,0,winter,2026-07-19T05:42:41.961634
11.65,72.68,46.58,1.28,43.93,71.45,0,winter,2026-07-19T05:50:41.961634
13.12,70.07,27.64,0.0,1.36,48.08,0,winter,2026-07-19T05:58:41.961634
35.83,5.930129346118392,40.68,5.61,627.26,66.91533386368701,1,winter,2026-07-19T06:06:41.961634
21.88,49.99,35.44,3.39,595.13,59.61,0,winter,2026-07-19T06:14:41.961634
20.32,42.55,42.17,0.44,638.67,30.49,1,winter,2026-07-19T06:22:41.961634
21.29,48.74,39.69,3.98,307.24,49.14,0,winter,2026-07-19T06:30:41.961634
39.980000000000004,9.05251857298181,43.82,0.0,394.42,79.69031272266103,0,winter,2026-07-19T06:38:41.961634
22.43,49.52,35.22,1.82,907.97,52.49,1,winter,2026-07-19T06:46:41.961634
23.44,51.57,39.61,0.0,775.17,39.46,0,winter,2026-07-19T06:54:41.961634
21.97,42.92,39.03,4.93,308.71,68.57,1,winter,2026-07-19T07:02:41.961634
22.17,47.29,36.27,1.3,769.84,80.12,1,winter,2026-07-19T07:10:41.961634
23.05,40.52,24.76,0.06,637.16,69.03,1,winter,2026-07-19T07:18:41.961634
20.46,38.27,44.1,1.7,472.93,34.33,0,winter,2026-07-19T07:26:41.961634
22.57,47.52,33.11,5.19,482.66,70.21,0,winter,2026-07-19T07:34:41.961634
36.120000000000005,15.225110203860066,32.75,5.49,794.19,118.14585884451522,0,winter,2026-07-19T07:42:41.961634
20.72,40.5,27.82,2.5,637.58,36.04,0,winter,2026-07-19T07:50:41.961634
19.19,52.85,36.61,5.39,432.01,66.95,0,winter,2026-07-19T07:58:41.961634
20.92,50.2,17.4,5.26,750.83,40.49,1,winter,2026-07-19T08:06:41.961634
23.53,45.75,24.35,3.22,779.59,50.69,0,winter,2026-07-19T08:14:41.961634
19.09,42.18,43.13,4.99,546.63,55.58,1,winter,2026-07-19T08:22:41.961634
19.45,37.0,37.35,1.18,614.76,32.64,0,winter,2026-07-19T08:30:41.961634
19.56,52.98,41.22,1.25,370.9,79.16,0,winter,2026-07-19T08:38:41.961634
23.74,52.36,31.85,4.29,423.66,35.32,0,winter,2026-07-19T08:46:41.961634
23.05,38.01,21.12,0.74,954.87,69.79,0,winter,2026-07-19T08:54:41.961634
23.46,46.91,41.57,5.27,364.21,53.1,1,winter,2026-07-19T09:02:41.961634
24.15,39.34,34.88,5.74,574.13,32.06,0,winter,2026-07-19T09:10:41.961634
22.06,42.74,37.99,4.8,554.72,59.04,0,winter,2026-07-19T09:18:41.961634
19.37,39.64,40.7,5.26,829.62,73.21,1,winter,2026-07-19T09:26:41.961634
19.71,38.17,37.32,0.48,973.21,51.08,0,winter,2026-07-19T09:34:41.961634
24.55,46.77,22.47,3.23,822.27,47.62,0,winter,2026-07-19T09:42:41.961634
22.96,50.2,43.19,3.63,958.66,71.94,1,winter,2026-07-19T09:50:41.961634
24.12,45.87,38.0,5.32,581.69,42.59,0,winter,2026-07-19T09:58:41.961634
21.53,48.2,33.36,2.85,429.95,47.52,0,winter,2026-07-19T10:06:41.961634
22.48,47.26,31.03,0.66,476.38,25.22,0,winter,2026-07-19T10:14:41.961634
22.48,48.58,25.99,5.4,373.71,78.84,0,winter,2026-07-19T10:22:41.961634
20.24,43.22,37.43,1.52,768.1,64.2,0,winter,2026-07-19T10:30:41.961634
19.69,48.27,25.92,1.92,940.3,35.31,0,winter,2026-07-19T10:38:41.961634
21.46,52.97,39.1,1.55,776.28,82.41,0,winter,2026-07-19T10:46:41.961634
24.6,47.02,25.28,5.54,825.41,40.65,1,winter,2026-07-19T10:54:41.961634
22.32,48.41,31.93,2.9,794.9,74.53,0,winter,2026-07-19T11:02:41.961634
23.59,42.85,32.75,0.0,442.47,67.33,0,winter,2026-07-19T11:10:41.961634
21.39,45.59,21.09,0.0,322.3,46.08,0,winter,2026-07-19T11:18:41.961634
22.34,44.22,36.47,0.57,618.08,47.01,0,winter,2026-07-19T11:26:41.961634
22.92,49.02,37.36,4.62,983.89,60.38,0,winter,2026-07-19T11:34:41.961634
19.61,51.13,38.97,3.06,848.0,67.31,0,winter,2026-07-19T11:42:41.961634
20.5,41.02,43.41,3.98,894.32,58.53,0,winter,2026-07-19T11:50:41.961634
19.36,51.0,36.57,0.0,759.11,40.55,0,winter,2026-07-19T11:58:41.961634
20.86,42.4,21.26,0.46,951.46,63.5,0,winter,2026-07-19T12:06:41.961634
20.48,52.02,39.51,0.0,590.6,59.01,0,winter,2026-07-19T12:14:41.961634
21.13,44.07,29.08,0.79,742.05,29.32,0,winter,2026-07-19T12:22:41.961634
24.09,39.43,21.0,0.0,683.39,53.55,0,winter,2026-07-19T12:30:41.961634
24.49,44.15,33.19,2.34,515.43,41.66,0,winter,2026-07-19T12:38:41.961634
20.97,41.13,34.99,3.59,718.13,37.12,1,winter,2026-07-19T12:46:41.961634
19.36,47.1,39.38,6.01,740.68,46.89,0,winter,2026-07-19T12:54:41.961634
19.41,46.84,29.36,0.0,854.7,47.08,0,winter,2026-07-19T13:02:41.961634
22.66,45.3,44.01,1.78,928.34,27.33,0,winter,2026-07-19T13:10:41.961634
19.72,37.6,35.91,1.38,411.97,66.68,0,winter,2026-07-19T13:18:41.961634
21.12,51.76,24.54,1.97,310.47,80.12,0,winter,2026-07-19T13:26:41.961634
19.14,41.36,30.77,0.33,852.81,39.47,0,winter,2026-07-19T13:34:41.961634
20.72,38.37,33.08,0.0,761.26,63.34,1,winter,2026-07-19T13:42:41.961634
24.2,46.05,33.49,5.98,469.08,39.57,0,winter,2026-07-19T13:50:41.961634
22.99,49.03,42.01,2.33,762.87,33.9,0,winter,2026-07-19T13:58:41.961634
22.51,42.57,32.17,0.0,817.8,61.63,1,winter,2026-07-19T14:06:41.961634
21.26,45.75,26.22,3.58,344.02,84.63,0,winter,2026-07-19T14:14:41.961634
38.39,5.0,22.81,0.47,799.19,64.5577834259813,0,winter,2026-07-19T14:22:41.961634
20.96,47.22,37.13,4.79,486.23,30.85,0,winter,2026-07-19T14:30:41.961634
22.81,41.83,31.72,5.11,363.07,42.87,1,winter,2026-07-19T14:38:41.961634
23.53,40.05,34.08,3.57,908.02,33.89,1,winter,2026-07-19T14:46:41.961634
22.08,37.71,27.63,4.08,970.62,28.62,0,winter,2026-07-19T14:54:41.961634
23.54,45.37,40.03,0.0,831.78,77.6,0,winter,2026-07-19T15:02:41.961634
19.44,49.35,19.81,3.12,402.04,72.45,0,winter,2026-07-19T15:10:41.961634
21.59,52.19,30.07,1.48,941.29,28.14,0,winter,2026-07-19T15:18:41.961634
22.15,39.73,24.42,2.77,587.81,81.89,1,winter,2026-07-19T15:26:41.961634
23.73,43.78,37.78,3.48,385.53,58.11,0,winter,2026-07-19T15:34:41.961634
20.88,37.86,39.73,4.74,734.61,56.58,0,winter,2026-07-19T15:42:41.961634
21.86,40.12,37.31,4.53,800.29,74.87,0,winter,2026-07-19T15:50:41.961634
21.12,39.6,26.65,3.85,544.52,84.19,0,winter,2026-07-19T15:58:41.961634
34.9,10.419777049605113,40.28,3.61,329.25,90.73280336613345,0,winter,2026-07-19T16:06:41.961634
21.58,52.69,41.25,0.0,336.04,52.45,0,winter,2026-07-19T16:14:41.961634
8.7,19.661900277174947,31.75,5.98,545.51,87.87713198985725,0,winter,2026-07-19T16:22:41.961634
37.370000000000005,10.453413382994441,47.61,3.52,800.44,60.611918000328515,1,winter,2026-07-19T16:30:41.961634
22.59,43.05,38.73,5.24,425.88,74.6,0,winter,2026-07-19T16:38:41.961634
20.12,37.61,41.18,0.59,581.88,35.71,0,winter,2026-07-19T16:46:41.961634
20.84,50.87,41.16,4.96,462.62,49.87,0,winter,2026-07-19T16:54:41.961634
19.26,38.18,31.34,0.64,449.2,37.13,0,winter,2026-07-19T17:02:41.961634
22.03,51.14,25.93,4.81,462.01,60.37,0,winter,2026-07-19T17:10:41.961634
35.96,7.4936408009483415,37.55,1.28,916.52,68.76363603488619,0,winter,2026-07-19T17:18:41.961634
23.92,39.24,36.88,0.27,811.38,77.35,0,winter,2026-07-19T17:26:41.961634
23.35,51.47,36.54,2.49,499.42,68.63,0,winter,2026-07-19T17:34:41.961634
21.93,45.43,36.16,4.32,464.49,47.52,0,winter,2026-07-19T17:42:41.961634
21.46,47.47,27.1,6.32,348.29,45.73,0,winter,2026-07-19T17:50:41.961634
19.26,45.59,27.6,5.54,881.67,58.43,1,winter,2026-07-19T17:58:41.961634
23.43,40.41,32.98,2.22,621.59,75.98,1,winter,2026-07-19T18:06:41.961634
24.75,40.2,38.88,4.45,755.68,41.3,0,winter,2026-07-19T18:14:41.961634
20.35,38.37,28.7,2.53,404.82,34.54,0,winter,2026-07-19T18:22:41.961634
24.99,42.3,29.83,3.05,333.65,71.03,0,winter,2026-07-19T18:30:41.961634
20.22,40.82,28.27,2.97,625.17,74.74,0,winter,2026-07-19T18:38:41.961634
22.54,38.82,47.04,6.17,433.32,26.33,1,winter,2026-07-19T18:46:41.961634
22.61,42.69,40.58,0.0,857.45,63.83,1,winter,2026-07-19T18:54:41.961634
9.88,70.1,40.14,2.45,9.4,56.18,1,winter,2026-07-19T19:02:41.961634
13.12,63.8,42.58,0.86,6.74,61.2,0,winter,2026-07-19T19:10:41.961634
12.06,69.36,33.74,1.72,36.64,57.94,0,winter,2026-07-19T19:18:41.961634
14.81,76.94,38.95,3.66,42.46,59.06,0,winter,2026-07-19T19:26:41.961634
10.5,68.9,42.39,5.24,4.07,62.99,1,winter,2026-07-19T19:34:41.961634
12.65,63.16,38.53,0.0,48.13,53.78,0,winter,2026-07-19T19:42:41.961634
10.03,63.4,30.64,1.46,0.93,29.3,1,winter,2026-07-19T19:50:41.961634
27.53,25.286167048863867,37.62,2.24,45.86,74.79661380264653,1,winter,2026-07-19T19:58:41.961634
9.52,74.03,43.31,0.67,25.28,34.52,0,winter,2026-07-19T20:06:41.961634
14.2,73.96,35.35,1.88,30.86,72.35,1,winter,2026-07-19T20:14:41.961634
11.92,76.67,42.7,3.31,8.59,84.84,0,winter,2026-07-19T20:22:41.961634
13.74,75.87,32.23,2.77,0.41,31.65,0,winter,2026-07-19T20:30:41.961634
13.55,69.66,40.61,0.0,38.07,53.42,0,winter,2026-07-19T20:38:41.961634
-4.279999999999999,31.408367621151612,37.66,6.8,29.71,115.0182613729645,1,winter,2026-07-19T20:46:41.961634
10.17,69.62,40.92,3.83,25.12,30.64,1,winter,2026-07-19T20:54:41.961634
9.69,67.98,42.58,0.4,14.6,25.18,0,winter,2026-07-19T21:02:41.961634
13.16,64.4,20.69,2.16,45.54,42.85,0,winter,2026-07-19T21:10:41.961634
11.7,77.49,30.84,3.77,44.72,47.28,0,winter,2026-07-19T21:18:41.961634
13.19,72.99,38.25,0.62,18.07,32.69,1,winter,2026-07-19T21:26:41.961634
9.26,71.98,25.33,0.0,4.28,34.94,1,winter,2026-07-19T21:34:41.961634
13.1,71.41,41.38,0.0,21.26,53.39,0,winter,2026-07-19T21:42:41.961634
9.33,71.78,35.44,0.0,12.77,76.85,0,winter,2026-07-19T21:50:41.961634
12.96,67.64,36.33,2.1,48.1,28.81,0,winter,2026-07-19T21:58:41.961634
9.86,64.66,30.46,1.14,5.02,69.34,1,winter,2026-07-19T22:06:41.961634
12.25,74.14,43.05,2.41,23.94,83.12,0,winter,2026-07-19T22:14:41.961634
9.97,67.77,28.59,4.06,46.35,62.19,0,winter,2026-07-19T22:22:41.961634
10.15,63.6,32.08,1.82,23.55,27.33,0,winter,2026-07-19T22:30:41.961634
11.47,68.41,43.23,1.11,38.42,31.49,0,winter,2026-07-19T22:38:41.961634
9.24,75.05,27.32,0.7,6.53,83.72,1,winter,2026-07-19T22:46:41.961634
13.74,66.5,25.34,5.07,11.26,76.54,1,winter,2026-07-19T22:54:41.961634
12.13,73.5,35.68,5.01,41.84,51.51,0,winter,2026-07-19T23:02:41.961634
9.54,70.64,23.05,0.07,22.79,73.58,0,winter,2026-07-19T23:10:41.961634
11.65,70.98,39.19,2.4,1.64,60.55,0,winter,2026-07-19T23:18:41.961634
12.59,69.23,38.6,1.16,12.71,51.14,0,winter,2026-07-19T23:26:41.961634
13.17,71.77,29.94,4.84,47.97,59.76,0,winter,2026-07-19T23:34:41.961634
28.18,39.10058735832062,43.88,0.73,49.43,82.19859928195235,0,winter,2026-07-19T23:42:41.961634
12.53,69.13,15.44,3.04,7.88,80.64,0,winter,2026-07-19T23:50:41.961634
14.66,62.49,22.1,0.05,48.16,49.17,1,winter,2026-07-19T23:58:41.961634
14.85,68.43,43.35,4.72,28.08,42.84,0,winter,2026-07-20T00:06:41.961634
9.89,74.45,32.65,6.03,32.22,40.99,0,winter,2026-07-20T00:14:41.961634
10.56,72.3,29.03,1.63,37.18,65.41,0,winter,2026-07-20T00:22:41.961634
13.16,69.6,33.9,0.15,23.36,84.0,0,winter,2026-07-20T00:30:41.961634
11.56,71.46,35.61,0.71,37.43,26.75,0,winter,2026-07-20T00:38:41.961634
13.21,67.28,25.39,5.5,13.22,30.32,0,winter,2026-07-20T00:46:41.961634
9.96,67.33,34.77,0.93,37.44,54.88,0,winter,2026-07-20T00:54:41.961634
9.86,75.45,42.68,4.02,34.33,68.39,0,winter,2026-07-20T01:02:41.961634
9.51,71.16,42.67,0.0,40.28,31.91,0,winter,2026-07-20T01:10:41.961634
9.19,75.62,24.41,0.0,2.1,53.28,0,winter,2026-07-20T01:18:41.961634
9.88,66.68,24.59,0.14,8.47,48.22,0,winter,2026-07-20T01:26:41.961634
10.54,65.38,40.36,4.16,32.73,39.94,0,winter,2026-07-20T01:34:41.961634
11.72,72.6,19.18,5.5,33.36,37.14,1,winter,2026-07-20T01:42:41.961634
13.73,72.6,35.13,0.0,46.53,50.82,0,winter,2026-07-20T01:50:41.961634
12.05,71.95,34.7,0.07,7.63,43.67,0,winter,2026-07-20T01:58:41.961634
11.15,64.2,27.79,0.89,29.73,40.13,0,winter,2026-07-20T02:06:41.961634
14.51,72.31,28.78,0.24,11.59,51.69,0,winter,2026-07-20T02:14:41.961634
14.82,75.0,26.29,3.35,10.45,60.99,0,winter,2026-07-20T02:22:41.961634
9.26,72.19,46.46,4.56,47.52,75.01,0,winter,2026-07-20T02:30:41.961634
13.68,63.52,27.42,0.02,3.28,64.84,1,winter,2026-07-20T02:38:41.961634
14.73,76.86,40.77,5.97,13.92,34.42,1,winter,2026-07-20T02:46:41.961634
12.35,64.64,16.87,0.0,44.41,28.98,0,winter,2026-07-20T02:54:41.961634
9.94,68.08,26.96,4.04,18.8,49.42,1,winter,2026-07-20T03:02:41.961634
9.83,74.34,35.66,0.63,30.44,67.52,0,winter,2026-07-20T03:10:41.961634
12.31,69.07,20.25,2.05,34.29,61.71,0,winter,2026-07-20T03:18:41.961634
9.87,73.84,22.88,3.03,22.8,60.63,0,winter,2026-07-20T03:26:41.961634
14.46,65.18,22.15,2.16,39.5,38.85,0,winter,2026-07-20T03:34:41.961634
9.84,67.01,47.97,1.9,34.35,51.86,1,winter,2026-07-20T03:42:41.961634
12.66,74.91,20.59,4.72,47.66,73.66,1,winter,2026-07-20T03:50:41.961634
10.3,63.94,23.56,0.0,46.19,71.85,0,winter,2026-07-20T03:58:41.961634
26.52,27.435507772036686,42.81,0.0,14.91,86.2810669570076,0,winter,2026-07-20T04:06:41.961634
13.68,67.81,34.33,4.25,3.75,84.22,1,winter,2026-07-20T04:14:41.961634
13.81,66.05,36.15,0.27,17.58,37.19,0,winter,2026-07-20T04:22:41.961634
10.74,68.97,45.49,1.72,42.55,32.12,0,winter,2026-07-20T04:30:41.961634
14.48,70.52,31.12,1.08,0.72,79.94,0,winter,2026-07-20T04:38:41.961634
10.31,69.1,37.29,0.58,17.76,44.55,1,winter,2026-07-20T04:46:41.961634
12.9,76.86,42.14,0.24,44.16,78.63,0,winter,2026-07-20T04:54:41.961634
14.97,72.34,33.13,0.0,43.28,31.35,0,winter,2026-07-20T05:02:41.961634
12.83,64.51,37.45,0.39,19.08,63.4,0,winter,2026-07-20T05:10:41.961634
9.65,63.41,24.21,2.9,9.14,47.14,0,winter,2026-07-20T05:18:41.961634
9.55,74.45,34.99,3.58,1.67,45.76,0,winter,2026-07-20T05:26:41.961634
10.37,66.15,38.77,3.65,32.96,35.78,0,winter,2026-07-20T05:34:41.961634
12.79,65.0,37.95,3.31,47.9,81.25,1,winter,2026-07-20T05:42:41.961634
14.57,72.89,44.15,2.97,8.33,31.87,1,winter,2026-07-20T05:50:41.961634
10.38,64.46,41.09,6.03,15.15,55.72,0,winter,2026-07-20T05:58:41.961634
23.89,49.71,41.0,4.58,651.47,50.11,1,winter,2026-07-20T06:06:41.961634
22.04,42.83,31.63,5.55,532.91,41.97,0,winter,2026-07-20T06:14:41.961634
6.02,13.72242547215373,30.39,4.02,577.61,65.3025633806925,0,winter,2026-07-20T06:22:41.961634
24.62,47.87,45.49,6.21,554.26,30.17,0,winter,2026-07-20T06:30:41.961634
19.05,52.97,40.09,5.09,715.81,31.96,1,winter,2026-07-20T06:38:41.961634
21.91,52.45,22.77,2.4,592.38,30.35,0,winter,2026-07-20T06:46:41.961634
23.74,51.31,39.47,1.22,729.12,26.75,0,winter,2026-07-20T06:54:41.961634
21.66,41.74,30.31,1.46,827.62,40.25,0,winter,2026-07-20T07:02:41.961634
21.41,47.59,28.43,2.57,872.93,65.15,0,winter,2026-07-20T07:10:41.961634
37.989999999999995,5.0,41.83,1.53,475.05,121.54478795298624,0,winter,2026-07-20T07:18:41.961634
22.99,46.92,31.89,1.48,560.69,74.13,0,winter,2026-07-20T07:26:41.961634
23.43,40.16,23.44,1.32,633.1,66.67,1,winter,2026-07-20T07:34:41.961634
19.78,49.49,41.47,5.01,635.25,43.78,0,winter,2026-07-20T07:42:41.961634
19.97,50.8,37.0,3.19,771.37,82.32,0,winter,2026-07-20T07:50:41.961634
19.84,50.78,25.8,2.13,794.44,31.97,0,winter,2026-07-20T07:58:41.961634
24.87,39.43,35.14,5.54,570.47,68.44,0,winter,2026-07-20T08:06:41.961634
24.94,40.6,25.76,3.75,492.46,44.57,0,winter,2026-07-20T08:14:41.961634
22.08,41.29,36.39,0.0,745.9,51.31,0,winter,2026-07-20T08:22:41.961634
20.38,39.49,24.25,0.0,742.09,39.85,0,winter,2026-07-20T08:30:41.961634
19.5,48.53,48.22,5.08,410.18,38.4,0,winter,2026-07-20T08:38:41.961634
21.21,38.18,22.38,0.41,411.69,51.33,0,winter,2026-07-20T08:46:41.961634
24.36,48.44,42.98,3.0,945.28,82.9,0,winter,2026-07-20T08:54:41.961634
24.49,38.13,29.8,5.82,604.11,48.81,1,winter,2026-07-20T09:02:41.961634
20.06,41.6,33.68,2.87,390.42,62.23,0,winter,2026-07-20T09:10:41.961634
23.73,44.41,26.73,4.22,959.63,35.22,1,winter,2026-07-20T09:18:41.961634
39.09,19.609910654970847,47.69,4.86,856.3,96.0081591256624,0,winter,2026-07-20T09:26:41.961634
24.88,51.19,28.65,0.0,317.91,58.44,0,winter,2026-07-20T09:34:41.961634
23.13,41.0,39.94,0.37,945.89,66.77,1,winter,2026-07-20T09:42:41.961634
24.53,42.87,42.21,0.0,376.64,57.77,1,winter,2026-07-20T09:50:41.961634
24.89,48.02,31.98,4.99,733.82,53.22,0,winter,2026-07-20T09:58:41.961634
22.02,50.98,34.81,2.25,575.38,38.75,1,winter,2026-07-20T10:06:41.961634
21.89,39.58,28.05,4.32,530.74,47.23,0,winter,2026-07-20T10:14:41.961634
24.97,41.56,23.35,1.51,564.28,33.58,1,winter,2026-07-20T10:22:41.961634
19.13,50.1,46.71,4.84,435.36,57.63,0,winter,2026-07-20T10:30:41.961634
20.97,52.83,20.23,1.92,339.09,25.64,0,winter,2026-07-20T10:38:41.961634
20.67,44.46,43.37,3.8,539.27,50.48,0,winter,2026-07-20T10:46:41.961634
9.120000000000001,5.396423142130281,43.33,1.45,328.47,77.0590562950992,0,winter,2026-07-20T10:54:41.961634
20.5,41.82,39.06,3.72,747.12,69.66,0,winter,2026-07-20T11:02:41.961634
23.87,41.99,39.4,5.17,505.32,32.22,0,winter,2026-07-20T11:10:41.961634
21.39,38.85,31.37,0.0,671.64,64.34,0,winter,2026-07-20T11:18:41.961634
22.81,39.04,33.9,3.11,837.46,26.03,1,winter,2026-07-20T11:26:41.961634
22.22,47.6,38.86,0.0,990.66,51.75,1,winter,2026-07-20T11:34:41.961634
22.0,41.32,28.64,5.07,513.6,45.71,0,winter,2026-07-20T11:42:41.961634
20.63,43.96,39.68,0.0,533.04,25.63,0,winter,2026-07-20T11:50:41.961634
5.510000000000002,11.331773720413931,20.16,3.39,736.51,68.52026222887092,1,winter,2026-07-20T11:58:41.961634
24.08,48.11,18.86,4.22,996.76,79.0,1,winter,2026-07-20T12:06:41.961634
23.92,40.24,23.54,0.65,474.34,65.41,0,winter,2026-07-20T12:14:41.961634
23.53,48.25,40.94,2.32,639.14,84.04,0,winter,2026-07-20T12:22:41.961634
20.64,43.45,22.69,4.02,487.62,39.01,0,winter,2026-07-20T12:30:41.961634
24.68,40.85,44.67,5.79,689.86,70.96,0,winter,2026-07-20T12:38:41.961634
21.09,41.52,25.2,1.95,695.42,28.73,0,winter,2026-07-20T12:46:41.961634
24.35,39.34,22.08,5.2,974.17,75.52,0,winter,2026-07-20T12:54:41.961634
20.37,45.84,22.7,1.09,942.69,29.03,0,winter,2026-07-20T13:02:41.961634
4.43,16.83608576578592,38.37,3.47,585.49,76.89715049938778,0,winter,2026-07-20T13:10:41.961634
24.43,50.21,35.43,4.88,728.83,55.8,0,winter,2026-07-20T13:18:41.961634
24.01,42.84,27.44,0.0,758.95,58.55,1,winter,2026-07-20T13:26:41.961634
23.41,50.21,30.4,0.0,702.69,84.06,0,winter,2026-07-20T13:34:41.961634
20.49,40.26,26.26,5.41,509.73,59.46,1,winter,2026-07-20T13:42:41.961634
21.3,40.3,18.38,1.94,386.8,44.49,0,winter,2026-07-20T13:50:41.961634
24.95,39.39,30.4,4.56,923.32,76.53,0,winter,2026-07-20T13:58:41.961634
4.030000000000001,10.762616481556954,33.78,4.82,342.8,85.31584510005949,0,winter,2026-07-20T14:06:41.961634
21.92,44.55,44.97,2.96,922.37,71.33,1,winter,2026-07-20T14:14:41.961634
22.48,51.05,31.24,4.46,945.04,50.78,0,winter,2026-07-20T14:22:41.961634
22.9,43.57,26.25,4.93,868.85,59.88,1,winter,2026-07-20T14:30:41.961634
23.21,51.31,44.56,6.46,703.79,47.84,0,winter,2026-07-20T14:38:41.961634
20.76,37.17,38.66,2.23,782.25,62.35,0,winter,2026-07-20T14:46:41.961634
23.75,49.51,26.15,2.66,885.98,26.22,0,winter,2026-07-20T14:54:41.961634
19.41,38.46,42.18,1.84,966.13,70.36,0,winter,2026-07-20T15:02:41.961634
24.22,43.56,37.58,0.95,339.4,27.37,0,winter,2026-07-20T15:10:41.961634
23.26,49.85,27.29,1.92,597.32,73.01,0,winter,2026-07-20T15:18:41.961634
24.48,49.32,25.8,0.64,501.24,73.65,1,winter,2026-07-20T15:26:41.961634
36.620000000000005,8.667536334768982,28.98,2.11,421.23,103.00663790205508,0,winter,2026-07-20T15:34:41.961634
19.37,51.12,37.61,2.53,499.46,27.57,0,winter,2026-07-20T15:42:41.961634
21.51,50.56,28.93,3.21,942.04,41.62,0,winter,2026-07-20T15:50:41.961634
24.79,46.15,22.02,0.0,572.93,83.24,1,winter,2026-07-20T15:58:41.961634
21.79,37.9,42.7,3.2,368.44,59.54,0,winter,2026-07-20T16:06:41.961634
20.32,40.09,36.25,0.33,389.92,71.93,0,winter,2026-07-20T16:14:41.961634
22.71,47.03,35.4,1.64,758.82,25.84,1,winter,2026-07-20T16:22:41.961634
19.96,47.72,37.85,2.3,997.22,64.61,0,winter,2026-07-20T16:30:41.961634
21.57,48.99,41.29,4.37,707.36,82.96,1,winter,2026-07-20T16:38:41.961634
21.05,49.89,24.28,4.23,377.75,40.1,0,winter,2026-07-20T16:46:41.961634
20.17,43.61,23.65,0.36,745.36,35.35,0,winter,2026-07-20T16:54:41.961634
24.28,51.18,26.99,2.43,838.68,83.34,0,winter,2026-07-20T17:02:41.961634
22.48,52.19,37.13,4.64,931.32,48.72,0,winter,2026-07-20T17:10:41.961634
19.84,38.69,22.65,3.45,437.03,69.91,0,winter,2026-07-20T17:18:41.961634
23.43,51.85,26.66,2.69,981.71,59.58,0,winter,2026-07-20T17:26:41.961634
24.46,45.78,45.83,1.91,929.73,48.36,0,winter,2026-07-20T17:34:41.961634
23.12,42.85,29.14,0.34,643.38,58.78,0,winter,2026-07-20T17:42:41.961634
24.3,51.73,31.92,4.12,498.57,64.45,0,winter,2026-07-20T17:50:41.961634
19.46,38.17,31.0,5.23,540.87,74.54,0,winter,2026-07-20T17:58:41.961634
22.34,49.93,35.85,2.16,815.56,69.96,0,winter,2026-07-20T18:06:41.961634
20.48,45.09,34.02,0.0,482.91,42.82,0,winter,2026-07-20T18:14:41.961634
23.01,46.12,21.61,0.22,330.64,26.85,0,winter,2026-07-20T18:22:41.961634
22.96,37.74,32.84,1.38,727.38,50.55,0,winter,2026-07-20T18:30:41.961634
23.01,46.36,35.83,1.79,331.49,65.69,0,winter,2026-07-20T18:38:41.961634
23.2,52.43,40.96,0.26,971.71,44.89,1,winter,2026-07-20T18:46:41.961634
21.21,52.55,39.98,1.45,895.05,72.24,1,winter,2026-07-20T18:54:41.961634
14.57,76.33,36.28,3.68,40.54,76.16,0,winter,2026-07-20T19:02:41.961634
9.59,65.99,28.95,4.42,46.34,32.95,0,winter,2026-07-20T19:10:41.961634
12.05,77.89,33.21,2.04,12.39,28.18,1,winter,2026-07-20T19:18:41.961634
11.79,73.86,39.45,0.0,19.69,77.02,0,winter,2026-07-20T19:26:41.961634
9.1,71.38,36.53,1.04,43.4,31.7,0,winter,2026-07-20T19:34:41.961634
11.65,70.06,32.31,1.79,46.31,57.14,1,winter,2026-07-20T19:42:41.961634
14.03,69.02,36.93,4.52,37.88,46.09,0,winter,2026-07-20T19:50:41.961634
13.38,72.74,23.82,4.06,36.85,53.47,0,winter,2026-07-20T19:58:41.961634
9.39,72.27,43.09,1.26,46.05,83.23,0,winter,2026-07-20T20:06:41.961634
10.42,67.16,22.24,4.44,34.26,41.66,0,winter,2026-07-20T20:14:41.961634
14.9,76.63,30.27,3.75,31.7,45.29,0,winter,2026-07-20T20:22:41.961634
11.13,77.45,16.48,1.73,46.54,79.11,0,winter,2026-07-20T20:30:41.961634
10.25,76.76,26.28,2.68,33.5,66.57,0,winter,2026-07-20T20:38:41.961634
13.39,66.56,28.68,2.98,11.58,81.63,0,winter,2026-07-20T20:46:41.961634
10.13,77.41,26.38,3.37,1.18,75.64,0,winter,2026-07-20T20:54:41.961634
9.25,70.01,39.25,4.73,36.32,51.31,1,winter,2026-07-20T21:02:41.961634
14.41,75.18,37.67,0.16,35.46,70.04,1,winter,2026-07-20T21:10:41.961634
11.03,73.75,44.33,2.8,24.51,27.89,0,winter,2026-07-20T21:18:41.961634
9.02,70.74,45.23,1.6,17.83,64.61,0,winter,2026-07-20T21:26:41.961634
14.68,75.2,23.95,0.99,43.69,34.7,0,winter,2026-07-20T21:34:41.961634
-5.390000000000001,35.65092804000524,47.65,5.53,11.96,110.18859744893282,1,winter,2026-07-20T21:42:41.961634
13.29,66.87,33.88,2.86,49.07,39.3,0,winter,2026-07-20T21:50:41.961634
12.06,63.61,39.44,2.69,4.87,77.98,0,winter,2026-07-20T21:58:41.961634
14.73,62.97,37.69,0.0,12.44,55.75,0,winter,2026-07-20T22:06:41.961634
9.16,76.44,34.41,0.0,21.91,64.06,0,winter,2026-07-20T22:14:41.961634
9.26,73.92,33.43,4.69,14.26,73.19,0,winter,2026-07-20T22:22:41.961634
10.23,76.0,35.95,2.07,44.31,64.22,0,winter,2026-07-20T22:30:41.961634
13.35,69.63,20.89,0.0,45.04,60.32,0,winter,2026-07-20T22:38:41.961634
9.36,65.68,26.86,3.62,46.49,42.81,0,winter,2026-07-20T22:46:41.961634
12.49,65.98,37.66,4.84,11.84,28.98,0,winter,2026-07-20T22:54:41.961634
11.08,64.25,30.39,5.17,13.75,72.25,1,winter,2026-07-20T23:02:41.961634
12.33,71.85,33.16,1.73,34.83,63.07,0,winter,2026-07-20T23:10:41.961634
11.21,72.84,19.34,2.54,6.36,47.4,1,winter,2026-07-20T23:18:41.961634
9.99,69.21,29.42,3.79,36.38,36.0,0,winter,2026-07-20T23:26:41.961634
11.75,70.78,37.81,3.67,39.21,68.45,0,winter,2026-07-20T23:34:41.961634
13.88,75.73,30.65,0.0,11.58,29.24,0,winter,2026-07-20T23:42:41.961634
10.36,69.67,29.7,3.29,39.37,55.58,1,winter,2026-07-20T23:50:41.961634
10.85,66.42,38.77,4.41,37.47,49.05,0,winter,2026-07-20T23:58:41.961634
13.46,73.61,24.23,0.34,38.47,25.77,0,winter,2026-07-21T00:06:41.961634
11.86,73.3,42.77,4.57,38.88,33.59,0,winter,2026-07-21T00:14:41.961634
14.59,71.13,22.74,4.7,4.98,31.98,1,winter,2026-07-21T00:22:41.961634
13.81,76.94,45.35,3.08,26.22,56.49,1,winter,2026-07-21T00:30:41.961634
13.66,72.15,36.12,0.0,21.08,80.23,0,winter,2026-07-21T00:38:41.961634
10.62,70.92,33.88,2.88,38.65,74.23,0,winter,2026-07-21T00:46:41.961634
14.51,73.88,36.39,4.72,12.51,33.76,0,winter,2026-07-21T00:54:41.961634
9.91,72.6,37.4,2.52,34.85,48.66,0,winter,2026-07-21T01:02:41.961634
12.05,74.83,44.56,0.75,25.45,42.72,0,winter,2026-07-21T01:10:41.961634
13.16,65.1,38.17,0.0,18.25,50.49,0,winter,2026-07-21T01:18:41.961634
14.28,67.93,28.76,1.54,43.06,49.7,1,winter,2026-07-21T01:26:41.961634
10.8,71.14,32.76,0.0,20.11,41.94,1,winter,2026-07-21T01:34:41.961634
11.16,68.44,44.37,0.0,34.42,74.29,0,winter,2026-07-21T01:42:41.961634
9.83,75.81,40.11,0.0,13.94,35.97,0,winter,2026-07-21T01:50:41.961634
9.81,66.57,26.39,1.42,25.86,64.68,0,winter,2026-07-21T01:58:41.961634
13.25,62.36,45.8,4.42,20.51,47.52,0,winter,2026-07-21T02:06:41.961634
9.98,69.84,41.7,2.39,20.12,38.97,0,winter,2026-07-21T02:14:41.961634
9.85,75.11,20.55,4.9,20.46,38.18,0,winter,2026-07-21T02:22:41.961634
-4.460000000000001,25.772990757754528,28.52,0.07,19.14,108.79367179041748,0,winter,2026-07-21T02:30:41.961634
10.12,68.61,44.86,1.89,16.12,67.7,1,winter,2026-07-21T02:38:41.961634
11.65,66.35,43.8,5.68,4.59,30.78,0,winter,2026-07-21T02:46:41.961634
11.32,72.32,35.93,2.75,31.18,34.59,1,winter,2026-07-21T02:54:41.961634
9.88,77.63,21.16,1.87,13.16,45.22,0,winter,2026-07-21T03:02:41.961634
10.16,74.34,25.29,2.73,6.52,31.94,0,winter,2026-07-21T03:10:41.961634
13.66,66.47,41.2,2.88,42.2,50.16,1,winter,2026-07-21T03:18:41.961634
14.07,72.27,23.37,4.78,25.84,64.4,0,winter,2026-07-21T03:26:41.961634
12.84,70.41,40.97,3.26,23.56,71.28,0,winter,2026-07-21T03:34:41.961634
14.85,64.25,17.4,2.17,43.13,83.46,0,winter,2026-07-21T03:42:41.961634
9.93,76.5,42.59,3.78,41.92,67.39,0,winter,2026-07-21T03:50:41.961634
13.16,67.98,30.02,0.86,30.92,70.17,0,winter,2026-07-21T03:58:41.961634
9.26,67.75,29.85,0.9,45.71,36.81,0,winter,2026-07-21T04:06:41.961634
13.27,73.87,36.73,5.62,7.68,30.22,0,winter,2026-07-21T04:14:41.961634
9.22,62.38,18.96,4.89,24.13,26.03,1,winter,2026-07-21T04:22:41.961634
12.91,63.47,48.02,0.0,43.29,34.26,0,winter,2026-07-21T04:30:41.961634
12.71,75.42,26.26,1.34,25.76,26.85,0,winter,2026-07-21T04:38:41.961634
14.1,64.9,22.52,5.34,6.25,80.81,0,winter,2026-07-21T04:46:41.961634
12.59,74.78,27.67,0.32,30.33,73.42,0,winter,2026-07-21T04:54:41.961634
11.81,77.31,23.12,4.49,2.5,59.72,1,winter,2026-07-21T05:02:41.961634
11.08,67.94,33.45,0.54,11.34,84.94,1,winter,2026-07-21T05:10:41.961634
14.12,64.02,39.25,1.66,21.69,75.57,0,winter,2026-07-21T05:18:41.961634
13.62,75.27,22.03,6.36,28.82,46.64,1,winter,2026-07-21T05:26:41.961634
9.3,67.85,45.97,0.11,38.3,57.71,0,winter,2026-07-21T05:34:41.961634
10.98,73.41,40.95,2.86,24.59,29.18,0,winter,2026-07-21T05:42:41.961634
10.76,73.78,26.78,0.95,39.24,33.68,0,winter,2026-07-21T05:50:41.961634
14.44,71.44,19.42,3.44,10.18,28.9,0,winter,2026-07-21T05:58:41.961634
4.399999999999999,6.525332964915549,37.25,0.75,966.51,77.06381953629906,0,winter,2026-07-21T06:06:41.961634
19.41,46.25,46.89,1.02,494.57,62.09,0,winter,2026-07-21T06:14:41.961634
22.18,39.53,31.14,2.15,693.17,69.74,0,winter,2026-07-21T06:22:41.961634
20.19,52.66,46.5,0.23,670.62,76.1,0,winter,2026-07-21T06:30:41.961634
24.97,42.62,46.77,2.14,389.21,83.3,0,winter,2026-07-21T06:38:41.961634
21.79,38.53,25.99,0.0,916.87,75.37,0,winter,2026-07-21T06:46:41.961634
24.95,43.98,30.49,0.0,991.89,61.33,1,winter,2026-07-21T06:54:41.961634
24.45,40.81,36.78,3.17,766.09,40.21,0,winter,2026-07-21T07:02:41.961634
24.97,37.07,18.8,0.0,825.42,62.42,1,winter,2026-07-21T07:10:41.961634
19.19,37.26,39.61,4.19,558.26,49.33,1,winter,2026-07-21T07:18:41.961634
22.7,40.04,29.91,2.0,480.36,28.99,0,winter,2026-07-21T07:26:41.961634
22.82,52.34,42.65,1.08,920.09,52.97,0,winter,2026-07-21T07:34:41.961634
24.72,39.55,35.04,5.69,939.82,48.73,1,winter,2026-07-21T07:42:41.961634
19.38,43.66,20.07,0.35,367.24,67.65,0,winter,2026-07-21T07:50:41.961634
19.89,50.79,42.92,0.0,525.71,41.43,0,winter,2026-07-21T07:58:41.961634
21.24,44.18,33.77,5.0,981.35,38.01,0,winter,2026-07-21T08:06:41.961634
23.23,43.76,41.69,2.39,621.98,67.5,0,winter,2026-07-21T08:14:41.961634
19.19,43.83,31.91,0.55,933.0,49.11,0,winter,2026-07-21T08:22:41.961634
21.41,41.13,25.06,4.69,460.29,30.11,0,winter,2026-07-21T08:30:41.961634
20.01,41.64,32.09,2.63,953.95,38.01,0,winter,2026-07-21T08:38:41.961634
24.93,42.84,26.58,0.89,730.02,60.81,0,winter,2026-07-21T08:46:41.961634
22.2,43.56,37.93,2.04,676.06,82.59,0,winter,2026-07-21T08:54:41.961634
22.8,50.92,36.69,5.5,462.8,28.55,0,winter,2026-07-21T09:02:41.961634
23.88,49.58,37.96,5.99,870.6,32.49,0,winter,2026-07-21T09:10:41.961634
22.09,41.58,24.86,0.0,864.74,63.05,0,winter,2026-07-21T09:18:41.961634
19.31,44.09,23.38,5.14,812.75,36.58,0,winter,2026-07-21T09:26:41.961634
20.65,45.46,30.48,0.0,609.68,37.82,0,winter,2026-07-21T09:34:41.961634
23.67,43.14,30.96,4.57,720.54,49.51,0,winter,2026-07-21T09:42:41.961634
20.13,41.69,42.84,1.99,434.42,28.61,0,winter,2026-07-21T09:50:41.961634
22.73,49.32,27.4,4.3,425.94,60.27,0,winter,2026-07-21T09:58:41.961634
5.68,5.47845838146997,24.03,5.31,940.27,75.62925127413678,0,winter,2026-07-21T10:06:41.961634
23.83,49.3,34.27,1.74,593.35,38.14,0,winter,2026-07-21T10:14:41.961634
20.28,47.68,43.21,4.94,402.39,36.34,0,winter,2026-07-21T10:22:41.961634
19.73,42.49,33.46,5.01,429.72,69.65,0,winter,2026-07-21T10:30:41.961634
21.91,48.5,45.06,2.86,878.22,28.6,1,winter,2026-07-21T10:38:41.961634
22.58,37.44,47.06,3.37,429.33,26.72,0,winter,2026-07-21T10:46:41.961634
21.93,41.49,24.0,0.57,442.99,77.55,1,winter,2026-07-21T10:54:41.961634
22.39,49.39,34.5,4.33,657.25,80.45,0,winter,2026-07-21T11:02:41.961634
21.28,41.42,16.49,2.14,921.88,78.28,0,winter,2026-07-21T11:10:41.961634
20.58,40.2,26.98,6.11,742.43,72.15,1,winter,2026-07-21T11:18:41.961634
22.43,37.69,34.24,1.47,402.43,50.64,1,winter,2026-07-21T11:26:41.961634
23.02,49.06,32.43,0.38,865.13,63.62,0,winter,2026-07-21T11:34:41.961634
21.72,48.72,38.89,2.18,911.09,56.88,0,winter,2026-07-21T11:42:41.961634
22.23,45.9,41.83,3.48,576.32,84.95,0,winter,2026-07-21T11:50:41.961634
23.87,48.21,29.55,3.71,406.7,47.96,0,winter,2026-07-21T11:58:41.961634
20.99,44.13,37.97,1.42,384.2,77.54,0,winter,2026-07-21T12:06:41.961634
23.77,47.33,46.19,0.63,574.06,66.54,1,winter,2026-07-21T12:14:41.961634
8.309999999999999,11.587615875230227,30.54,3.45,512.36,89.05347958452369,0,winter,2026-07-21T12:22:41.961634
23.27,39.9,25.87,0.28,886.72,59.03,0,winter,2026-07-21T12:30:41.961634
20.29,40.85,38.29,0.72,771.62,43.74,0,winter,2026-07-21T12:38:41.961634
20.26,51.46,40.19,4.91,454.81,60.79,0,winter,2026-07-21T12:46:41.961634
23.4,51.73,39.91,4.7,466.41,48.37,0,winter,2026-07-21T12:54:41.961634
21.16,49.85,28.13,5.96,880.81,39.42,0,winter,2026-07-21T13:02:41.961634
19.8,39.46,18.74,5.43,475.03,25.07,0,winter,2026-07-21T13:10:41.961634
23.2,46.05,37.09,5.02,362.59,65.05,0,winter,2026-07-21T13:18:41.961634
23.7,49.69,39.71,4.05,802.83,67.41,1,winter,2026-07-21T13:26:41.961634
19.32,43.78,39.03,2.63,654.61,79.94,1,winter,2026-07-21T13:34:41.961634
23.44,41.56,22.51,0.34,580.44,74.95,0,winter,2026-07-21T13:42:41.961634
21.43,51.39,40.3,5.77,592.3,49.56,1,winter,2026-07-21T13:50:41.961634
24.77,44.02,29.58,4.44,632.46,37.24,0,winter,2026-07-21T13:58:41.961634
23.59,41.81,18.51,1.56,983.37,36.33,0,winter,2026-07-21T14:06:41.961634
22.74,44.96,37.97,1.46,481.56,55.57,0,winter,2026-07-21T14:14:41.961634
24.06,50.73,31.22,0.0,869.72,57.33,1,winter,2026-07-21T14:22:41.961634
24.58,51.04,30.01,0.0,346.79,65.61,0,winter,2026-07-21T14:30:41.961634
23.96,46.83,42.42,0.26,864.58,81.88,0,winter,2026-07-21T14:38:41.961634
24.48,49.88,24.7,3.49,427.2,79.2,0,winter,2026-07-21T14:46:41.961634
21.01,50.68,22.22,0.0,955.61,54.63,0,winter,2026-07-21T14:54:41.961634
23.11,50.36,31.71,1.08,452.49,57.11,0,winter,2026-07-21T15:02:41.961634
20.96,51.23,16.43,0.0,571.08,38.38,0,winter,2026-07-21T15:10:41.961634
19.73,48.61,30.39,2.24,672.26,38.63,1,winter,2026-07-21T15:18:41.961634
21.5,52.34,33.93,0.22,522.96,60.5,0,winter,2026-07-21T15:26:41.961634
39.1,11.363371077956025,19.34,0.0,839.17,108.12158244383133,0,winter,2026-07-21T15:34:41.961634
24.52,51.06,29.28,5.13,851.26,38.12,0,winter,2026-07-21T15:42:41.961634
20.33,41.07,22.25,2.18,622.26,61.72,0,winter,2026-07-21T15:50:41.961634
24.75,50.11,31.98,2.52,785.27,30.31,0,winter,2026-07-21T15:58:41.961634
22.74,37.13,40.25,1.97,882.59,40.81,0,winter,2026-07-21T16:06:41.961634
22.02,48.95,37.46,2.48,687.33,34.08,1,winter,2026-07-21T16:14:41.961634
20.18,45.78,35.42,5.73,493.53,29.32,0,winter,2026-07-21T16:22:41.961634
21.93,43.25,41.13,4.47,308.53,43.87,0,winter,2026-07-21T16:30:41.961634
19.41,50.0,34.81,3.49,360.12,46.71,0,winter,2026-07-21T16:38:41.961634
23.93,39.46,25.79,4.95,966.84,29.95,0,winter,2026-07-21T16:46:41.961634
21.35,45.19,29.49,2.59,609.85,43.19,0,winter,2026-07-21T16:54:41.961634
21.58,45.16,27.53,3.88,870.34,34.14,0,winter,2026-07-21T17:02:41.961634
19.53,49.54,33.89,2.06,614.39,64.75,0,winter,2026-07-21T17:10:41.961634
24.22,40.15,22.65,4.28,351.95,56.09,1,winter,2026-07-21T17:18:41.961634
22.58,49.51,44.84,5.12,601.33,80.41,0,winter,2026-07-21T17:26:41.961634
21.97,41.74,17.09,0.26,879.71,27.71,0,winter,2026-07-21T17:34:41.961634
19.76,49.45,29.84,3.75,376.39,31.06,0,winter,2026-07-21T17:42:41.961634
22.87,37.5,39.38,0.0,641.48,35.01,0,winter,2026-07-21T17:50:41.961634
22.15,37.69,25.69,4.08,615.06,46.46,0,winter,2026-07-21T17:58:41.961634
19.49,51.02,19.85,4.36,777.67,56.34,0,winter,2026-07-21T18:06:41.961634
22.42,51.96,37.08,0.85,573.09,40.44,0,winter,2026-07-21T18:14:41.961634
23.18,49.28,25.3,2.51,884.43,45.42,0,winter,2026-07-21T18:22:41.961634
21.57,37.34,18.42,6.28,919.16,38.65,1,winter,2026-07-21T18:30:41.961634
21.79,51.23,37.47,3.06,375.64,33.71,1,winter,2026-07-21T18:38:41.961634
19.17,47.79,38.8,0.54,571.82,26.45,1,winter,2026-07-21T18:46:41.961634
22.17,40.18,32.65,1.61,500.58,84.18,0,winter,2026-07-21T18:54:41.961634
12.83,68.5,35.19,0.01,47.91,53.88,0,winter,2026-07-21T19:02:41.961634
13.85,66.48,44.27,0.0,30.41,77.17,1,winter,2026-07-21T19:10:41.961634
12.36,63.28,38.16,5.68,9.81,47.08,0,winter,2026-07-21T19:18:41.961634
9.98,75.77,45.7,0.78,42.51,32.89,0,winter,2026-07-21T19:26:41.961634
9.9,64.17,40.63,1.15,39.31,72.91,0,winter,2026-07-21T19:34:41.961634
13.75,71.79,42.19,1.65,35.48,54.33,0,winter,2026-07-21T19:42:41.961634
14.64,74.52,33.55,3.87,21.99,65.6,0,winter,2026-07-21T19:50:41.961634
13.06,72.04,26.82,1.0,25.38,35.92,0,winter,2026-07-21T19:58:41.961634
10.88,68.51,31.31,5.11,35.31,67.36,0,winter,2026-07-21T20:06:41.961634
9.66,64.1,36.69,3.19,4.71,72.81,0,winter,2026-07-21T20:14:41.961634
28.58,25.144273865811847,20.71,3.87,47.28,67.91598422828822,1,winter,2026-07-21T20:22:41.961634
-1.6199999999999992,33.83911842526693,24.52,0.0,27.44,62.686363558145516,1,winter,2026-07-21T20:30:41.961634
12.3,72.4,37.18,0.89,15.37,76.66,0,winter,2026-07-21T20:38:41.961634
12.76,69.63,29.94,0.0,37.97,73.5,0,winter,2026-07-21T20:46:41.961634
26.119999999999997,38.4071353387067,24.33,0.57,16.89,64.40478543740498,0,winter,2026-07-21T20:54:41.961634
10.14,69.55,21.49,3.36,12.0,70.76,1,winter,2026-07-21T21:02:41.961634
11.43,62.56,32.85,2.03,0.49,26.82,0,winter,2026-07-21T21:10:41.961634
11.68,73.31,43.07,4.5,37.01,81.18,0,winter,2026-07-21T21:18:41.961634
12.23,63.45,27.76,3.03,4.85,70.44,1,winter,2026-07-21T21:26:41.961634
9.74,63.44,18.56,0.0,24.21,42.29,0,winter,2026-07-21T21:34:41.961634
10.3,67.14,34.92,0.65,39.76,29.37,1,winter,2026-07-21T21:42:41.961634
9.83,76.87,25.23,0.0,35.0,62.35,0,winter,2026-07-21T21:50:41.961634
14.43,73.24,42.13,2.19,49.44,28.13,0,winter,2026-07-21T21:58:41.961634
9.24,70.53,40.25,3.83,4.39,41.11,1,winter,2026-07-21T22:06:41.961634
10.34,66.39,29.05,6.04,8.04,50.59,0,winter,2026-07-21T22:14:41.961634
12.45,69.56,27.79,4.17,1.43,77.85,0,winter,2026-07-21T22:22:41.961634
9.84,65.06,25.22,0.37,25.52,27.89,0,winter,2026-07-21T22:30:41.961634
-4.76,29.10835180503762,38.01,4.07,5.46,87.14494748032608,0,winter,2026-07-21T22:38:41.961634
12.22,68.41,20.42,3.28,22.86,69.19,1,winter,2026-07-21T22:46:41.961634
10.81,69.46,28.38,4.83,1.9,78.95,0,winter,2026-07-21T22:54:41.961634
-4.779999999999999,28.15960797320554,26.46,5.97,19.92,61.81290395513406,1,winter,2026-07-21T23:02:41.961634
-3.6799999999999997,37.944592400833386,28.64,3.92,24.08,87.61039071103968,1,winter,2026-07-21T23:10:41.961634
12.51,69.64,26.41,4.68,43.64,52.29,1,winter,2026-07-21T23:18:41.961634
12.71,69.67,18.29,1.82,36.23,67.73,0,winter,2026-07-21T23:26:41.961634
11.13,66.11,22.4,0.0,47.28,53.55,1,winter,2026-07-21T23:34:41.961634
27.02,33.50175464787315,39.41,6.08,22.79,65.96700805504513,0,winter,2026-07-21T23:42:41.961634
11.86,62.65,38.79,1.97,45.3,48.48,1,winter,2026-07-21T23:50:41.961634
14.65,76.76,25.61,0.37,37.36,50.91,0,winter,2026-07-21T23:58:41.961634
14.72,67.01,24.0,0.77,48.35,56.18,0,winter,2026-07-22T00:06:41.961634
10.35,76.96,24.96,4.65,15.35,55.98,0,winter,2026-07-22T00:14:41.961634
9.53,74.41,36.21,0.0,44.82,71.73,0,winter,2026-07-22T00:22:41.961634
12.52,76.61,39.49,0.6,1.53,65.11,1,winter,2026-07-22T00:30:41.961634
13.89,71.36,27.34,3.71,21.82,29.59,0,winter,2026-07-22T00:38:41.961634
10.69,76.92,35.51,0.66,0.57,75.81,0,winter,2026-07-22T00:46:41.961634
13.96,76.35,40.13,5.13,5.91,72.96,1,winter,2026-07-22T00:54:41.961634
11.84,76.16,36.54,1.77,4.99,52.66,0,winter,2026-07-22T01:02:41.961634
9.58,63.12,40.13,2.01,16.14,63.36,0,winter,2026-07-22T01:10:41.961634
14.34,77.09,42.49,2.37,4.11,80.83,0,winter,2026-07-22T01:18:41.961634
13.85,67.72,21.74,6.91,30.07,26.04,0,winter,2026-07-22T01:26:41.961634
9.42,69.61,20.59,4.55,42.35,43.97,0,winter,2026-07-22T01:34:41.961634
13.96,76.13,43.43,0.32,48.4,76.44,0,winter,2026-07-22T01:42:41.961634
12.35,73.68,24.87,0.0,49.54,76.83,0,winter,2026-07-22T01:50:41.961634
13.03,76.98,25.5,2.71,2.1,69.38,0,winter,2026-07-22T01:58:41.961634
13.02,76.15,27.43,2.0,34.79,68.21,0,winter,2026-07-22T02:06:41.961634
9.13,76.37,41.5,2.11,35.18,82.0,0,winter,2026-07-22T02:14:41.961634
13.04,71.28,40.15,0.52,31.65,38.71,0,winter,2026-07-22T02:22:41.961634
10.77,74.63,46.4,3.05,38.36,36.77,1,winter,2026-07-22T02:30:41.961634
12.93,70.06,29.72,4.39,29.63,67.53,0,winter,2026-07-22T02:38:41.961634
12.98,71.56,24.34,3.86,31.36,60.98,0,winter,2026-07-22T02:46:41.961634
12.39,75.89,34.54,1.51,9.68,55.5,0,winter,2026-07-22T02:54:41.961634
13.32,77.4,21.12,3.17,15.31,54.59,1,winter,2026-07-22T03:02:41.961634
10.79,67.0,32.45,5.04,14.15,84.34,0,winter,2026-07-22T03:10:41.961634
9.16,67.89,33.93,3.59,23.87,58.29,0,winter,2026-07-22T03:18:41.961634
-2.26,31.903434250707953,47.45,3.85,49.7,70.20975326882105,0,winter,2026-07-22T03:26:41.961634
10.91,76.86,43.43,3.15,15.84,51.93,1,winter,2026-07-22T03:34:41.961634
11.53,68.97,41.2,0.0,43.3,84.09,0,winter,2026-07-22T03:42:41.961634
12.81,63.19,25.51,0.02,11.24,75.28,1,winter,2026-07-22T03:50:41.961634
13.47,72.38,21.26,2.92,4.98,38.19,0,winter,2026-07-22T03:58:41.961634
13.48,75.89,37.77,2.07,34.89,26.75,0,winter,2026-07-22T04:06:41.961634
12.22,62.37,33.33,2.88,47.74,35.11,1,winter,2026-07-22T04:14:41.961634
-3.2799999999999994,33.07031717080426,26.96,4.06,44.64,101.64241301356765,0,winter,2026-07-22T04:22:41.961634
13.39,65.68,37.36,0.0,20.65,69.91,0,winter,2026-07-22T04:30:41.961634
13.67,66.01,34.6,0.0,8.52,40.91,1,winter,2026-07-22T04:38:41.961634
9.0,67.54,39.02,2.89,35.12,59.38,0,winter,2026-07-22T04:46:41.961634
9.59,62.06,30.48,0.69,6.26,67.48,1,winter,2026-07-22T04:54:41.961634
11.84,62.89,24.61,2.36,31.98,44.04,0,winter,2026-07-22T05:02:41.961634
9.96,72.86,43.09,0.18,49.8,73.98,1,winter,2026-07-22T05:10:41.961634
11.67,75.82,38.22,5.45,23.36,46.89,0,winter,2026-07-22T05:18:41.961634
11.95,68.41,33.13,3.83,2.51,81.0,0,winter,2026-07-22T05:26:41.961634
-5.9399999999999995,31.185740706561905,29.58,3.56,17.74,74.95022857226618,1,winter,2026-07-22T05:34:41.961634
10.8,70.86,38.95,0.57,46.63,77.6,0,winter,2026-07-22T05:42:41.961634
14.03,62.88,24.38,4.85,11.25,73.77,0,winter,2026-07-22T05:50:41.961634
12.26,73.88,29.68,5.65,18.37,35.99,0,winter,2026-07-22T05:58:41.961634
21.54,37.81,41.44,0.02,313.28,61.14,0,winter,2026-07-22T06:06:41.961634
21.84,38.43,31.56,2.54,466.38,72.43,1,winter,2026-07-22T06:14:41.961634
19.74,39.2,23.33,4.03,364.44,56.78,0,winter,2026-07-22T06:22:41.961634
21.32,37.67,40.8,1.39,513.47,63.57,0,winter,2026-07-22T06:30:41.961634
22.56,46.11,20.72,5.94,886.9,76.45,1,winter,2026-07-22T06:38:41.961634
19.39,43.68,18.4,3.07,378.67,37.27,0,winter,2026-07-22T06:46:41.961634
21.46,40.24,27.03,0.22,353.47,41.5,0,winter,2026-07-22T06:54:41.961634
8.530000000000001,15.245722194601399,35.29,0.28,862.83,100.17346984207148,1,winter,2026-07-22T07:02:41.961634
22.46,45.9,31.33,4.07,516.97,64.99,1,winter,2026-07-22T07:10:41.961634
24.86,38.39,26.69,3.86,916.14,32.96,0,winter,2026-07-22T07:18:41.961634
20.09,51.57,32.77,2.62,909.0,66.31,0,winter,2026-07-22T07:26:41.961634
24.15,37.99,26.08,0.0,580.19,26.94,0,winter,2026-07-22T07:34:41.961634
24.4,40.69,26.25,0.0,896.57,44.84,0,winter,2026-07-22T07:42:41.961634
19.75,41.46,39.2,2.74,397.24,27.67,0,winter,2026-07-22T07:50:41.961634
7.52,13.13853718817007,35.74,2.3,542.74,75.86102798644515,0,winter,2026-07-22T07:58:41.961634
20.11,52.57,45.32,4.24,608.11,51.79,0,winter,2026-07-22T08:06:41.961634
20.0,52.55,33.97,4.66,728.74,65.16,0,winter,2026-07-22T08:14:41.961634
20.42,43.57,40.21,0.79,462.5,32.71,0,winter,2026-07-22T08:22:41.961634
23.15,42.83,27.95,3.04,959.66,77.04,0,winter,2026-07-22T08:30:41.961634
24.62,38.63,15.6,3.7,944.21,71.13,0,winter,2026-07-22T08:38:41.961634
20.9,47.93,16.9,0.84,954.87,70.92,0,winter,2026-07-22T08:46:41.961634
20.46,46.95,21.36,6.25,621.77,28.96,1,winter,2026-07-22T08:54:41.961634
22.88,43.19,30.43,4.54,802.13,46.21,0,winter,2026-07-22T09:02:41.961634
24.45,42.98,39.96,2.42,740.19,29.79,1,winter,2026-07-22T09:10:41.961634
20.16,49.18,26.98,0.02,741.79,33.34,0,winter,2026-07-22T09:18:41.961634
23.98,48.31,27.45,3.73,529.99,60.71,0,winter,2026-07-22T09:26:41.961634
21.24,50.37,38.2,4.81,706.3,36.37,0,winter,2026-07-22T09:34:41.961634
23.43,48.79,22.81,2.43,833.46,80.16,0,winter,2026-07-22T09:42:41.961634
24.27,41.03,41.62,1.76,735.28,79.31,0,winter,2026-07-22T09:50:41.961634
22.79,37.28,22.86,3.07,321.55,58.19,0,winter,2026-07-22T09:58:41.961634
22.01,40.66,47.81,6.11,378.35,32.06,1,winter,2026-07-22T10:06:41.961634
23.99,37.43,38.26,3.25,411.71,47.95,0,winter,2026-07-22T10:14:41.961634
22.4,46.88,34.35,3.74,447.33,42.73,1,winter,2026-07-22T10:22:41.961634
20.75,37.94,33.94,0.0,537.66,44.18,0,winter,2026-07-22T10:30:41.961634
23.53,51.76,34.65,1.22,853.0,77.47,0,winter,2026-07-22T10:38:41.961634
21.19,48.59,41.64,2.0,458.13,50.88,0,winter,2026-07-22T10:46:41.961634
21.61,38.58,16.7,0.46,614.36,73.8,0,winter,2026-07-22T10:54:41.961634
22.46,44.15,16.56,0.0,627.46,61.15,0,winter,2026-07-22T11:02:41.961634
24.97,50.95,31.18,2.19,758.13,33.65,0,winter,2026-07-22T11:10:41.961634
20.21,41.57,26.77,3.86,765.93,62.39,0,winter,2026-07-22T11:18:41.961634
23.85,48.75,27.5,1.16,705.91,60.94,0,winter,2026-07-22T11:26:41.961634
23.48,37.94,31.16,6.5,397.56,74.03,1,winter,2026-07-22T11:34:41.961634
24.31,46.34,18.73,2.04,654.72,29.79,0,winter,2026-07-22T11:42:41.961634
20.41,50.35,36.45,5.34,769.14,83.36,1,winter,2026-07-22T11:50:41.961634
19.87,38.71,24.27,0.0,961.56,45.2,1,winter,2026-07-22T11:58:41.961634
20.33,37.1,29.25,4.64,787.1,46.51,0,winter,2026-07-22T12:06:41.961634
22.29,40.66,32.08,3.94,690.86,44.62,1,winter,2026-07-22T12:14:41.961634
23.66,52.17,30.22,4.36,839.11,46.36,0,winter,2026-07-22T12:22:41.961634
19.35,37.1,44.97,0.89,777.12,79.52,0,winter,2026-07-22T12:30:41.961634
39.12,38.36,35.19,7.86,737.83,44.77,1,summer,2026-07-22T12:38:41.961634
39.14,39.87,25.89,3.19,546.02,40.3,0,summer,2026-07-22T12:46:41.961634
37.02,27.36,17.48,0.93,659.88,81.75,0,summer,2026-07-22T12:54:41.961634
34.93,37.84,24.43,3.0,451.49,52.49,0,summer,2026-07-22T13:02:41.961634
38.1,27.02,25.27,2.56,513.33,70.38,0,summer,2026-07-22T13:10:41.961634
34.87,30.98,19.8,5.72,324.65,59.8,1,summer,2026-07-22T13:18:41.961634
34.91,41.36,18.5,8.23,671.14,58.86,1,summer,2026-07-22T13:26:41.961634
36.33,42.3,11.93,1.95,402.44,34.3,0,summer,2026-07-22T13:34:41.961634
38.99,30.7,18.12,1.41,763.16,75.59,0,summer,2026-07-22T13:42:41.961634
39.63,37.77,35.56,3.88,682.45,47.4,0,summer,2026-07-22T13:50:41.961634
35.34,42.24,16.06,1.95,797.83,28.66,0,summer,2026-07-22T13:58:41.961634
34.19,31.82,12.0,7.04,728.02,81.78,0,summer,2026-07-22T14:06:41.961634
38.64,38.39,19.75,5.79,689.4,42.47,1,summer,2026-07-22T14:14:41.961634
36.43,41.34,12.71,4.72,374.01,63.6,1,summer,2026-07-22T14:22:41.961634
38.37,33.7,32.21,6.28,724.59,63.64,0,summer,2026-07-22T14:30:41.961634
35.0,40.27,33.75,8.28,742.58,32.56,0,summer,2026-07-22T14:38:41.961634
39.74,36.65,39.45,6.24,682.59,35.3,0,summer,2026-07-22T14:46:41.961634
36.5,40.28,20.98,5.5,903.28,26.16,0,summer,2026-07-22T14:54:41.961634
34.46,36.6,25.18,8.69,677.21,63.11,0,summer,2026-07-22T15:02:41.961634
39.43,37.51,32.49,5.13,904.11,33.01,0,summer,2026-07-22T15:10:41.961634
36.07,40.59,32.57,0.28,667.94,63.66,0,summer,2026-07-22T15:18:41.961634
34.78,30.14,15.05,6.53,985.44,75.98,0,summer,2026-07-22T15:26:41.961634
36.66,38.37,13.43,0.0,727.45,69.53,1,summer,2026-07-22T15:34:41.961634
35.09,41.23,10.22,2.54,782.05,42.48,0,summer,2026-07-22T15:42:41.961634
35.87,33.44,35.49,3.35,555.7,70.39,0,summer,2026-07-22T15:50:41.961634
38.4,29.44,31.55,7.41,622.11,37.55,1,summer,2026-07-22T15:58:41.961634
36.54,30.92,36.46,1.54,690.7,60.67,0,summer,2026-07-22T16:06:41.961634
34.67,33.61,12.66,0.0,789.65,74.45,1,summer,2026-07-22T16:14:41.961634
39.5,32.34,21.8,3.2,542.25,69.99,1,summer,2026-07-22T16:22:41.961634
53.41,5.193037959768951,16.76,8.79,540.4,84.53677666531702,0,summer,2026-07-22T16:30:41.961634
39.12,35.14,12.97,4.41,482.52,41.1,0,summer,2026-07-22T16:38:41.961634
34.48,38.98,10.76,5.12,635.71,52.51,1,summer,2026-07-22T16:46:41.961634
34.54,38.9,29.28,3.49,565.41,52.81,0,summer,2026-07-22T16:54:41.961634
36.13,40.3,30.76,2.35,837.88,53.28,1,summer,2026-07-22T17:02:41.961634
35.95,33.28,28.7,5.3,720.23,67.73,1,summer,2026-07-22T17:10:41.961634
34.81,40.53,16.18,0.29,945.42,53.87,1,summer,2026-07-22T17:18:41.961634
34.6,29.99,29.31,4.91,483.99,28.13,0,summer,2026-07-22T17:26:41.961634
35.76,35.64,20.18,4.94,696.71,27.78,1,summer,2026-07-22T17:34:41.961634
37.19,35.39,17.94,7.18,842.64,29.83,1,summer,2026-07-22T17:42:41.961634
34.26,36.07,33.49,5.06,999.01,30.9,1,summer,2026-07-22T17:50:41.961634
34.99,38.09,26.59,8.7,856.31,32.66,0,summer,2026-07-22T17:58:41.961634
35.43,32.84,30.89,0.75,653.73,39.8,0,summer,2026-07-22T18:06:41.961634
34.41,27.69,25.61,5.2,961.71,33.9,0,summer,2026-07-22T18:14:41.961634
39.27,30.66,28.64,5.01,660.77,55.55,0,summer,2026-07-22T18:22:41.961634
37.79,27.22,11.58,0.46,698.44,32.12,1,summer,2026-07-22T18:30:41.961634
38.44,38.02,29.95,0.23,726.53,60.22,1,summer,2026-07-22T18:38:41.961634
36.83,28.15,19.15,5.66,554.0,69.07,0,summer,2026-07-22T18:46:41.961634
35.36,29.26,30.45,6.26,411.66,71.41,0,summer,2026-07-22T18:54:41.961634
27.55,61.51,32.05,2.28,16.89,25.12,0,summer,2026-07-22T19:02:41.961634
27.99,61.76,29.03,4.36,40.5,59.55,0,summer,2026-07-22T19:10:41.961634
28.36,64.88,31.07,4.78,5.1,58.03,0,summer,2026-07-22T19:18:41.961634
30.63,58.26,10.59,5.06,13.23,52.17,0,summer,2026-07-22T19:26:41.961634
26.68,62.77,33.8,0.0,19.44,66.55,0,summer,2026-07-22T19:34:41.961634
42.14,29.328109230547717,19.22,5.89,42.37,96.26891204708866,0,summer,2026-07-22T19:42:41.961634
29.65,65.96,33.48,3.23,42.6,41.09,0,summer,2026-07-22T19:50:41.961634
26.96,52.26,15.17,3.47,45.5,66.77,1,summer,2026-07-22T19:58:41.961634
25.35,67.0,35.34,1.96,30.42,57.98,1,summer,2026-07-22T20:06:41.961634
29.57,52.3,21.93,6.6,36.11,29.21,0,summer,2026-07-22T20:14:41.961634
30.09,65.94,26.08,8.25,21.71,68.97,0,summer,2026-07-22T20:22:41.961634
28.56,56.36,32.86,7.98,0.5,41.5,0,summer,2026-07-22T20:30:41.961634
28.39,66.91,20.36,2.25,3.93,51.54,0,summer,2026-07-22T20:38:41.961634
26.67,63.58,38.56,2.75,18.2,50.07,0,summer,2026-07-22T20:46:41.961634
25.07,62.61,29.74,5.42,37.99,64.62,0,summer,2026-07-22T20:54:41.961634
30.57,54.75,18.81,4.82,16.88,71.32,1,summer,2026-07-22T21:02:41.961634
25.41,57.3,11.21,7.53,4.32,73.7,0,summer,2026-07-22T21:10:41.961634
27.75,67.32,14.12,4.46,1.56,39.05,0,summer,2026-07-22T21:18:41.961634
25.35,52.86,33.54,1.58,8.6,53.33,0,summer,2026-07-22T21:26:41.961634
30.19,55.54,20.78,0.0,47.34,42.81,0,summer,2026-07-22T21:34:41.961634
29.87,56.53,28.01,3.09,44.47,26.05,0,summer,2026-07-22T21:42:41.961634
26.52,64.57,15.84,4.0,35.75,36.32,0,summer,2026-07-22T21:50:41.961634
30.83,55.53,33.45,0.93,14.52,67.09,1,summer,2026-07-22T21:58:41.961634
28.39,57.59,15.71,7.39,22.97,58.67,1,summer,2026-07-22T22:06:41.961634
15.86,27.759029648192424,17.31,8.41,6.72,85.65936463331029,0,summer,2026-07-22T22:14:41.961634
30.18,63.68,21.02,0.94,26.15,58.67,1,summer,2026-07-22T22:22:41.961634
30.71,58.27,27.39,5.12,36.9,39.33,0,summer,2026-07-22T22:30:41.961634
27.58,54.76,18.13,2.34,17.44,39.32,0,summer,2026-07-22T22:38:41.961634
28.97,52.07,18.85,0.6,26.71,75.93,0,summer,2026-07-22T22:46:41.961634
26.19,62.79,21.0,3.58,37.92,76.75,0,summer,2026-07-22T22:54:41.961634
10.670000000000002,30.12256475893068,29.96,3.13,27.21,102.1368054147785,0,summer,2026-07-22T23:02:41.961634
26.92,60.42,31.46,4.16,39.87,83.19,0,summer,2026-07-22T23:10:41.961634
27.1,55.83,17.7,2.95,36.65,63.68,0,summer,2026-07-22T23:18:41.961634
28.15,55.18,22.13,0.0,27.1,54.62,0,summer,2026-07-22T23:26:41.961634
29.27,52.68,15.59,2.66,36.49,67.43,0,summer,2026-07-22T23:34:41.961634
26.51,60.65,13.57,2.92,21.85,63.86,1,summer,2026-07-22T23:42:41.961634
25.63,62.44,24.19,3.61,0.67,57.56,1,summer,2026-07-22T23:50:41.961634
28.19,56.91,25.5,5.77,36.07,68.95,0,summer,2026-07-22T23:58:41.961634
26.48,54.94,31.02,6.22,34.1,62.5,0,summer,2026-07-23T00:06:41.961634
29.83,52.46,18.17,2.29,3.07,73.25,0,summer,2026-07-23T00:14:41.961634
29.7,58.3,15.01,5.47,46.26,73.76,0,summer,2026-07-23T00:22:41.961634
25.9,62.26,31.81,4.97,37.63,76.01,1,summer,2026-07-23T00:30:41.961634
27.39,52.6,20.67,2.76,4.81,52.57,0,summer,2026-07-23T00:38:41.961634
11.04,20.88939997510257,15.69,6.56,30.32,112.25996417592022,1,summer,2026-07-23T00:46:41.961634
30.29,61.7,7.02,0.0,25.24,32.15,0,summer,2026-07-23T00:54:41.961634
25.99,66.96,32.55,0.0,13.15,70.31,0,summer,2026-07-23T01:02:41.961634
28.68,62.22,34.11,3.36,13.43,56.35,0,summer,2026-07-23T01:10:41.961634
27.52,55.15,21.53,4.02,31.96,64.64,0,summer,2026-07-23T01:18:41.961634
26.16,64.95,10.49,1.33,12.88,39.1,0,summer,2026-07-23T01:26:41.961634
26.75,62.54,12.12,2.55,45.09,76.65,0,summer,2026-07-23T01:34:41.961634
30.54,67.56,14.87,6.0,38.23,41.66,0,summer,2026-07-23T01:42:41.961634
30.24,57.7,26.99,8.31,43.63,46.77,0,summer,2026-07-23T01:50:41.961634
