temperature_z,humidity_z,soil_moisture_z,rainfall_z,light_z,acoustic_z
-1.4201870362621087,-0.8727361154857395,0.9151611719299254,1.1604727976011917,-0.7321011476558684,0.5652940204587157
1.0628120718442435,0.48327034030015537,0.4868012372475414,-1.382505486199929,-0.7335429554924994,0.20605992688463365
-0.5843056160807313,1.2195895358096034,0.7742349393471213,-1.443219384619423,1.1751644578933167,-1.0303146566530204
-0.3008863630462587,0.30383659378784433,-0.766186454429269,1.2562139451088556,0.21604575213056756,-1.5698004862254054
1.6091129508817041,-0.1441069376839612,-0.15922693785976766,-1.1793474414885448,1.6947076037076036,-1.2131051494963698
0.3665865154769543,0.6832108006995882,1.326777395810392,0.27778612057931523,-0.8921769835667006,1.6582288422512417
-0.7773593101766755,0.8203494498197117,1.5786307124558978,1.6718706342884693,1.7027254619210634,1.6753654509553062
-1.2086494778378287,0.2833298799007226,-0.5192167201009891,-0.2009196169590043,1.1831119840171849,1.3421536150429507
0.467220887931223,-0.5766704337404257,1.2430588418008053,1.0413801507014149,-0.7993386253055852,1.512250323661067
0.47954346415011284,0.6120781369036362,-1.5852329744897231,1.5294264879965793,1.5304118424212663,-0.5765118706009554
-0.7424453442231539,1.3586506893566448,-0.702002229688586,1.2935763441362367,-1.0852385694960653,0.29301234882747673
-0.5268002603925772,0.058396861951361206,0.42959355867432397,0.4972902148651786,0.0035373434290825634,-0.038930108662355294
1.1634464442985122,1.6726597457531898,-1.0926888150666565,0.7798433575097478,-0.4506672911544648,-0.7205863215573455
1.7056397979296762,-0.06400258656239372,0.9416720473662941,-0.6983065540110142,0.6806243699288987,-0.5587405726856297
1.2743496302685244,0.447383590997693,-0.05806701843151719,-0.7777016519441987,0.32027790890554697,0.38821573051672115
-1.2127570032441253,-0.9868047114828512,0.7581888831619508,1.0600613502151053,1.3303522135775223,-1.5469516746199867
-0.471348667407572,0.36087089178640047,1.5074699415477495,1.1371212982090786,0.6102219482475526,-0.2020452359565941
-0.027735923527528815,-1.1841818326463938,1.7509514027922963,1.622832485565032,-1.0369204239465304,-1.0912448209341368
-1.081316190242631,-1.7109480456218216,-1.1861745337106946,-0.45545096033303745,-1.7438634224780458,1.450050780957427
-0.7506603950357471,0.5678605350845302,0.28029547069056143,-0.018777921700521737,-1.0671632224709846,-0.4889247594468508
1.3626614265039032,-1.6622446001399087,0.04658117408046586,-0.03278882133578953,0.44036995188346684,-1.3070391527630907
-1.3832193076054387,-0.446580967519,1.3121266488587142,0.3408351689380206,0.6416955583398627,0.29618579488378516
0.22487688895971805,1.6098579344738806,-1.5294206051499988,-1.167671691792488,-1.5243569708621816,-1.7316462350971211
-1.2332946302756091,-0.2825272564220301,0.8600464572069472,0.7237997589686762,-1.5529469652812296,1.6341106522233
0.19817797381878974,1.2811096774709678,0.28936498070826633,-0.9528378973850473,0.49832359370707224,-0.7167781862897755
-0.36044548143756133,-1.2585186704872082,-0.766884109046016,0.8148706065979172,0.9685639447175397,0.9200852895539668
-0.7527141577388958,-1.090619950536403,1.3874733474673424,1.0507207504582603,-0.8410103883886996,0.6966746871898735
-0.45902609118868215,-0.3600682683077075,1.4007287851855268,0.6233883115825898,-1.1525463792353738,-0.540969274770304
-0.39741321009423153,1.0651483468472216,-0.10690284160377615,-0.11918936908660817,1.2716600848132034,-0.3226361860963036
0.2618446176163882,0.5665788654665854,-1.6815093116007476,1.3099223937107158,0.08420825019082462,1.2977253702546365
0.5966079382295687,1.517577721981835,-0.8373472253374178,-0.959843347202681,-1.599717804859746,1.5236747294637767
0.19201668570934446,0.2596189919687392,-0.5331698124359204,0.14468257404427026,-0.429145671739388,-1.3717774523117772
0.5082961419941898,1.734820722223526,1.1244575569538915,-1.6020095804857923,-0.9662366739068177,-1.2568987050734222
1.6830484081950445,0.6152823109484987,0.2928532537919994,-1.2283855902119822,0.34879757123500327,0.14830320865982557
-1.5906493406234212,-1.011156434223808,-0.25899154805452484,0.417895116931994,-0.42756319972357343,-0.9103583957245723
-1.7077138147028772,0.4063701632234504,0.7616771562456833,-0.9154754983576663,-0.4715559217632159,1.033059969158537
-0.41795083712571457,-0.622169705177476,-1.4345395772724676,0.8195409064763401,0.8236446741137304,0.5107107482902156
0.4261456338682562,-0.6240922096043938,0.08146390491779354,1.0810776996680072,0.8795586853391748,-1.5513944990988182
-0.4549185657823848,0.4518694346605012,-1.2426845576671652,-0.7193229034639159,0.3278737745814563,1.4398957535772412
0.26595214302268483,-1.5725277268837528,0.647959453715995,-0.2826498648314002,-1.3051318476046845,-1.0887060640890904
-1.33187524002673,0.9997831963320227,-0.9036244139283403,1.2912411941970254,1.1281474560012295,1.6068190161390503
-1.477692391950262,-0.8804261331934098,-0.0008593398582997715,0.3828678678438242,1.3324621762652746,1.5827008261111077
0.5206187182130804,-1.5949569451977916,-1.1282692005207304,-0.943497297628202,1.2891024430319586,1.566198906618306
-1.4756386292471142,1.4156849873552009,0.2747142337565891,1.7862929813098238,-0.855217470486234,-0.570799667699601
1.0730808853599854,-1.119457516940167,-1.1708261321422702,-0.4297643110017129,-0.5592248714393371,-1.4365157518604637
-1.1306064951181918,-1.7679823436203776,0.08983576031875201,-1.2097043906982918,-1.265499715119731,1.5617560821394743
1.183984071329996,0.24680229578928825,0.9207424088638977,-0.9411621476889905,-0.9570583362150937,1.6588635314625035
1.66456454386671,-1.477684175155817,1.4942145038295642,-1.1863528913061787,-0.5912611382483811,-0.9135318417808808
-0.7403915815200053,-0.5260444838315951,0.8865573326433164,-0.6632793049228443,-0.971828075029362,-1.3317920320022945
0.07084468622359197,-0.37865247776791106,0.5844728835920587,0.04660627659739511,-0.7729992577534736,1.039406861271153
1.1141561394229529,-0.27035139505155154,0.08634748723501944,-0.4717970099075165,1.7328275962663349,0.9340484522017226
0.9868228518277552,0.44097524290796797,1.1300387938878638,0.7891839572665929,0.7305601535390439,1.519231904984945
-0.14480039760698468,-0.5074602743713915,0.37168822548435965,-1.5973392806073698,-1.6553856537716194,0.5710062233600706
0.23103817706916333,0.3826592752914661,0.8481863287222562,0.4225654168104165,1.0852800473950552,-0.8976646114993401
-0.40152073550052814,-0.4555526548446156,-0.932228253214949,0.6537452607923366,-0.12844082268984375,-0.28899765789943715
-0.867724869115203,0.24680229578928825,-1.6877882031514666,-1.219044990455137,-0.036024456966279074,1.6575941530399805
-0.3337465662966323,-0.2812455868040848,-1.4582598342418505,-0.5348460582662221,0.9550953495607186,0.2371596982364536
-0.8923700215529834,-1.734018098744833,-1.291520380839424,0.35251091863407735,-1.0126558530373753,1.694406127293155
0.767070242590882,-1.3514397177882267,1.1432942316060482,0.3875381677222467,-0.5938282595184802,-0.4863860026018039
0.17558658408415728,-0.9086228647882014,1.4349138614061074,-0.4437752106369807,1.7303308070858274,-0.6241135614455776
0.3748015662895475,1.0382332848703748,0.396803791687236,1.5714591869023828,0.21418195175638577,1.5490622979142414
1.4345431211140942,-1.6013652932875173,1.3881710020840883,0.12600137453057975,1.0625276164121227,1.2628174636352472
-0.9580904280537306,-0.6478030975363775,-0.31131564431051634,0.3875381677222467,1.4206586166133348,0.21431088663103498
-1.6953912384839873,1.702778981774899,0.15541529429292839,1.3986580914007456,1.3533508068740259,0.10197089623772637
0.28648977005416865,0.014820094941228504,1.1942230186285467,-1.2213801403943485,-1.6623836966859988,-1.4891949563951787
0.9169949199207115,1.44067754490513,-1.4254700672547624,1.1441267480267125,1.2292850008341718,-1.7640153848714641
0.45695207441548114,0.9267280281091531,-0.13690199012387794,-0.5091594089348975,1.6873579003452657,1.1174736342563336
-1.6584235098273172,0.6729574437560268,1.5632823108874736,-0.5511921078407014,-0.6018461177319401,-0.19887178990028612
-1.1367677832276364,0.0052075728066404954,-1.4429114326734263,0.39454361753988093,1.4460485009559572,-1.2568987050734222
0.602769226339014,0.5569663433319978,-0.44945125842633377,0.33382971912038684,-0.9403192988922563,0.46374374665685536
-1.2661548335259827,-1.6302028596912816,-0.8778111931087177,0.5042956646828124,-0.3776274161134283,1.509711566816021
0.04414577108266365,-0.510664448416254,0.4051756470881945,-0.943497297628202,-1.2556180565320894,1.3548473992681827
-1.660477272530465,-0.48503105605735247,0.37796711703507885,1.1231103985738107,1.3059469784891835,1.699483640983248
-1.1162301561961532,-1.5520210129966314,-0.23945721878562123,-0.8150640509715797,1.3701953423312507,1.5896824074349858
-0.12631653327864958,-0.4991294218547483,0.7309803531088351,1.6391785351395112,-0.79631434545314,-1.119171146229649
0.6643821074334646,0.12248034284861566,0.9326025373485892,-1.4011866857136195,-1.664915651911302,0.30824488989775595
-1.5865418152171247,1.331094792570826,1.3288703596606317,-0.10751361939055164,-0.5429078266540502,0.24731472561663947
1.366768951910199,0.6024656147690478,-0.46410200537801144,0.4856144651691223,0.07172430428828803,-1.3590836680865443
1.6871559336013418,-1.532155133918483,1.3037547934577558,-1.1816825914277562,-0.18664062682702004,0.8115534344282286
-1.7159288655154705,-1.3495172133613091,0.4205240486566186,1.249208495291222,-1.4712914092652032,1.5541398116043343
0.785554106919217,0.5890080837806249,0.22169248288385068,0.6233883115825898,-1.0560507523154874,-0.29407517158953056
0.7609089544814367,-0.1229593889878675,-1.6033719945251335,1.1464618979659238,-1.4174170286379197,-1.4016078452410736
1.5577688833029955,1.010677388084556,1.6783953226506545,-0.3363583134332603,-1.1294422878044827,-0.08526242108445405
1.6337581033194852,-1.6410970514438146,0.3591304423829217,0.6841022100020839,-0.23727973133308325,-1.111554875694509
-1.1757892745874552,-1.0688315670313364,-0.33224528281291277,-0.9224809481753001,-0.24586024626327704,0.7360254182880939
1.2455969524244475,1.3721082203450685,-0.9357165262986818,0.7564918581176343,1.7322649395496006,-0.06812581238039031
0.33783383763287733,1.644463014158398,-0.06783418306596899,-1.5272847824310305,-1.3991306853440635,-1.049990022202131
1.0196830550781288,0.43713023405413254,-1.52314171359928,-0.8057234512147344,-1.2432044427191449,-0.664733670966322
1.2579195286433364,-1.6334070337361442,-1.3940756095011673,-0.36438011270379606,-1.5945132302299563,0.21811902189860446
0.08316726244248179,1.7284123741338,-0.378988142134932,0.9596499028290189,0.3883593716303649,-0.1696760861822511
-0.3666067695470059,0.14426872635368132,-0.08318258463439308,1.4453610901849723,1.264873038167599,-1.4269954136915388
-1.0443484615859608,-0.0005599404741121279,0.7212131884743833,-1.0439087450142885,-0.08634706706917888,0.8198043941746295
-1.440724663293592,-0.6042263305262449,-0.7138623581732775,-1.6020095804857923,-0.37713509148628604,0.8908895858359323
0.36864027818010225,-0.80480762573465,0.16378714969388686,0.12833652446979102,-1.3868577357103027,-0.46988408310900165
1.4797259005833592,-1.068190732222364,-0.10690284160377615,1.8189850804587824,0.043028811734852505,-1.2480130561157592
0.26800590572583355,0.11158615109608237,-0.04341627147983951,-0.30366621428430196,0.4565463324895704,-0.04146886550740176
-1.6009181541391633,0.0808260802654002,-0.4878222623473945,-0.5535272577799126,1.3634082956856464,0.13053191074449988
1.366768951910199,-1.0566557056608583,-0.2952695881253453,0.7681676078136911,0.18720959539794824,0.3761566355027503
0.32345749871083884,0.16285293581388538,1.0407390029443049,0.9736608024642869,1.4032865904841714,-0.6063422635302519
-1.5084988324974877,0.04493933096293781,0.08704514185176584,-1.1489904922787977,-0.07453127601776416,-1.4085894265649517
-0.6089507685185108,-1.53151429910951,-1.733833407856739,-0.787042251701044,1.36474460538789,0.5678327773037626
1.1798765459237002,0.8863554351438834,0.46447628951165165,-1.0018760461084848,1.5426496260102314,-0.1842739380412684
1.2538120032370406,0.9811989868718186,0.6395875983150364,-0.35737466288616226,0.7344635845113863,1.3688105619159394
-0.6808324631287034,1.4836134771062903,-1.299194581623636,-0.43676976081934693,-0.2657993936625392,-0.5282754905450717
-1.4181332735589602,-1.7224830721833273,1.35747419894724,-0.11918936908660817,-0.9365565320990975,-0.45528623124998435
-0.3440153798123742,0.5262062725013157,-0.9992030964226182,1.5574482872671154,1.1098611127073734,-0.7250291460361769
1.3339087486598262,1.7290532089427728,-1.1108278351020666,-1.576322931154468,0.3756292634142574,-0.32771369978639653
-0.6479722598783297,0.5358187946359032,0.45122085179346677,-0.959843347202681,0.22557575027024995,-0.5987259929951125
0.9252099707333047,-0.1844795306492314,-0.38247641521866454,1.3099223937107158,-0.8611253660119413,-0.541603963981566
-0.5309077857988739,-0.9829597026290162,-0.45573014997705297,-1.620690779999483,0.25989780999102585,0.39583200105186056
0.01950061864488327,-1.76862317842935,1.1160857015529324,0.550998663467039,0.8435134894234009,-0.17411891066108254
0.8204680728727386,0.29742824569811843,0.400989719387715,0.5299823140141372,0.3989795171587197,0.19527021029318584
0.6109842771516072,-1.1655976231861902,0.7902809955322918,1.3215981434067723,1.5098748722604742,-0.4172048785742865
0.9560164112805296,-1.3975798240342496,0.05286006563118458,-0.9738542468379491,-1.6270066556213465,-0.48829007023558885
0.9950379026403484,1.6470263533942877,0.663307855284419,0.28712672033616027,-0.45210909899109564,-0.05987485263398896
-0.11399395705975977,1.4291425183436246,1.003065653639991,-0.9785245467163716,-0.23007069214992823,1.144765270340584
-0.8410259539742747,0.6537323994868508,-1.413609938770071,0.6607507106099708,-0.17478966973080948,-0.1836392488300069
0.15299519434952558,-0.5465511977187164,-1.0731544857977529,-0.23594686604717385,0.31978558427840476,-1.204219500538707
-1.566004188185641,-1.3456722045074736,-0.6636312257675258,-0.11451906920818564,0.22364161780647687,-0.08526242108445405
0.9128873945144141,-0.20626791415429752,-0.6922350650541347,-0.600230256564139,1.686654579449348,-0.43434148727835026
-0.3481229052186708,-0.27996391718614,0.9081846257624597,-0.18457356738452502,0.3051565096433196,-0.7573982958105199
1.5639301714124407,-1.0476840183352427,1.321893813493166,1.2211866960206859,1.4761154692564327,0.8775611123994376
-0.9005850723655766,0.9203196800194272,-0.5666572340397548,1.4920640889691983,0.3612463510927436,1.3053416407897764
0.0010167543165481693,1.0927042436330412,1.1774793078266295,1.6882166838629487,-0.6296976252102745,-0.11509281401375102
1.3831990535353855,0.2929424020353111,1.329568014277378,-0.7660259022481422,-1.2006535285161337,-0.630460453558194
-0.06059612677790241,0.06096020118725131,-1.6570914000146182,-0.6749550546189008,0.9890305827887399,-1.5253722414370916
-0.3008863630462587,1.2112586832929608,1.3442187612290557,-0.7216580534031272,0.5887354948772722,0.8388450705124781
0.48365098955640945,0.9478755768052468,0.6863304576370557,0.43891146638489575,-0.3152780186903383,0.08166084147735421
-0.5555529382366542,1.632287152787919,0.110067744204402,0.5580041132846727,1.1086303011395175,1.448146713323643
-0.4939400571422037,0.3012732545519538,0.3661069885503873,-0.08182697005922711,0.487492451909942,0.425027704769896
0.3706940408832509,-1.4225723815841786,-0.11667000623822793,0.5206417142572917,0.3054378380016868,-0.2375878317872455
0.7075111241995793,1.6527938666750408,1.0484132037285168,-0.04212942109263479,-0.48411019975534375,0.33870997203831443
-0.39535944739108286,1.7168773475722947,-0.951064927867106,-0.6399278055307313,-0.7622384480459351,-0.8094428111339735
1.695370984413935,0.09172027201793348,-0.44387002149236143,0.08396867562477617,0.04387279680995359,-1.7322809243083828
-1.5290364595289707,-0.027475002450958914,-0.45991607767753195,-1.137314742582741,0.2712564424600942,-0.9827129658083982
-0.9026388350687252,0.7921527182249192,-1.495235528929418,-0.23828201598638513,-0.8282099480830004,0.27524105091215145
-1.709767577406026,1.587428716159842,-1.710810805504103,0.14001227416584774,-1.3962119036260057,-0.05162389288758806
0.2803284819447233,1.3881290905693822,1.0909701353500567,1.2935763441362367,-1.1034897467451255,0.6522464424015593
-1.6481546963115754,1.2638071376287086,1.068645187614167,-0.9458324475674132,-0.5598930262904586,1.4475120241123811
-1.0587248005079992,0.9837623261077092,-0.04969516303055872,-0.9761893967771603,-1.3245083382872127,-0.1227090845488904
-1.6358321200926846,1.4541350758935538,0.4728481449126101,-1.0462438949535,-1.4467806760424768,1.0501965778626006
0.21666183814712484,-0.9573263102701147,0.06681315796611585,-1.0649250944671904,-1.6087554783722864,1.032425279947275
-0.974520529678917,1.240737084505697,0.5251722411686016,0.7144591592118308,0.1872447614427441,0.2263699816450058
1.173715257814255,0.5729872135563113,0.9437650112165338,-0.3620449627645848,0.52469812730398,-1.4841174427050858
0.7999304458412556,0.13850121307292915,1.5981650417248012,-1.1536607921572202,-1.3588655640527845,-0.9338418965412529
-0.9313915129128015,-0.14538860730190648,-1.4610504527088366,-0.17056266774925702,0.24495224095277815,0.9435687903706473
1.1121023767198035,-1.2271177648475537,-1.46035279809209,1.0834128496072184,1.4323337434855656,0.9854582783139147
0.5883928874169755,-1.7795173701818834,-1.1491988390231271,0.5696798629807295,-0.7667748678246031,0.7550660946259435
1.095672275094617,0.6562957387227414,-1.5761634644720182,1.7512657322216545,-1.515459961528825,-0.7948449592749558
1.5290162054589185,-1.0188464519314782,0.7393522085097937,-0.06548092048474806,1.3463879300044421,1.5801620692660618
-0.6993163274570384,0.05262934867060858,-0.08736851233487257,0.716794309151042,-1.5463709149044005,0.6351098336974955
1.457134510848726,-0.9265662394394326,-1.2552423407686033,1.7139033331942732,0.613351726234386,0.9829195214688679
1.7015322725233804,1.4964301732857412,-0.23527129108514175,0.9082766041663698,-0.1256627051509696,0.7188888095840301
1.7097473233359735,-0.7048373955349336,1.5004933953802835,-0.014107621822099,1.0620704578297764,-0.9420928562876538
0.5596402095728985,1.5656403326547754,1.2709650264706673,-0.4227588611840789,0.6743999800000282,1.1847506906500664
-1.6707460860462071,-0.8727361154857395,0.46377863489490473,0.5042956646828124,-1.6898835437163746,1.4107000498592066
0.6684896328397611,1.1292318277444755,1.4816567207281268,-0.42042371124486766,-0.7810522820117293,-1.6637344894921269
0.45695207441548114,0.8491870162234753,0.031232772512041755,0.4996253648043899,0.8371484353153473,-1.7513216006462315
-0.31320893926514926,0.5140304111308376,1.5144464877152146,1.0273692510661467,-0.579867339734517,-0.6393461025158569
-0.3933056846879349,-0.42287007958701617,0.6647031645179123,1.3122575436499273,1.2088535288077675,0.2041558592508487
-1.4345633751841473,-0.1960145572107371,0.030535117895295342,-0.37372071246064137,1.264626875854028,0.6325710768524486
1.5906290865533697,-1.6827513140270296,0.558659662772436,0.4085545171751489,-1.0254562933430744,1.5173278373511598
-1.15730541025912,-0.9259254046304601,0.6612148914341798,-1.4899223834036495,1.4722472043288857,-0.5885709656149262
0.6191993279642004,-0.2049862445363527,1.0623662960634481,0.5860259125552088,1.2380413459883453,0.9600707098634492
-0.22900466843606698,1.107443444239409,0.994693798239032,-0.8150640509715797,0.6568521236468859,-0.38229697195489665
-0.7527141577388958,-0.2530488552092932,-0.597354037176603,-0.6072357063817727,0.9040342525171053,-0.6634642925437989
-1.0751549021331865,1.1497385416315973,-1.2552423407686033,-0.8197343508500023,0.8937306013919131,-0.12588253060519838
-0.11399395705975977,-1.006670590561,1.3253820865768986,-0.854761599938172,-0.7146939554819093,-1.4555564281983122
-1.10801510538356,-0.7529000062078742,-0.08108962078415334,-0.15421661817477797,1.2130382881384763,-1.4625380095221903
-0.37687558306274777,-0.2152396014799131,-0.048299853797065403,-0.044464571031846055,-0.7818611010420344,1.4056225361691137
-1.3832193076054387,0.9876073349615446,0.5705197912571275,-0.5745436072328144,-0.8927396402834346,-1.6897567471538537
-0.9067463604750219,-0.49079856933810556,1.1370153400553293,0.5276471640749258,1.3320401837277245,-1.4847521319163473
1.4037366805668694,-1.1547034314336568,0.8412097825547905,-0.03979427115342353,-1.0222561832666497,0.6884237274434717
1.6029516627722589,1.3157147571554844,0.5802869558915793,-0.6702847547404783,-1.691747344090556,1.631571895378253
-0.4158970744225667,-0.4254334188229063,-1.1303621643709703,-1.3101158380843783,1.1567374504202772,1.3059763300010374
-0.471348667407572,1.537443601059984,0.20285580823169402,0.041935976718972374,0.0064561251471404995,0.8496347871039259
0.362478990070657,0.6152823109484987,0.7756302485806146,1.0367098508229922,-0.8930561346865976,-0.6539439543748741
-0.9642517161631752,1.6085762648559356,1.674209394950176,-1.5039332830389172,-0.3012116007719875,-0.9750966952732588
-1.0258645972576257,0.5069812282321396,0.7512123369944852,1.407998691157591,1.4878257621734594,-0.25218568364626276
0.29675858356990975,-0.6638239677606911,-0.44387002149236143,-1.658053179026864,1.3102020699094847,0.7506232701471116
-1.5824342898108281,-0.629218888076174,1.301661829607516,-0.9831948465947944,-0.5882368583959356,-0.14428851773178558
0.06057587270785008,-0.7439283188822586,0.37308353471785294,-0.6632793049228443,0.6429967019973102,-1.32227169383337
1.387306578941683,-0.09604432701102071,1.1412012677558083,1.1394564481482898,1.0693146630577273,-1.3495633299176202
0.75680142907514,-0.14987445096471427,0.1714613504780989,-1.4572302842546911,-1.7007850176030965,-1.1318649304548811
-1.397595646527477,-1.4155231986854808,1.018414055208415,-1.4315436349233666,1.2878716314641032,1.3472311287330436
0.5370488198382668,1.432346692388487,1.2688720626204282,1.5551131373279037,-1.619481122035029,0.5944897241767512
-0.0030907710897484387,-0.2652247165797713,-0.738280269759407,-1.2820940388138427,-0.3874739086562737,-0.43814962254592016
0.8697583777482993,1.5541053060932692,1.6686281580162026,1.153467347783558,-0.474896696018824,-1.5666270401690974
-1.1922193762126423,-1.0137197734596979,1.2556166249022431,-1.405856985592042,-1.335831804711485,-0.5682609108545545
0.9293174961396012,0.5185162547936448,-0.350384302848323,-0.8407507003029042,-1.204873453891639,1.3776962108736013
1.5433925443809569,-0.6080713393800803,-0.5352627762861601,1.3052520938322933,-1.3800003569751065,0.8337675568223852
-0.7136926663790769,1.5419294447227911,-0.8206035145355003,0.5486635135278277,-0.2567265541052032,-0.2864589010543907
-1.3277677146204325,-1.1995618680617344,-0.7285131051249553,0.3455054688164431,-0.5430133247884378,0.664940226626792
-1.3934881211211798,0.8549545295042283,1.408402985969739,-0.4717970099075165,0.9229184185724912,-0.9217828015272816
-1.4201870362621087,-1.5917527711529291,1.3198008496429263,-1.2073692407590804,-0.34773627803693286,-0.7440698223740256
1.1326400037512874,-0.26394304696182647,0.18332147896279044,-1.18868804124539,1.7038156093097363,0.8077452991606586
0.6828659717617996,1.336862305851578,-1.6515101630806457,-0.26630381525692093,-1.5074772693601606,0.43835617820638983
1.0237905804844254,0.030840965165542,0.1965769166809748,-0.06548092048474806,1.1420028776508049,-0.6298257643469325
1.301048545409452,0.946593907187302,-0.9371118355321749,-1.0322329953182319,-1.7192823571657279,-0.10747654347861117
-1.3339290027298778,1.401586621557805,0.3479679685149771,-1.0205572456221754,0.13720347969821103,1.4189510096056075
0.8553820388262608,-1.359129735495897,1.0484132037285168,-0.43676976081934693,-0.946403024641943,-1.1978726084260907
-0.1776606008573583,-1.7647781695755147,0.4735457995293565,1.0437153006406261,0.5653500750880136,-1.6009002575772253
-0.8061119880207525,-0.41069421821653807,0.9402767381328012,0.5673447130415182,-0.4765495001242303,1.0140192928206881
1.4345431211140942,0.690259983598286,0.2879696714747735,0.006908727630802791,-0.5380900785170151,-0.6444236162059498
-0.6335959209562912,-1.6590404260950458,1.120271629253412,-1.447889684497846,1.1835691425995316,-0.13476817956286122
-1.235348392978757,-0.9240029002035425,1.592583804790829,-0.049134870910268795,1.5669493629641829,1.0673331865666653
-1.1634666983685653,-0.734956631556643,0.14355516580823685,0.5463283635886164,-0.3946477817946329,0.7975902717804728
-0.1365853467943915,1.0286207627357873,0.8684183126079061,-0.3223474137979925,-1.2072647449377585,-0.9446316131327007
1.2024679356583319,1.2118995181019336,-0.00016168524155335662,-1.5202793326133965,1.0306320137822624,-0.6069769527415139
0.8348444117947771,0.7383225942712265,1.7397889289243518,1.4336853404889154,0.6121209146665303,-0.21473902018182686
-0.04005849974641864,0.1622121010049125,-0.37340690520095965,-1.0812711440416696,-0.27758001866915805,-0.05416264973263453
0.9354787842490465,0.7927935530338921,-0.947576654783373,-1.3241267377196462,0.38653073730097937,-1.6605610434358187
0.7444788528562503,0.946593907187302,0.43377948637480296,-1.321791587780435,-1.1681952691695394,-1.2207214200315093
-0.09551009273142394,0.051988513861635714,1.121666938486905,-1.4899223834036495,0.3174294592770807,-1.0106392911039102
1.0135217669686836,-0.4747776991137921,-0.3608491220995217,1.3215981434067723,0.31078307681066003,0.550061479388437
-0.19409070248254473,0.09428361125382313,0.8977198065112615,0.47627386541227684,-1.117942991156231,-0.84308133933084
0.27416719383527804,-1.773109022092158,0.051464756397691755,-0.14020571853950997,-0.7256657614582229,0.08483428753366264
-1.7672729330941792,-1.2745395407115216,1.107713846151974,0.8125354566587059,0.5614114780708754,-0.6317298319807174
1.6234892898037425,-1.2072518857694052,-1.608953231459106,1.3356090430420402,1.1279364597324542,0.2695288480107966
1.0895109869851727,-0.9073411951702566,-1.6194180507103042,0.23341827173430038,-1.46475052493317,0.5792571831064715
-0.5658217517523961,-1.0822890980197597,0.9891125613050598,0.7985245570234383,1.1326135436903058,-0.6145932232766532
-0.547337887424061,0.985684830534627,0.8865573326433164,-1.5109387328565511,0.28338872791467196,0.5995672378668441
-0.471348667407572,1.2413779193146701,-1.4638410711758227,0.1493528739226928,0.9685991107623355,1.515423769717375
-1.5249289341226742,-0.740724144837396,0.5112191488336704,0.5183065643180804,0.775748521101746,1.5376378921115326
1.1470163426733258,-1.6635262697578534,-0.7138623581732775,0.02792507708370458,1.1276902974188832,0.3120530251653259
-1.5701117135919382,-0.8829894724292998,0.15192702120919532,-0.8290749506068475,-0.028815417783124044,0.8985058563710712
0.8081454966538488,0.1820779800830614,1.2521283518185107,0.9970123018563999,0.12721632297618227,1.140957135073014
0.5308875317288215,-0.2735555690964145,1.4732848653271677,0.721464609029465,0.19392630995396065,0.78108835228767
0.6068767517453106,-0.5798746077852887,-0.17806361251192435,1.3145926935891386,1.1870857470791194,0.9270668708778447
1.4222205448952052,-1.3475947089343914,1.7474631297085639,0.04660627659739511,-0.9592034649476422,0.30443675463018605
1.5351774935683637,1.645744683776343,-1.549652589035649,1.7489305822824428,-0.9273781944073736,-0.037026041028570336
0.29059729546046525,1.555386975711215,0.9535321758509856,1.830660830154839,1.5400473386953366,-0.8145203248240664
-1.1367677832276364,-1.3873264670906886,-1.1366410559216893,1.1884945968717278,1.4138364039229343,-1.5279109982821382
-0.9046925977718732,0.8575178687401189,0.3856413178192909,-1.4525599843762684,-0.6352538602880232,0.484688490628489
-1.7652191703910312,-0.7753292245219132,1.664442230315724,-0.9972057462300621,-0.4074833881451279,0.9537238177508333
0.758855191778288,0.6229723286561686,-1.1324551282212096,-0.25696321550007567,-0.14834480404431002,1.4570323622813048
1.3544463756913085,-0.4613201681253687,0.7016788592054798,0.8709142051389888,0.3423621850373576,0.08356490911113917
-1.2990150367763564,1.0805283822625622,0.22448310135083685,-0.5114945588741089,0.8740376163062223,0.37552194629148883
-1.7446815433595475,0.10197362896149391,1.398635821335287,0.910611754105581,-1.3181784502239546,-0.1411150716754776
-1.5434127984510093,0.287174888754558,-1.0940841243001496,-1.3941812358959855,-1.091076132932181,-0.448939339137368
0.631521904183091,-1.1098449948055789,-1.549652589035649,1.6251676355042433,1.3655534244181953,-1.5120437680005974
1.512586103833732,1.2817505122799397,-1.4080287018360986,1.5691240369631716,-1.746958034420083,-1.3064044635518293
0.023608144051179877,0.06929105370389449,-0.21085337949901228,-1.174677141610122,0.9848809895028265,0.10895247756160427
-1.6543159844210207,1.2958488780773356,1.7049061980870241,-0.5114945588741089,0.3174646253218766,-0.9877904794984915
-1.3441978162456198,-1.6635262697578534,-0.6350273864809173,1.0250341011269355,0.9975055995845461,0.19463552108192433
0.8430594626073703,-0.6452397583004875,0.6556336545002069,1.2468733453520107,1.445626508418407,0.9492809932720013
-0.46724114200127537,0.03148179997451487,0.4672669079786378,-1.5062684329781286,0.645845151625776,1.140957135073014
0.6376831922925356,0.44610192137974813,-0.2687587126889766,-0.5465218079622787,0.3541428100439765,-1.4473054684519109
0.6089305144484592,0.45507360870536373,0.8405121279380441,-0.23594686604717385,1.2102250045548062,-0.513677638686054
1.607059188178556,-1.1617526143323549,-0.5631689609560222,-0.23828201598638513,-1.7169613982092,-1.0334881027093288
0.3706940408832509,0.5486354908153542,1.5821189855396303,-1.27742373893542,0.23830585848635744,-0.9731926276394738
1.693317221710787,1.0991125917227662,-0.17178472096120562,0.9573147528898076,-0.878884218633859,0.4205848802910641
1.4222205448952052,-0.9803963633931262,-0.8185105506852606,1.5084101385436774,-1.5570613925223473,-1.7589378711813712
0.052360821895256864,-1.4533324524148603,0.04169759176323996,0.6747616102452384,-1.1169583419019466,0.04802231328048778
-1.2825849351511691,1.504120190993411,-1.496630838162911,0.3011376199714283,-0.8677365824335662,-1.4396891979167716
-1.3934881211211798,1.4009457867488322,-1.4457020511404124,1.3683011421909987,-1.7508262993476296,0.1597276144625349
-0.9375528010222468,-1.011156434223808,-1.301287545473876,-0.8827833992087079,0.8123563737342537,-0.8570445019785957
-1.0299721226639222,1.6047312560021003,1.3456140704625486,0.0886389755031987,1.1318047246600007,-1.015716804794003
-0.34196161710922623,1.4413183797141027,0.6737726745356177,1.660194884592413,1.6045418648509755,0.3247468093905582
0.5534789214634532,-0.9457912837086085,1.4028217490357664,-0.15188146823556647,0.49012990526963274,-1.383836547325748
-0.8595098183026098,-0.8368493661832771,-0.6475851695823552,1.6345082352610887,-1.688090075431785,0.07467926015347633
-0.09961761813772128,0.17182462313950098,0.6912140399542815,-0.9831948465947944,-0.806617996578332,-1.4123975618325215
1.6378656287257811,-1.5449718300979336,0.8942315334275285,-0.33869346337247175,-1.622048243305128,1.5852395829561547
-0.43027341334460517,-0.436968445384412,-0.48572929849715474,1.5527779873886924,-0.4845321922928943,0.4110645421221402
1.7138548487422693,1.4349100316243768,-0.9140892331795385,-1.644042279391596,0.3676465712455934,0.6915971734997806
0.2228231262565694,0.6095147976677456,-1.1589660036575788,-1.0859414439200923,0.058959030027384694,1.630937206166992
1.2353281389087047,-1.7096663760038764,-0.5547971055550632,1.718573633072696,-0.3392612612411266,0.6979440656123965
-0.8492410047868679,0.2506473046431236,-0.3245710820287007,0.9339632534976946,0.088111681163167,-1.2137398387076312
0.20433926192823426,-0.1876837046940939,-0.31619922662774225,-0.15421661817477797,0.3931067876778084,-0.12651721981646033
0.12013499109915199,-0.8682502718229317,-1.6529054723141388,-0.2266062662903286,1.073358758209253,1.578892690843538
-1.214810765947274,1.440036710096157,0.2119253182493989,0.275450970640104,0.3593122186289705,-0.6590214680649675
1.4057904432700172,1.6867581115505854,-1.3131476739585675,-1.2307207401511935,-1.2946875323003089,0.3139570927991108
-1.689229950374542,1.3291722881439083,1.214455002514197,-1.5483011318839324,0.2125643136957757,1.1752303524811416
1.1223711902355462,-0.3363573803757232,0.5726127551073673,-0.6399278055307313,-1.1627093661813825,-1.2442049208481898
1.2805109183779682,-0.651648106390213,0.8049317424839695,0.31514851960669626,-0.5271534385854972,1.5992027456039106
-0.12837029598179753,0.4973687060975512,-1.5852329744897231,0.312813369667485,0.3209460637566684,-0.4089539188278852
1.4879409513959523,0.2333447648008644,0.44843023332648063,-1.2797588888746314,-1.387596222651016,-1.1959685407923055
0.8574358015294088,-1.4892192017173227,-1.1973370075786394,-0.4274291610625017,-0.5476552427014937,-1.480309307437516
1.0135217669686836,1.4060724652206134,1.214455002514197,1.4430259402457608,-0.5174124441770394,-0.6818702796703862
0.2577370922100916,0.5479946560063822,-1.5036073843303763,-1.0976171936161485,-1.2553367281737224,-1.504427497465458
1.693317221710787,-0.11719187570711442,0.5998212851604829,-0.2639686653177096,-1.397548213328249,1.1498427840306769
-0.06470365218419902,0.914552166738675,1.5695612024381929,-0.05847547066711405,-1.5382827246013488,0.904218059272426
1.6050054254754083,0.6953866620700663,-1.1966393529618928,-0.943497297628202,1.7362035365667383,-0.654578643586136
-0.9888968686009555,-1.1720059712759152,1.4697965922434353,1.7536008821608657,-0.9056104126787257,-1.012543358737695
1.387306578941683,-0.3113648228257941,-1.6312781791949957,-1.606679880364215,1.0947397134451464,1.3028028839447294
0.5144574301036351,-0.6285780532672016,-0.8624627915402936,-0.8921239989655531,-1.2136649650906084,0.10260558544898787
0.7793928188097717,0.4730169833565949,-0.5966563825598565,0.8849251047742568,-1.255793886756069,0.07975677384356926
-0.6027894804090663,1.4451633885679382,0.0026289332254327987,1.4920640889691983,1.4258631912431239,-0.38293166116615857
-1.089531241055225,-1.756447317058872,1.4523552268247715,0.1306716744090025,0.08244994795103076,-1.6009002575772253
0.7835003442160684,-1.1803368237925584,-0.6217719487627325,0.4272357166888395,1.3592938684445293,1.2996294378884214
0.7054573614964313,-0.5926913039647392,-1.5866282837232162,1.769946931735345,-0.5926326139954202,0.13687880285711626
0.4076617695399211,-0.863123593351151,-0.0838802392511395,1.3729714420694212,1.2530220810713888,1.3523086424231365
-1.5249289341226742,0.6447607121612352,-0.06015998228175693,-0.6095708563209842,-0.5368592669491593,1.3669064942821543
-1.6070794422486085,-0.2261337932324464,0.04937179254745201,-0.4344346108801357,-1.5539667805803101,1.1619018790446478
1.3914141043479789,1.471437615735812,-0.9594367832680646,-0.13553541866108743,0.2608472932005149,-1.469519590846068
-0.8554022928963132,0.021869277839926406,-0.7375826151426605,-0.09350271975528364,0.44082711046581324,-1.7081627342804409
-1.3565203924645095,-1.5898302667260116,1.0944584084337896,-1.5926689807289474,-1.2221048158416188,1.575084555575969
-0.15096168571642998,-0.4388909498113297,0.39331551860350294,1.0904182994248526,-1.3588303980079885,-0.32454025373008855
0.602769226339014,-0.5965363128185746,-1.168035513675284,-0.6025654065033502,1.3474429113483182,-0.45782498809503086
-0.1489079230132813,0.3051182634057892,1.262593171069709,-0.025783371518155736,-0.5384769050097697,0.6884237274434717
0.9272637334364526,0.29101989760839336,0.030535117895295342,-1.5809932310328907,1.2698666165286137,1.0121152251869032
-1.1408753086339336,0.651809895059933,0.004721897075672539,1.3893174916439006,-0.42925116987377554,0.5875081428528733
-1.2846386978543178,-0.11206519723533422,0.8209777986691406,0.5299823140141372,-1.051619830671207,-1.4758664829586845
-0.8882624961466867,-1.6692937830386065,-1.3257054570600053,-1.2820940388138427,1.4476309729717718,1.5484276087029802
1.4756183751770617,0.703717514586709,-0.9545532009508387,1.071737099911162,1.2438085773348686,-1.2219907984540326
-0.6459184971751818,-1.7654190043844875,0.8209777986691406,1.4009932413399573,-1.0262299463285838,-1.5596454588452195
1.3400700367692702,-0.5048969351355014,-0.4696832423119838,-0.25929836543928714,-0.031066044650060125,-1.0271412105967124
-1.0402409361796643,-1.6244353464105286,-1.1757097144594961,1.7979687310058805,1.537093390932483,0.025808190886331107
0.29059729546046525,1.1529427156764598,0.10518416188717611,-0.9808596966555828,1.142635866457131,0.43835617820638983
0.6212530906673491,1.1369218454521464,0.07588266798382123,0.48794961510833357,-0.6434475487254627,-0.35310126823686205
0.8902960047797824,-0.13641691997629088,1.7167663265717157,-1.2890994886314764,-0.9834328698120015,1.5522357439705494
1.0812959361725787,0.30639993302373403,-0.5087519008497909,-1.658053179026864,1.736906857462656,0.6357445229087565
-0.7814668355829728,-0.3658357815884601,-1.3724483163820242,0.3408351689380206,0.7369252076470978,-1.1305955520323583
-1.1963269016189388,0.511467071894947,1.4411927529568267,-0.7893774016402553,1.0862646966493397,-0.9344765857525145
-1.1614129356654166,-0.7721250504770506,-1.3445421317121622,1.0507207504582603,-0.15857812307991054,0.724601012485385
1.4016829178637213,1.3125105831106219,-0.4306145837741771,-0.9154754983576663,0.2982991309081238,-1.7411665732660455
-0.307047651155704,1.0798875474535903,1.746765475091817,-1.2026989408806579,-0.8295814238300395,-0.3067689558147629
1.66456454386671,0.017383434177118608,-0.20387683333154713,-0.5722084572936031,-0.17879859883753982,-0.20077585753407062
0.19201668570934446,-1.661603765330936,1.512353523864975,1.4406907903065496,0.9232700790204501,1.2882050320857117
1.414005494082612,0.7588293081583474,-0.641306278031636,0.8312166561723965,1.0138578104146292,0.48722724747353596
-0.8020044626144558,1.4701559461178673,-0.7780465829139606,1.7022275834982166,-0.9696477802520176,-1.3165594909320155
-1.551627849263603,-1.1873860066912563,1.1963159824787861,0.030260227022915847,1.6305999040447199,0.5856040752190883
-1.2497247319007956,-0.587564625492959,0.16936838662785916,0.8008597069626496,-0.6556501662696317,0.9746685617224669
-1.720036390921767,-1.3001729330704233,-1.3187289108925397,-0.4647915600898827,-1.7319069672474479,0.850904165526449
-0.44054222686034705,-0.6676689766145265,-0.38735999753589045,1.2772302945617575,-1.6734610007967001,-1.737358437998476
1.6481344422415223,-1.5885485971080662,0.2935509084087458,-0.6212466060170407,-0.990712241084748,0.8667713958079897
0.23719946517860788,-1.230962773701389,1.0323671475433465,0.06528747611108564,1.15244719295518,-1.2797475166788408
-0.8718323945214996,-1.1502175877708491,-0.10201925928655026,0.6560804107315479,1.518385055101077,-0.8633913940912121
-1.6912837130776908,1.010677388084556,-0.04271861686309309,-0.7917125515794665,1.2782713012348288,0.16290106051884287
0.13245756731804254,1.0856550607343434,-0.3085250258435302,-1.2400613399080387,-0.5992438304170451,0.8502694763151879
-0.3111551765620006,0.6979500013059559,0.07867328645080739,0.4622629657770088,0.7126958027827386,-0.8284834874718222
1.3380162740661221,0.0020033987617779775,0.3835483539690512,0.611712561886533,-0.03609478905587076,-0.7218556999798685
-0.5904669041901758,0.319216629203185,-1.0878052327494305,-0.45078066045461473,-0.5101682389490886,0.5481574117546519
1.0073604788592383,1.4458042233769102,1.430727933705628,1.029704401005358,-0.010423576354880306,-1.2594374619184685
-0.03184344893382542,-0.1626911471441648,0.5621479358561691,-1.4525599843762684,-1.5943022339611812,0.20225179161706372
-1.1716817491811586,-0.4933619085739957,-1.1261762366704908,0.24509402143035672,0.179824725990814,-1.0683960093287181
-1.728251441734361,1.1285909929355027,-0.18713312252962971,-1.055584494710345,0.2225866364626007,0.5234045325154484
-0.38303687117219304,0.9491572464231917,1.035855420627079,1.2795654445009688,-0.7095948789865072,-1.1077467404269397
1.046381970219057,-0.6567747848619931,1.349799998163028,-0.47646730978593926,1.2329071034481471,-1.1578871881166082
-0.7054776155664837,-0.321618179769355,1.5402597085348375,0.48094416529069933,-0.45988079489098455,-0.055432028155157534
-0.6377034463625879,1.6265196395071668,-1.6012790306748939,-1.0112166458653302,-0.34464166609489566,1.5903170966462477
0.7034035987932827,1.504761025802384,0.9779500874371151,0.7891839572665929,1.3943895811508145,0.2707982264333201
0.0544145845984048,-1.076521584739007,0.4316865225245637,0.33382971912038684,-1.0452196105183573,1.1726915956360955
-1.0731011394300378,0.8171452757748483,-0.4306145837741771,0.3992139174183035,0.10875414945834683,0.9924398596377926
1.0628120718442435,0.2083522072509353,-0.13271606242339845,-1.3101158380843783,1.6394617473332809,-0.9224174907385436
0.9539626485773817,1.6034495863841556,-0.3350359012798989,-1.1279741428258958,-0.23070368095625424,-0.7916715132186478
0.923156208030156,0.8235536238645742,1.285615773422345,-0.35270436300773955,-1.6190239634526826,-0.3537359574481236
1.2517582405338912,-0.5696212508417278,-0.8652534100072798,0.5860259125552088,-1.2170057393462166,0.8927936534697172
-0.027735923527528815,0.24295728693545288,-0.5380533947531463,-0.4157534113664451,0.571293136658517,-0.41657018936302503
-0.06264988948105107,-1.209174390196323,-0.4745668246292096,0.3922084676006697,1.5651910607243888,-0.5301795581788566
0.33167254952343206,0.020587608221981583,-1.2971016177733965,-1.2050340908198691,0.3463359480992917,-0.6869477933604791
-0.6418109717688845,0.1179944991858074,-0.4934034992813668,-0.2125953666550608,0.7287315192096583,-0.07828083976057616
0.39123166791473396,-1.0970282986261284,0.5537760804552105,-0.9645136470811038,-1.612342414941466,-0.4172048785742865
1.2969410200031561,-0.622169705177476,0.9612063766351977,-1.4198678852273101,-0.5010250673021608,0.11022185598412772
1.0443282075159084,-0.7663575371962976,-0.6113071295115342,-0.8757779493910739,-0.9918727205630119,0.9803807646238217
1.66456454386671,0.3826592752914661,0.582379919741819,-0.007102172004465208,0.07182980242267598,1.03052121231349
-0.3255315154840391,-1.189308511118174,0.9242306819476303,1.7746172316137674,-0.056842755485438115,-0.7999224729650491
0.8101992593569967,0.7761318480006056,-1.7010436408696512,1.4220095907928592,-0.5275754311230478,0.21494557584229648
1.1470163426733258,0.7786951872364962,-0.7606052174952967,-0.4858079095427845,1.2291091706101926,0.3863116628829366
1.2086292237677771,1.0260574234998967,-1.6836022754509872,-0.13553541866108743,0.2140412875772024,-0.07701146133805316
-1.1059613426804114,0.3172941247762673,0.09471934263597791,-1.3428079372333366,-0.8825766533374262,0.7931474473016409
-1.2415096810882023,0.6947458272610934,-1.6222086691772906,0.2801212705185265,1.5025603349429322,-1.060779738793579
-0.40562826090682474,-1.381558953809936,-0.06643887383247565,-1.47357633382917,-0.13790048873993446,0.014383785083621797
0.36864027818010225,-1.4520507827969156,-1.519653440515547,-0.7520150026128742,0.07119681361634995,0.27333698327836653
1.3606076638007538,-1.2489061483526203,-0.8178128960685142,-0.25929836543928714,0.47901743511413575,1.6531513285611488
1.697424747117083,0.7588293081583474,-0.9880406225546734,1.347284792738097,-0.5628118080085165,0.43137459688251195
1.0176292923749801,-1.1136900036594144,0.5335440965695601,-0.9855299965340056,1.6359099768088972,1.5312909999989157
0.680812209058651,1.3208414356272646,-1.6926717854686923,0.1563583237403268,1.5077297435279262,0.004863446914696993
-1.5803805271076794,-1.3751506057202105,-1.4631434165590762,-1.4362139348017893,0.7556687095233,-0.9433622347101773
-0.10167138084086921,0.4050884936055056,-1.0871075781326838,0.44591691620252955,0.3326211906288998,1.1117614313549786
0.9046723437018209,-0.4267150884408516,1.4990980861467906,0.7658324578744798,-0.3995710280660556,-0.6050728851077289
0.8635970896388541,-0.27932308237716713,-0.11806531547172076,0.8312166561723965,-1.6136435585989135,-0.13603755798538467
-1.5167138833100808,0.6812882962726704,-0.6064235471943084,-0.9271512480537227,-1.598346329112707,0.24985348246168593
0.5329412944319702,-0.9041370211253936,0.5705197912571275,0.6817670600628727,1.218453859037042,0.0702364356746449
-0.08934880462197939,-0.3498149113641466,-0.07969431155066051,-0.5558624077191239,0.22990117378014288,-0.6780621444028162
-1.323660189214136,-0.3664766163974325,0.7058647869059592,1.8119796306411484,-1.246615549064345,0.7779149062313622
1.0032529534529417,0.5197979244115897,-0.27573525885644173,-1.382505486199929,0.4775756272775049,-1.3165594909320155
-1.3072300875889495,1.3176372615824021,1.5290972346668918,1.4009932413399573,-0.4475726792124276,1.4246632125069625
1.1963066475488866,-0.8977286730356681,0.11425367190488148,-0.497483659238841,0.684457468811649,1.1352449321716593
0.4918660403690034,-1.1053591511427712,0.9039986980619803,-1.2914346385706876,-1.6562999709363122,-0.8646607725137351
-0.654133547987775,1.1446118631598161,-1.2594282684690825,-1.3568188368686045,0.17110354688143642,0.5811612507402565
1.3092635962220451,0.38906762338119205,0.7435381362102731,-0.45078066045461473,1.0067894354106581,1.269799044959125
1.4427581719266875,-0.9323337527201856,0.1770425874120712,0.3408351689380206,-0.5482178994182276,0.5906815889091812
-0.04416602515271525,-0.13769858959423573,0.5593573173891829,1.3496199426773083,-1.5909966257503685,-0.8760851783164444
1.0710271226568375,-1.6161044938938853,0.7393522085097937,-1.4829169335860155,0.1547513360513537,0.24794941482790142
-0.8245958523490875,-1.590471101534984,-1.5587220990533541,-1.2587425394217293,0.3441204872771515,-1.284190341157672
0.11808122839600405,-1.3450313696985012,-1.5398854244011972,-1.2167098405159258,1.4116209431007938,-1.6110552849574118
-0.36866053225015455,-1.6096961458041603,0.7100507146064382,-0.8010531513363118,-0.546740925536801,-0.23949189942103
0.3152424478982456,0.7504984556417046,1.1377129946720759,1.3169278435283498,-0.7478907017692172,1.1162042558338106
1.3380162740661221,-1.7711865176652402,-1.4624457619423297,-1.6323665296955396,-0.08472942900856881,-0.005291580465488862
0.45695207441548114,0.31793495958524015,-1.2587306138523362,0.35017576869486605,0.12292606551108518,1.5262134863088228
1.1963066475488866,-0.0813051264046525,0.9709735412696494,-0.7239932033423384,-0.5179751008937733,-1.3286185859459865
-1.485907442762856,0.3153716203493496,0.6654008191346588,-1.552971431762355,0.40506324290840645,-1.1210752138634335
0.08522102514563046,-0.03388335054068441,1.495609813063058,0.5019605147436011,0.7988526125326373,-1.6453285023655395
-0.009252059199193715,-0.8035259561167047,0.7351662808093141,0.30580791984985084,0.14483451141891662,0.3825035276153667
0.4918660403690034,-0.4901577345291327,1.5339808169841183,0.8102003067194946,0.6739428214176818,-1.5685311078028825
1.3154248843314904,-0.24856301154648539,1.2263151309988878,1.2351975956559538,0.26316825215704265,0.1609969928850579
-1.6358321200926846,1.2522721110672033,-0.39294123446986273,1.1838242969933048,0.2513524611056279,-1.1534443636377767
-1.5290364595289707,0.5236429332654251,0.12890441885655918,0.31514851960669626,0.19589560846252996,0.8001290286255188
1.095672275094617,0.0654460448500591,-1.5189557858988005,-0.42042371124486766,0.912403771178524,1.451954848591212
0.4220381084619596,0.7703643347198535,-0.3699186321172266,0.23575342167351165,-0.007364130457639389,-1.5647229725353125
-1.188111850806345,0.3153716203493496,0.5816822651250726,1.2211866960206859,-0.2748019011302839,-0.42545583832068784
0.29675858356990975,-0.7977584428359522,-0.2157369618162382,-0.6329223557130973,-0.6955284610681564,-1.4301688597478472
0.11397370298970744,-1.0169239475045608,1.2284080948491276,0.41322481705357145,-0.7161357633185403,-0.10049496215473329
0.7526939036688435,0.23142226037394673,-1.7156943878213289,-0.08182697005922711,0.48988374295606185,-1.5571067020001732
-0.6787787004255554,-0.01786248031637091,1.1474801593065276,-0.6913011041933801,1.5389571913066646,1.2907437889307587
-0.5945744295964731,-1.2162235730950208,0.7240038069413696,-1.2447316397864616,0.34489414026266085,0.07912208463230776
0.9436938350616397,-0.2908581089386728,0.8105129794179423,-0.6189114560778293,-0.08596024057642418,0.5538696146560068
-0.1530154484195779,0.1622121010049125,0.5684268274068878,0.6140477118257444,1.5773936782685583,-0.2845548334206057
1.7076935606328256,-0.9169537173048445,-0.17945892174541767,1.7045627334374278,-1.1826485135806446,-1.202950122116184
-0.26186487168644057,-1.548816838951769,1.698627306536305,-0.527840608448588,-1.2315996479365054,-1.5063315650992424
-0.015413347308638992,-0.7907092599372543,-0.5031706639158186,-1.0275626954398094,-0.9886022783969954,0.8045718531043506
-1.0422946988828128,1.2548354503030938,-0.8882760123599159,0.5486635135278277,0.26267592752990043,-0.7136047402334675
-1.2764236470417238,0.9632556122205874,-0.572936125590474,1.7139033331942732,-1.2729549166164569,-1.0119086695264332
1.3133711216283426,-1.279666219183302,-0.2708516765392159,-0.25929836543928714,0.46895994630251486,0.10958716677286622
-1.1347140205244883,-1.5116484200313618,-0.4989847362153391,-1.4922575333428607,0.43762700038938857,-0.3683338093071408
0.29675858356990975,-0.6759998291311696,1.1237599023371445,-0.33168801355483774,0.9482731368703183,0.7049256469362744
-0.4343809387509018,0.9209605148284,-0.8889736669766628,-1.5086035829173399,-0.7581943528944092,0.7969555825692108
-1.4715311038408174,1.0606625031844141,-1.274776670037507,0.28946187027537157,-0.010810402847635,-0.2306062504633676
-0.22695090573291832,-0.1530786250095768,-1.496630838162911,-1.4128624354096762,1.0794776500037357,-1.1432893362575904
0.709564886902728,1.1478160372046795,-1.5238393682160265,-0.33869346337247175,-1.4347187226774911,-0.1043030974223032
-1.003273207522994,0.8331661459991618,-0.0029523037085395117,-0.26630381525692093,-1.2339557729378292,0.02200005561876119
-0.6972625647538905,0.6921824880252038,0.40308268323795476,-0.6959714040718026,-1.3339328382925077,-1.41176287262126
-0.5843056160807313,-1.0861341068735952,-0.9015314500781005,1.429015040610493,1.610695922690254,-1.6941995716326848
1.4899947140991003,0.8869962699528554,0.1965769166809748,-0.9808596966555828,0.09078430056765363,0.8020330962593037
-0.810219513427049,-0.856715245261426,-0.9796687671537146,0.5183065643180804,-0.4059009161293133,1.6487085040823177
0.009231805129141386,0.09300194163587831,1.2395705687170726,-1.644042279391596,1.512090333082615,-0.9649416678930729
-1.7056600519997294,1.5880695509688139,0.23634322983552838,0.8148706065979172,0.49698728400482894,0.33363245834822103
-1.2723161216354273,0.04173515691807529,-0.19341201408034844,1.4313501905497041,1.3241278236486522,-0.5162163955311009
-0.8759399199277962,1.5906328902047044,1.0191117098251614,-0.6282520558346745,1.259000308686688,-0.1398456932529546
0.40560800683677245,0.39675764108886286,-0.5861915633086583,-0.4461103605761922,0.08470057481796685,-0.9293990720624216
-0.06470365218419902,-1.0842116024466775,0.4470349240929878,-0.4834727596035732,-1.0200055563997135,-0.41593550015176306
-0.1530154484195779,-0.212676262244023,-1.2322197384159672,-0.16822751781004575,0.6101867822027568,0.4821497337834421
-1.0279183599607744,-1.68787799249881,1.3072430665414883,0.7518215582392118,-1.0086469239306453,-1.6662732463371732
1.2476507151275953,-0.3716032948692132,0.17215900509484533,-0.8781130993302851,-1.1835276647005415,-0.38102759353237364
-1.2579397827133887,0.447383590997693,0.8935338788107821,-1.6417071294523848,1.5562940513910322,-1.5063315650992424
-0.8697786318183517,1.1503793764405692,-0.7145600127900245,1.2071757963854182,1.531501989809939,-1.6922955039989
1.666618306569858,-1.0886974461094852,0.8335355817705785,-1.0158869457437527,0.6453879930434296,-0.8386385148520086
-0.7444991069263018,0.3576667177415379,-1.620115705327051,-0.07482152024159332,-0.7372353901960665,1.7115427359972186
1.45302698544243,-0.789427590319309,-0.7647911451957762,-1.0322329953182319,0.6785144072411461,-0.9947720608223695
-0.9847893431946589,0.2160422249586061,1.1586426331744721,-0.4180885613056564,0.14015742746106483,0.7080990929925823
-0.1776606008573583,0.6428382077343174,0.8195824894356472,-1.2353910400296162,1.2789746221307456,-1.1236139707084802
0.0359307202700697,1.189470299787894,-1.3794248625494898,-1.1349795926435295,0.8799455118319295,0.49674758564245985
0.6376831922925356,0.9933748482422968,0.9319048827318422,1.8073093307627255,-0.6855061383013313,-0.6666377386001069
1.3462313248787154,1.3285314533349355,-0.09504271311908462,-0.9831948465947944,1.6487455831593927,-0.2934404823782686
-0.9806818177883623,0.5505579952422719,-1.6459289261466734,-1.018222095682964,0.4311916141917429,-1.6281918936614754
-0.596628192299621,1.6797089286518876,-1.295008653923157,1.4336853404889154,-0.6607140767202382,-0.9268603152173751
0.22487688895971805,1.7098281646735969,-1.498026147396404,-1.6183556300602717,0.3367356178700172,0.02263474483002269
0.49802732847844794,1.0074732140396925,-1.0403647188106648,0.9689905025858639,-1.372158328985626,-1.3051350851293062
0.29470482086676186,-1.5571476914684121,-0.6824679004196829,-0.49281335936041853,1.5684615028904056,1.0552740915526937
0.3439951257423219,-0.6330638969300094,0.3709905708676132,0.0676226260502969,1.0935792339668824,0.35711595916490163
0.389177905211586,-1.76349649995757,0.4100592294054204,1.0600613502151053,0.8346516461348399,-1.2568987050734222
-0.7342302934105607,-0.11462853647122431,1.4300302790888821,0.5580041132846727,0.8401727151677928,0.6389179689650654
0.43846821008714604,1.6162662825636056,-0.1766683032784315,-1.0836062939808808,-0.5530356475552628,-0.2851895226318677
1.0032529534529417,-1.3956573196073319,0.9619040312519441,-0.32001226385878123,0.033780141953536874,0.17622953395533714
-0.08729504191883072,0.048784339816773194,-0.42433569222345785,-1.5366253821878757,-0.17250387681907756,0.2587391314193488
0.5596402095728985,-0.747773327736094,1.1998042555625192,-0.6025654065033502,0.44543386233407334,1.1301674184815662
-0.18998317707624812,1.1433301935418714,-0.32247811817846095,1.3005817939538704,0.4492317951720278,-0.3867397964337281
-0.6027894804090663,1.1702452555187182,1.7209522542721942,0.887260254713468,-0.3022314160710678,-1.4250913460577543
-1.438670900590444,0.4775028270194023,-1.0689685580972736,1.8213202303979936,0.36996753020212114,-0.6234788722343161
-1.1367677832276364,-1.255955331251318,-0.19899325101432125,0.8172057565371289,0.07035282854124889,1.329459830817718
-0.5534991755335056,-1.2219910863757735,0.10239354342018996,-1.4128624354096762,1.4359910121443367,0.8388450705124781
0.29265105816361314,0.60054311034213,-0.302246134292811,-0.6632793049228443,-0.6466124927570915,-1.0442778193007767
0.7034035987932827,-0.6183246963236407,-0.03155614299514797,1.466377439637874,0.13832879313167928,-0.4635371909963853
0.894403530186079,0.9908115090064071,1.4774707930276472,-1.1583310920356429,0.5330324799206029,1.517962526562422
-0.3666067695470059,1.2638071376287086,-0.32038515432822123,0.4225654168104165,1.6828918126561894,1.0482925102288156
0.8348444117947771,-0.08322763083157018,-1.054317811145596,1.7676117817961332,1.3876728665948017,-1.3045003959180443
-0.9724667669757691,0.48583367953604595,-0.8464167353551226,-0.9878651464732171,-1.612553411210241,-0.5568365050518447
-0.2515960581706987,0.8472645117965576,1.3937522390180606,0.38520301778303545,-0.9925760414589295,-0.09478275925337885
-1.4058106973400704,1.4868176511511528,-1.276171979271,-0.7753665020049874,0.47792728772546333,1.5389072705340556
0.5514251587603053,1.2522721110672033,-1.3877967179504485,1.2398678955343763,1.2568200139093433,-0.5308142473901182
0.9128873945144141,-0.2870131000848379,-0.5680525432732481,0.5066308146220241,1.0952672041170846,-1.354640843607713
-0.0195208727149356,-1.245061139498785,0.05634833871491765,0.034930526901338584,0.7895687767065254,-1.587571784140731
1.3482850875818648,0.6396340336894549,0.19518160744748198,-0.4834727596035732,1.6710760216047742,1.0711413218342343
-0.5925206668933245,0.5441496471525469,-0.014114777576484133,1.067066800032739,0.7946326871571319,1.2025219885653922
1.2517582405338912,-0.9509179621803893,1.155852014707486,-1.3101158380843783,0.1737410002411272,-0.5714343569108624
1.0135217669686836,-1.753243143014009,0.8607441118236941,0.6187180117041668,1.3222991893192666,1.3161313573812232
1.3975753924574241,-0.021707489170206293,-0.009231195259258237,-1.405856985592042,-0.9243187485101322,-0.205853371224164
-1.2784774097448726,-1.0182056171225058,-0.5247979570349615,-0.3550395129469508,-1.4831775324062098,1.026078387834659
-1.0772086648363344,-1.0393531658185995,1.3693343274319316,0.3758624180261904,-0.709102554359365,-0.988425168709753
-0.10577890624716582,1.0292615975447592,-1.1798956421599756,1.2445381954127992,0.002130701637247563,-1.3686040062554692
1.685102170898194,1.1369218454521464,-0.3796857967516784,-0.8337452504852703,0.01060571843305381,-1.1826400673558117
-0.1632842619353198,-0.7362383011745882,-1.1198973451197718,-1.1630013919140656,1.366256745314113,0.5665633988812396
-0.5247464976894293,1.4733601201627298,1.4774707930276472,-0.9201457982360889,1.2037192862675692,-0.8183284600916364
-0.5165314468768354,-1.1649567883772174,1.2981735565237829,0.04660627659739511,0.30167507120852816,-0.44640058229232155
0.26389838031953694,-0.1460294421108789,0.3347125307967927,0.7237997589686762,1.1247011836112335,1.5433500950128873
-0.24338100735810547,-0.3818566518127736,-0.27433994962294894,-1.538960532127087,-0.30595901681943094,-0.5244673552775018
0.21255431274082823,-1.7583698214857897,-1.5594197536701007,0.9596499028290189,-0.8627781701173475,0.38504228446041316
-0.8759399199277962,-0.6272963836492563,0.28657436224128013,-1.2750885889962085,-1.6708235474370094,-0.654578643586136
-0.9621979534600272,0.9164746711655927,0.5635432450896619,0.2824564204577378,0.4704017541391457,0.8071106099493967
1.1285324783449915,-1.0015439120892198,-0.5234026478014686,1.793298431127458,1.5288997024950441,1.0984329579184848
-0.7506603950357471,0.6120781369036362,-0.08039196616740693,-1.0205572456221754,-1.4133729334863938,-0.4540168528274609
1.699478509820231,-0.6433172538735697,0.8809760957093441,-0.6772902045581121,0.08157079683113384,-0.8132509464015434
0.3152424478982456,-1.7795173701818834,-0.4368934753248958,1.5294264879965793,0.6357876628141556,-0.4102232972504086
-0.3481229052186708,1.484895146724235,-1.7045319139533839,-0.4227588611840789,0.6472517934176114,1.5827008261111077
0.6171455652610525,-1.1905901807361188,1.3037547934577558,0.5159714143788692,-1.6970925828995296,-0.09668682688716336
-0.2700799224990338,-0.4004408612729772,0.4826153095470619,-0.8734427994518625,1.0578505324542713,0.9911704812152696
1.570091459521886,1.228561223135219,1.0407390029443049,0.26844552082246975,0.32143838838381067,0.9511850609057864
1.1018335632040623,0.43328522520029716,0.28238843454080115,0.25443462118720217,0.9963802861510783,1.3440576826767356
-0.5124239214705387,-1.3681014228215127,0.8712089310748923,-1.1326444427043183,-1.3122002226086555,-0.7459738900078106
1.5249086800526226,0.4851928447270731,1.3225914681099125,0.5626744131630953,1.6794103742213975,-0.7878633779510779
0.631521904183091,0.010334251278420706,0.9381837742825615,0.6537452607923366,-1.3472256032253491,0.2904735919824303
0.3850703798052894,-0.8131384782512933,-1.2440798669006583,0.9246226537408491,0.6333963717680358,-0.6158626016991767
-0.2885637868273689,1.492585164431906,-0.2882930419578797,-1.0345681452574431,-0.8568351085468442,0.43708679978386683
-1.0833699529457796,0.16477544024080307,1.030971838309853,-1.2050340908198691,-1.0848869090481068,-0.9700191815831658
-0.6726174123161102,1.1593510637661848,-1.5077933120308558,-1.569317481336834,0.11487304125282946,1.4748036601966306
-1.3257139519172847,-0.06848843022520151,-0.5261932662684548,0.758827008056846,-0.2629509440340733,1.3929287519438809
-0.35428419332811606,1.5246269048805328,0.35145624159870964,0.12600137453057975,0.8551534502508363,1.4227591448731776
-0.3008863630462587,-0.7118865784336316,-0.8854853938929298,0.6911076598197177,-1.6061180250125957,-1.2734006245662248
-0.47750995551701725,1.1093659486663268,-1.2615212323193223,1.5924755363552847,-0.4249609124086789,1.1485734056081531
1.4674033243644686,-0.056953403663695806,-1.1191996905030253,-0.8711076495126513,0.5268432560365286,0.6655749158380531
-1.438670900590444,-0.2908581089386728,0.47982469108007575,0.04660627659739511,0.731931629286083,-0.5574711942631067
-0.5350153112051704,-0.7086824043887691,-1.5712798821547922,0.20773162240297566,-0.4495419777209965,-0.8202325277254213
1.5721452222250338,-0.9784738589662084,-1.360588187897333,0.550998663467039,-1.5952517171706697,-1.5666270401690974
-0.8328109031616815,-0.06528425618033899,1.7488584389420567,1.8166499305195711,0.21048951705281885,-0.2306062504633676
-1.457154764918779,-0.8958061686087508,1.2318963679328607,1.4336853404889154,-0.7952945301540595,0.7614129867385594
-1.4058106973400704,1.356728184929727,0.873301894925132,-0.7263283532815499,1.431841418858423,0.5043638561775997
-1.2538322573070921,-0.1447477724929336,1.5486315639357955,1.4547016899418173,-0.6920118565885687,-0.7497820252753805
0.7978766831381069,-0.190247043929984,-0.7047928481555726,0.020919627266070582,1.1395412545150938,-0.5644527755869846
-1.3503591043550651,-0.6061488349531626,-0.5994470010268427,-0.3994073617919659,1.3577817285183063,-0.45909436651755386
-0.89647754695928,0.4140601809311212,-1.0326905180264525,-0.4297643110017129,-0.2119953451248475,-1.7621113172376792
-1.2825849351511691,0.3403641778992787,-0.4606137322942789,0.13300682434821376,0.26689585290540546,-0.7002762667969733
0.9909303772340519,-1.240575295835977,-0.48503164388040787,-0.3153419639803585,-0.21586361005239404,0.10260558544898787
1.4879409513959523,0.8613628775939544,-0.5101472100832838,-1.0789359941024583,0.7344284184665905,1.0038642654405023
0.40971553224306906,0.2544923134969581,0.5223816227016155,0.5066308146220241,-0.6536105356714711,0.3456915533621923
0.14888766894322897,0.4941645320526887,-0.38735999753589045,-0.1098487693297629,-0.4206706549435818,-0.22552873677327423
-0.6130582939248083,-0.43184176691263176,-1.050829538061863,-1.1793474414885448,-0.5851422464538985,-1.0347574811318518
-0.6767249377224067,0.22052806862141433,-1.5615127175203403,-0.051470020849480054,-0.6370824946174087,0.8039371638930887
0.15094143164637763,-0.6317822273120641,-0.12573951625593283,1.5434373876318472,-1.40700787937834,-0.5060613681509145
0.10165112677081689,0.41213767650420347,1.038646039094065,0.7424809584823667,1.7333902529830685,-1.1712156615531024
1.7035860352265282,0.56273385661275,1.5890955317070965,1.5924755363552847,0.9904723906253707,0.46120498981180846
-0.5165314468768354,-0.6939432037824004,1.4586341183754905,-1.515609032734974,1.1742149746838282,0.42820115082620397
1.4941022395053962,-0.008890792990755311,0.33122425771305963,-0.7239932033423384,-0.3465406325138729,1.7185243173210967
1.426328070301501,-0.5446286932917986,1.0239952921423874,0.17270437331480606,-0.4678634870596486,-1.0868019964553055
-0.31731646467144586,-1.7391447772166133,-1.6849975846844802,0.5136362644396579,-0.1056532256621154,0.024538812463807652
0.18380163489675125,-0.19281038316587412,-0.9308329439814559,-0.4110831114880224,0.4105491458965631,1.276145937071741
0.43436068468084943,-0.267147221006689,0.11913725422210737,1.5691240369631716,0.7545433960898321,-0.4305333520107808
-0.8245958523490875,1.6367729964507274,1.342125797378816,-1.515609032734974,0.7816212505826572,-1.5774167567605453
1.0915647496883205,-0.6952248734003457,-0.007835886025765407,1.4126689910360137,-0.7609021383436918,0.14512976260351715
-1.2558860200102409,-1.2905604109358353,-1.5077933120308558,0.7144591592118308,-0.24227330969409766,0.3158611604328958
-0.29883260034311077,0.28973822799044857,-0.0036499583252859267,-0.7566853024912968,-1.2902214446112326,0.6789033892745477
0.7629627171845853,0.02571428669376179,1.4649130099262098,-1.3334673374764914,0.31816794621779426,0.6319363876411866
0.8019842085444034,1.5066835302293016,-0.6427015872651294,-1.6230259299386944,1.0166710939982992,-1.6935648824214233
-0.4692949047044233,-0.1338535807404008,-0.34759368438133686,-1.2400613399080387,1.2256628982201965,0.07340988173095332
-1.3257139519172847,-0.9060595255523113,1.0560874045127289,0.3478406187556544,0.7491278251912669,0.3488649994185003
-0.8163808015364943,-0.3594274334987346,1.4097982952032317,-0.3924019119743319,0.475817325037711,1.3751574540285552
0.20844678733453087,-0.0800234567867072,0.8977198065112615,-0.4647915600898827,-0.689937059945612,-1.0404696840332066
-1.3421440535424711,-1.669934617847579,1.6218852986941843,1.4570368398810285,-1.5767192115632427,-0.1912555193651463
0.6890272598712442,1.6918847900223657,-0.9022291046948472,1.7045627334374278,-0.4793979497526961,0.11974219415305207
-0.8287033777553842,-0.03965086382143748,0.3109922738274096,-0.4858079095427845,1.03355079550032,-1.5310844443384461
-1.506445069794339,0.4313627207733795,-1.0780380681149786,0.3478406187556544,1.6501873909960239,0.4224889479248491
0.025661906754328546,0.8587995383580638,1.5730494755219255,-1.0509141948319225,1.4912368685186597,0.7791842846538851
-1.0381871734765162,0.8927637832336084,0.724701461558116,1.4850586391515646,0.3240406756987056,-0.48130848891171096
-1.5454665611541578,-0.5632129027520023,-1.4631434165590762,1.1674782474188259,0.9588581163538776,1.2399686520298285
0.571962785791789,-1.2290402692744713,-0.48433398926366145,-0.5815490570504485,0.9822787021879317,-1.2194520416089862
0.44668326089973925,0.08467108911923558,-1.485468364294966,-0.13086511878266469,1.262059754583929,-0.41466612172924006
-1.4222407989652568,-0.491439404147078,0.007512515542658694,-0.7823719518226214,-0.8861635899066056,-1.029679967441759
-0.9847893431946589,-0.4555526548446156,0.5523807712217172,0.9433038532545396,-1.1608807318519967,-0.25535912970257074
0.3070273970856517,-0.1428252680660164,-0.6936303742876275,0.2170722221598211,-0.6817433715081725,0.21177212978598853
0.6582208193240193,0.2660273400584643,-0.0741130746166877,-1.576322931154468,-0.739661847286982,-1.524102863014568
-0.3748218203595998,-0.8195468263410183,-1.6619749823318442,1.573794336841594,0.26752884171173147,0.6585933345141751
-1.0464022242891096,-1.21109689462324,0.5202886588513758,0.6187180117041668,0.12918562148475118,1.0178274280882582
1.6604570184604128,-1.6551954172412104,-1.7268568616892737,-1.1396498925219523,0.0956020487046888,0.3704444326013959
-1.16962798647801,0.003285068379722802,-1.5091886212643488,0.3828678678438242,-1.4764256518054013,1.0127499143981644
-1.621455781170647,1.555386975711215,-1.268497778486788,0.8148706065979172,-0.23478294215257586,0.15782354682874994
1.6707258319761553,0.9677414558833958,-0.33852417436363197,0.43190601656726196,1.5221478218942355,-1.2289723797779106
0.5637477349791952,-0.6497256019632953,1.5814213309228835,-1.5366253821878757,-0.29850381532270504,-0.6590214680649675
1.6912634590076376,-0.2626613773438812,1.2695697172371745,-0.14954631829635523,-1.0176845974431856,1.2666255989028161
-1.0197033091481804,0.5185162547936448,-1.3054734731743551,0.5183065643180804,-1.5069497786882224,-1.661830421858342
0.011285567832290054,1.6938072944492835,0.6256345059801052,-1.3264618876588574,-1.4401342935760562,-0.7097966049658977
1.085403461578876,1.2971305476952812,-1.427563031105002,-0.4577861102722487,0.6030480751091939,0.00422875770343549
-0.009252059199193715,1.4624659284101964,1.746765475091817,1.0016826017348224,1.4934171632960036,0.5443492764870821
-1.089531241055225,-1.3123487944409018,-0.3448030659143507,-0.8524264499989608,0.4305234593406215,0.9296056277228916
0.44668326089973925,1.0087548836576383,-0.6022376194938288,-1.3077806881451668,-0.525500634480091,1.559852014505689
-0.2824024987179236,0.5640155262306957,1.447471644507546,-0.30366621428430196,1.114749192934,1.3231129387051013
-0.9046925977718732,0.8197086150107389,0.7588865377786972,-0.011772471882887737,0.6480606124479167,0.18765393975804645
0.5842853620106789,0.014820094941228504,-1.0801310319652182,1.5084101385436774,0.27438622044692723,1.0724107002567582
1.3831990535353855,-0.6080713393800803,-1.3808201717829829,-0.33869346337247175,-0.5618271587542321,-1.7272034106182899
0.9601239366868262,1.1471752023957067,-1.199429971428879,-1.314786137962801,-1.1566256404316957,0.8210737725971524
-0.5596604636429509,0.255133148305931,-0.8450214261216298,-1.368494586564661,0.6416603922950669,0.3748872570802273
1.0402206821096118,1.5092468694651922,-0.8289753699364588,-1.3544836869293932,-1.1294774538492787,1.4894015120556483
-0.925230224803357,-1.21109689462324,-1.2440798669006583,0.9129469040447923,-0.4702899441505643,1.6550553961949337
0.9046723437018209,-0.9752696849213455,0.7267944254083557,-0.9715190968987378,0.9407124372392048,1.625859692476899
-0.5843056160807313,-1.2489061483526203,-1.4233771034045226,-1.4455545345586345,1.0649540735030385,0.6509770639790362
0.005124279722844777,-0.7817375726116387,1.2737556449376535,1.3215981434067723,-0.4011535000818698,-1.051894089835916
0.45079078630603586,0.786385204944167,-0.17387768481144536,-0.03979427115342353,0.6263631628088603,-0.7034497128532813
0.2803284819447233,0.7114075322943797,1.690255451135346,-1.3358024874157026,0.32418133987788933,0.966417601976066
0.4857047522595581,0.37112424872996086,-0.1292277893396659,-1.396516385835197,0.22290313086576333,0.7106378498376292
1.0196830550781288,-1.3604114051138423,-1.219661955314529,-0.6212466060170407,0.8085232748515034,1.0971635794959618
-1.0587248005079992,0.4140601809311212,-0.3155015720109953,-0.6913011041933801,0.17989505808040568,-1.449209536085696
1.3462313248787154,-0.8208284959589636,-1.0654802850135408,-0.35970981282537356,-0.7066409312236536,0.8724835987093446
-0.03595097434012203,1.2490679370223408,-1.6703468377328026,-1.4198678852273101,-1.4240634111043404,-0.1233437737601519
0.6767046836523544,1.6784272590339429,0.04099993714649355,0.44124661632410705,-1.232267802787627,-1.4891949563951787
-1.2784774097448726,0.32113913363010266,-0.9908312410216595,1.0507207504582603,0.6294577747508975,-1.0633184956386252
-1.2764236470417238,-0.34596990251031123,-1.5629080267538336,0.32448911936354136,-0.8138270357614866,0.2333515629688837
0.32756502411713545,0.2634640008225737,0.8614417664404405,0.29880247003221705,-1.0817219650164775,-1.1915257163134743
-0.5083163960642422,0.6370706944535653,-1.4003545010518865,-0.23127656616875134,-0.2717776212778384,-0.895760543865555
-0.08524127921568278,1.6188296217994962,1.1712004162759102,-0.2639686653177096,-0.4532695784693597,-1.6688120031822198
-1.4140257481526635,0.08979776759101579,0.0130937524766315,1.6928869837413716,-1.293245724463678,0.5272126677830183
-0.14069287220068807,1.6540755362929855,0.44424430562600165,-1.1092929433122054,-0.04274117152229147,1.5350991352664856
-1.5598429000761964,-1.4597408005045858,0.9291142642648561,0.4972902148651786,-0.6694000897848197,-0.48130848891171096
1.7138548487422693,-0.587564625492959,1.1907347455448138,0.7144591592118308,0.2948528585181278,1.6753654509553062
0.2454145159912011,-1.0073114253699724,-0.6043305833440686,-0.9084700485400322,-1.276295690872065,-0.6139585340653917
-1.699498763890284,0.22693641671113937,0.01867498941060381,0.5906962124336312,1.2513692769659825,1.4970177825907882
0.9786078010151613,0.33267416019160884,0.7219108430911297,1.0880831494856409,-0.35371450565223167,-0.8557751235560722
-1.6748536114525037,-0.3055973095450415,-1.3759365894657571,-1.620690779999483,-1.3796486965271477,-1.3311573427910328
-0.7178001917853736,-1.4315440689097942,0.26983065143936324,-0.5675381574151804,1.1648256407233295,-0.8894136517529387
-1.43045584977785,-0.9028553515074488,-0.3754998690511989,1.3145926935891386,0.21871837153505416,-1.6980077069002548
0.9580701739836782,1.2875180255606928,0.04169759176323996,-0.41341826142723365,0.4593596160732404,-1.015716804794003
1.4715108497707645,1.6963706336851732,-0.8080457314340623,-0.05380517078869132,0.181864356588975,1.019096806510781
-1.5721654762950863,-0.6144796874698057,-0.0636482553654895,1.2538787951696444,1.4052910550375362,0.7620476759498214
1.385252816238535,-0.2921397785566181,-0.38247641521866454,-1.576322931154468,1.3925961128662248,0.552600236233483
1.0525432583285024,-1.566760213603,-0.4717762061622235,-0.40174251173117714,-0.2305278507322746,-1.711336180336749
-0.9108538858813184,0.31793495958524015,-0.7166529766402637,-0.23594686604717385,0.02576228374007701,0.1724213986877672
-0.093456330028276,-1.5699643876478626,1.584909604006617,0.8685790551997775,-0.7121971663014021,-0.207122749646687
0.27827471924157465,0.016101764559173785,-1.3703553525317846,-0.6983065540110142,-0.33901509892755527,-0.6977375099519268
-0.09961761813772128,-0.7317524575117804,1.6853718688181205,-1.1046226434337827,1.7197458276022686,-0.1874473840975768
-1.6481546963115754,-0.7195765961413023,0.48191765493031546,-1.0065463459869075,-1.5881833421666984,-0.4920982055031588
-1.6686923233430584,-0.962452988741895,1.4690989376266883,1.3869823417046894,0.04397829494434112,0.24794941482790142
-0.04211226244956731,1.1452526979687891,-0.6566546796000601,1.0133583514308793,0.05730622592197878,-1.3057697743405678
0.2577370922100916,0.9427488983334666,1.0449249306447843,1.2398678955343763,-1.3271457916469034,0.06008140829445904
-0.385090633875341,-1.7250464114192174,-0.42921927454068376,-1.3731648864430837,1.7571624992650812,-0.3410421732228908
1.5926828492565177,1.0125998925114736,0.1456481296584766,0.4645981157162201,-1.270669123704725,1.4252979017182235
1.0032529534529417,-0.6131980178518605,-0.5854939086919119,1.6275027854434545,0.0705286587652285,-1.6669079355484349
-1.485907442762856,0.7274284025186932,-1.1757097144594961,-0.47646730978593926,-1.199739211351441,0.7836271091327162
-0.6602948360972196,0.6248948330830862,0.21122766363265247,0.43190601656726196,1.2316762918802917,0.2333515629688837
-1.1408753086339336,0.22245057304833113,-0.6461898603488619,0.887260254713468,-1.4254700528961755,-0.10938061111239614
1.2948872573000068,1.6425405097314805,1.4237513875381629,-0.7473447027344516,0.006913283729486884,-0.3918173101238214
-0.6767249377224067,0.13145203017423124,-0.04969516303055872,0.22874797185587745,1.2654708609291292,-1.2702271785099164
0.9662852247962714,0.14170538711779168,-0.12364655240569308,-0.20325476689821553,0.988467926072006,0.8813692476670074
-0.41795083712571457,0.9113479926938116,-0.18085423097891049,-1.5926689807289474,-0.6351835281984315,0.9315096953566766
0.9252099707333047,-0.5247628142136502,0.998182071322765,-0.5722084572936031,-1.506527786150672,0.7480845133020656
-0.7999506999113078,1.4733601201627298,0.6214485782796262,1.415004140975225,-1.4279316760318868,0.42693177240368096
-0.12015524516920432,1.1221826448457777,1.6435125918133267,0.21473707222060986,1.3669952322548264,-0.18173518119622192
-1.6009181541391633,-1.4437199302802723,0.594937702843257,-0.9388269977497793,-0.8422411999565553,0.3272855662356051
-1.3791117821991412,-1.4142415290675354,-1.396168573351407,0.9900068520387657,0.7364680490647514,0.8223431510196755
0.27416719383527804,0.004566737997668082,-1.2754743246542533,0.2520994712479909,0.17595646106326784,-0.00021406677539593432
-1.0566710378048514,0.1179944991858074,0.772839630113628,-0.0958378696944951,-0.24962301305643605,0.7353907290768329
-1.2476709691976475,1.184343621316114,-0.20876041564877304,-1.2167098405159258,1.238533670615487,-1.171850350764364
1.183984071329996,-1.230962773701389,-1.5315135690002386,-1.3498133870509705,-1.1238157206371426,1.1263592832139964
-0.31320893926514926,-0.6176838615146683,-0.38945296138613017,-0.7753665020049874,-1.2502376516783202,0.124819707843145
-0.25775734628014396,0.4941645320526887,-0.5485182140043445,-0.497483659238841,0.1899173808472307,-1.6783323413511442
0.3152424478982456,1.1676819162828276,1.6588609933817517,1.8259905302764161,0.5453757616439556,1.2209279756919789
-0.6890475139412966,-0.8977286730356681,-0.6678171534680052,-0.48113760966436175,-0.5034163583482802,0.6484383071339893
-1.6584235098273172,-0.012735801844590697,1.0700404968476602,-1.2423964898472502,-1.5039958309253687,1.029886523102229
-0.1386391094975394,-1.2687720274307692,-0.15364570092579485,-0.48814305948199577,1.3583443852350405,-0.539699896347781
0.24952204139749842,0.22437307747524882,-0.6036329287273222,-1.0369032951966544,-1.31898726925426,1.4018144009015439
-1.6194020184674982,0.47686199221043035,0.41494281172264624,1.5364319378142135,0.8523401666671659,0.5107107482902156
1.186037834033144,-1.1732876408938606,0.283783743774294,0.679431910123661,0.7280633643585369,0.40535233922078534
0.9087798691081175,-1.621231172365666,0.7135389876901713,-0.16122206799241176,-0.8554987988446009,1.1320714861153514
-0.36044548143756133,-0.9086228647882014,0.004024242458926124,0.4155599669927827,-0.3416173862424502,0.4224889479248491
0.7362638020436563,-0.8233918351948537,-1.2245455376317549,1.4570368398810285,-0.12369340664240028,1.6518819501386257
0.7896616323255137,-1.6032877977144349,-1.3647741155978121,-0.6329223557130973,-0.8949551011055749,1.6728266941102594
0.7259949885279151,1.061944172802359,-0.5980516917933498,-1.2167098405159258,0.34830524660786105,0.43708679978386683
-1.1819505626969005,-1.2175052427129656,1.5597940378037412,-1.5296199323702417,0.2956265115036372,0.19844365634949426
-0.5370690739083192,0.054551853097526276,0.01867498941060381,-0.5161648587525316,-0.4961721531203298,1.0578128483977405
0.6376831922925356,0.5358187946359032,1.6665351941659639,1.3963229414615344,0.007335276267037424,-0.7783430397821536
0.17558658408415728,-1.1220208561760572,0.441453687159015,-1.5342902322486645,-0.6891634069601026,0.4478765163753146
-0.14274663490383602,0.9196788452104552,-0.330152318962673,1.0857479995464296,-1.00161371497147,1.023539630989612
0.680812209058651,0.8370111548529972,-0.0845778938678864,-1.0952820436769373,0.7079132206904993,0.43073990767125087
1.6317043406163358,0.5742688831742562,-1.2894274169891844,-0.5768787571720256,0.24586655811747132,0.8743876663431296
-0.34196161710922623,-0.2556121944451833,0.2223901375005976,0.9526444530113851,1.7122202940159506,1.203791366987915
0.6335756668862389,0.5415863079166563,-0.7906043660153985,1.0390450007622034,1.2915640661676702,-1.6897567471538537
-0.5124239214705387,0.7075625234405444,-1.0005984056561112,-0.37138556252143007,1.0194843775819693,-0.29915268527962346
-0.500101345251649,1.2324062319890545,0.2614587960384043,1.0857479995464296,0.9465500006753207,-0.20902681728047198
1.1942528848457388,-0.36968079044229546,1.7418818927745916,-1.0672602444064017,1.121184579131646,1.260913396001462
-0.6849399885349999,-0.037728359394519795,1.464215355309463,0.31514851960669626,0.9477456461983802,-0.9192440446822352
-0.8451334793805713,0.6659082608573289,1.3051501026912486,-0.9201457982360889,-0.46065444787649396,-0.11890094928132049
1.20452169836148,-1.378354779765073,1.309336030391728,-1.4315436349233666,1.3911543050295936,0.1597276144625349
-1.4817999173565586,0.8440603377516951,-1.3905873364174348,0.13300682434821376,-0.2818351100894593,1.7134468036310035
-0.03184344893382542,-1.381558953809936,0.4254076309738445,-1.2237152903335597,-0.15734731151205475,0.14957258708234858
-1.0669398513205925,1.3881290905693822,0.3835483539690512,-1.3661594366254497,1.6324637044189012,1.342788304254212
-1.1942731389157903,0.08403025431026272,0.5321487873360673,1.7722820816745561,-0.26847201306702617,0.41868081265727913
-0.24748853276440208,-0.12231855417889509,-0.6482828241991017,-0.17289781768846849,0.6657842990250386,-0.18617800567505335
0.6438444804019808,-0.7054782303439061,-0.8589745184565606,-0.7683610521873535,0.05793921472830439,0.2873001459261223
1.0812959361725787,1.5893512205867597,1.179572271676869,1.3659659922517875,0.8882446984037565,-0.6431542377834267
0.5801778366043823,-1.1976393636348173,-0.8980431769943678,-0.11218391926897417,0.9477456461983802,-1.4162056971000914
0.033876957566921766,-0.8618419237332061,1.0470178944950235,0.11899592471294575,-0.6969351028599914,-1.6421550563092315
-0.9375528010222468,0.3454908563710589,-0.8359519161039244,0.7915191072058041,-1.5334298104195179,-0.34294624085667574
-0.442595989563495,1.4252975094897893,0.5719151004906209,1.0810776996680072,0.666241457607385,-1.081089793553951
-0.4939400571422037,1.171526925136663,1.5688635478214459,0.27778612057931523,1.4139067360125261,-0.4990797868270367
-1.034079648070219,-1.082929932828732,-0.7633958359622829,0.12133107465215721,1.6961845775890307,0.4358174213613438
1.272295867565375,0.9433897331424386,-1.5350018420839715,-0.009437321943676472,1.1355323254083634,-1.529815065915923
0.46516712522807435,-1.7667006740024325,1.4439833714238124,0.7308052087863101,-1.1092569780916492,-0.8316569335281306
-0.8595098183026098,-1.5430493256710158,-1.2824508708217188,0.7378106586039438,1.2356500549422254,0.2536616177292559
1.1018335632040623,-1.6680121134206614,-0.28689773272438684,-1.4198678852273101,-1.6774699299034301,-0.9427275454989158
-1.0012194448198453,1.6925256248313385,1.3288703596606317,-0.007102172004465208,1.1590232433320096,-1.2410314747918814
-1.7077138147028772,-1.3206796469575446,0.6493547629494882,-0.38773161209590934,1.2643103814508654,-0.06431767711282038
0.8266293609821839,-0.6458805931094599,-0.503868318532565,-0.8991294487831871,-1.6976552396162636,1.4906708904781714
1.6481344422415223,1.183702786507141,-0.2638751303717507,-0.46245641015067124,0.5245574631247966,-0.30613426660350135
-0.31320893926514926,0.2051480332060728,0.7128413330734245,-0.861767049755806,-1.4017329726589585,0.4777069093046111
1.329801223253529,1.7252082000889375,1.6721164310999361,-0.44844551051540343,-0.06412212675818484,1.1530162300869848
-1.4058106973400704,-0.3177731709155196,-0.8778111931087177,0.9736608024642869,0.04556076696015575,-1.1572524989053463
0.9046723437018209,0.9696639603103134,-1.0585037388460752,-0.8360804004244816,-0.40822187508584107,0.16543981736388932
-0.3152627019682972,-0.1626911471441648,1.260500207219469,-0.18223841744531374,-0.6337417203618003,0.06008140829445904
-0.8081657507239011,0.21283805091374358,0.3849436632025445,0.2170722221598211,-1.4461476872361512,0.25493099615177933
0.32345749871083884,-1.4821700188186249,-1.3424491678619226,-0.028118521457367,-0.11606237492169512,-0.17538828908360554
-0.307047651155704,-0.34148405884750344,0.38703662705278424,0.2591049210656247,-1.609423633223408,-1.0925141993566603
0.24130699058490448,0.530692116164123,-1.4791894727442472,1.095088599303275,1.5102265327084328,0.7131766066826752
-1.214810765947274,-1.0540923664249682,0.9974844167060186,-0.9224809481753001,1.159796896317519,0.9308750061454146
0.7075111241995793,-0.5266853186405674,1.1070161915352277,-0.348034063129317,0.13199890506842157,1.6169740435192361
0.8882422420766345,-0.9560446406521694,0.18262382434604402,1.5364319378142135,-0.568649371444632,-1.7170483832381036
-0.19819822788884134,1.5451336187676536,0.1561129489096748,0.7284700588470987,-1.1546915079679225,1.334537344507811
0.12629627920859726,0.56273385661275,-1.3033805093241155,-0.5488569579014899,-1.2304743345030373,-0.9763660736957822
0.571962785791789,0.07954441064745536,-1.0208303895417612,-0.051470020849480054,1.4313139281864853,-0.3404074840116293
-1.0114882583355873,-0.4574751592715333,-0.5059612823828048,1.7209087830119072,-1.1541288512511885,0.1889233181805699
-0.8225420896459396,1.4246566746808165,-1.1233856182035047,0.2637752209440472,0.8567710883114464,1.4195856988168696
-0.23927348195180886,0.6441198773522632,1.160735597024712,-0.8991294487831871,-1.2988371255862223,1.4779771062529394
-1.5618966627793442,1.4887401555780704,0.9730665051198892,-0.14487601841793268,1.0917857656822927,1.5382725813227935
-1.110068868086708,1.7380248962683884,0.09262637878573816,-0.6212466060170407,-0.7312571625807675,-0.3334259026877514
1.0340593940001672,-1.214301068668103,1.3170102311759402,-0.191579017202159,0.007264944177445734,1.0679678757779263
-0.8718323945214996,0.6562957387227414,-1.5712798821547922,-0.24995776568244185,0.0014977128309219528,-1.7525909790687548
-0.6294883955499947,-1.3629747443497324,-0.4264286560736976,1.2025054965069952,1.5242226185371919,0.9422994119481235
-0.2926713122336655,-1.3302921690921325,0.8760925133921182,-1.6300313797563282,-0.0643331230269599,-1.4936377808740102
-0.7260152425979668,-0.4837493864394077,0.96678761356917,-1.4502248344370572,1.4666206371615458,-1.1001304698917997
-0.16739178734161642,1.664969728045519,-1.1701284775255238,1.6531894347747793,0.8486125659188032,0.5481574117546519
1.2784571556748203,1.6290829787430565,-0.9824593856207008,-0.6399278055307313,1.3200133964075342,1.208234191466747
-1.409918222746367,1.356087350120755,-0.6308414587804378,0.7751730576313248,-1.0449382821599904,-0.5435080316153509
0.08932855055192707,0.9638964470295603,-0.3838717244521579,1.10442919906012,0.708229715093662,0.18003766922290707
1.2743496302685244,-0.1095018579994441,0.04937179254745201,1.4640422896986627,-0.2059116193751607,0.2517575500954709
0.9416400723584911,-1.4674308182122562,0.01867498941060381,-0.9481675975066247,-0.3819528396233212,-1.7068933558579176
1.7179623741485668,-1.44820577394308,1.5004933953802835,-1.3731648864430837,0.771739591995016,0.04357948880165635
0.6150918025579039,0.9036579749861418,-1.0033890241230974,1.0180286513093018,-1.6597462433263082,0.5259432893604953
-1.0587248005079992,1.3336581318067156,1.0100421998074567,0.4272357166888395,-0.15288122382297845,1.5877783398012009
-0.29061754953051755,-0.1460294421108789,-0.3650350498000007,-0.5652030074759692,-0.4637490598185311,0.22510060322248235
1.7015322725233804,-1.76349649995757,1.2974759019070365,0.9036063042879473,0.03307682105761917,-0.7326454165713163
-0.16739178734161642,-0.4792635427765999,1.1942230186285467,-1.627696229817117,-0.34611863997632236,-0.5898403440374497
1.1018335632040623,1.1234643144637224,1.0170187459749218,0.6093774119473218,-1.0989884930112535,-0.0757420829155297
-0.5596604636429509,-0.37865247776791106,1.455145845291758,-0.21026021671584932,-0.554618119571077,1.270433734170386
0.4815972268532615,0.7985610663146452,-0.11527469700473461,-0.5161648587525316,-1.748118513898347,0.3158611604328958
-1.2107032405409774,-1.667371278611689,1.6560703749147652,-1.4502248344370572,1.1549439821356875,1.7210630741661435
0.8204680728727386,-0.0954034922020483,-0.7013045750718396,-0.5114945588741089,0.550158343736195,1.576353933998492
0.9786078010151613,0.09107943720896061,0.6863304576370557,-1.3988515357744082,-1.0500725247001883,0.1724213986877672
-0.2413272446549568,0.30896327225962456,-0.31689688124448867,-1.025227545500598,0.04753006546872467,-0.5358917610802111
0.7506401409656948,0.6537323994868508,-1.6508125084638994,1.4640422896986627,1.0179019055661551,0.3894851089392446
-0.6171658193311048,0.620408989420279,-1.5482572798021557,0.18204497307165132,-0.19321667720384905,-0.6514051975298276
0.9683389874994202,1.1881886301699494,-0.8324636430201918,0.3735272680869791,-0.686490787555616,0.3107836467428024
-0.0030907710897484387,-0.3203365101514097,1.7349053466071254,-0.20325476689821553,-0.2616849664214217,1.1872894474951123
-1.5721654762950863,0.16157126619594056,0.8628370756739339,1.0810776996680072,1.405959209888658,-0.17602297829486704
-1.091585003758373,-1.7718273524742125,-1.0752474496479925,0.12600137453057975,0.3383884219754235,-1.4377851302829867
-0.1365853467943915,0.5986206059152124,-0.597354037176603,0.5836907626159975,0.15345019239390623,0.6681136726831
-0.1591767365290232,-0.6144796874698057,1.390263965934328,-0.6632793049228443,0.17704660845193984,-1.3330614104248177
0.5432101079477121,0.5460721515794645,-1.6989506770194114,-1.405856985592042,-0.961243095545803,0.6522464424015593
-0.8595098183026098,0.6248948330830862,-0.5694478525067409,0.06528747611108564,0.9165533644644374,-1.1267874167647882
1.6809946454918965,0.6511690602509611,0.6891210761040418,1.0647316500935278,-0.46821514750760745,-0.6932946854730955
-1.1963269016189388,-0.6888165253106202,-0.011324159109497977,1.7232439329511184,-0.8441050003307368,-1.4923684024514867
0.9416400723584911,1.2259978838993295,-0.44387002149236143,0.4015490673575147,1.1057466854662559,-0.7104312941771592
0.029769432160625154,1.7111098342915416,-1.685695239301227,0.6327289113394349,-1.3727561517471558,-0.28392014420934425
1.483833425989655,0.7338367506084182,1.3874733474673424,-0.07015122036317058,-0.20541929474801848,1.146669337974369
-1.2189182913535705,0.38586344933632954,-0.7731630005967347,-0.5418515080838561,-1.710666676190738,-1.594553365464609
-0.6027894804090663,0.5371004642538489,-1.366867079448052,0.36652181826934493,-1.1556409911774113,-1.1344036872999277
-1.477692391950262,1.1048801050035193,-1.2357080114996997,-0.13320026872187615,-0.05680758944064227,0.9759379401449899
0.9457475977647877,1.4329875271974593,-0.7487450890106052,0.3361648690595981,0.8933789409439546,0.974033872511205
-0.40562826090682474,0.24680229578928825,0.30680634612693014,-0.009437321943676472,-0.1502086044184914,1.1853853798613283
0.5801778366043823,1.0202899102191436,-1.495235528929418,0.4972902148651786,1.267440159437698,1.4132388067042527
-0.15096168571642998,-0.6779223335580868,-1.3850060994834623,-1.0766008441632469,-0.08856252789131912,-1.3889140610158415
1.2866722064874134,-1.1681609624220803,-0.3217804635617146,-1.590333830789736,1.361052170684323,1.330094520028979
0.5288337690256736,0.6210498242292518,-0.03225379761189488,-0.7636907523089308,0.07517057667828404,-1.0747429014413346
-1.1244452070087465,-1.701976358296206,0.8942315334275285,-0.5932248067465049,-1.575980724622529,-1.5095050111555508
-0.8020044626144558,-1.4514099479879425,0.4407560325422686,1.4570368398810285,-0.8560966216061309,-0.2496469268012163
-0.7814668355829728,-1.5879077622990938,0.3549445146824427,-0.6539387051659991,-0.196135458921907,-1.1642340802292241
-1.6789611368588002,0.1429870567357365,-1.3333796578442174,-0.6095708563209842,-1.409012343931705,-0.05987485263398896
1.1203174275323984,-0.917594552113817,0.9081846257624597,-0.24295231586480787,0.31338536412555495,-1.1496362283702068
-0.33580032899978096,-1.0085930949879178,1.2632908256864552,-1.4292084849841553,-1.7397841612817244,-0.34294624085667574
1.4776721378802098,-0.7663575371962976,1.5165394515654544,-0.10751361939055164,-0.572412138237791,-0.16713732933720465
0.6253606160736457,-1.3572072310689793,-0.23875956416887484,-0.7356689530383951,0.08100814011439991,-0.12461315218267537
1.2476507151275953,1.234328736415972,-1.2782649431212396,-0.20792506677663808,-0.39788305791585343,0.39964013631943046
0.8389519372010737,1.543851949149709,-1.2971016177733965,-0.20325476689821553,-0.7636099237929743,0.41741143423475613
1.1511238680796232,-0.7439283188822586,-1.5329088782337317,-1.5272847824310305,1.5326273032434068,-1.4250913460577543
-1.7672729330941792,0.6921824880252038,0.615169686728907,-1.195693491063024,0.07650688638052736,1.4081612930141598
-1.0217570718513291,-1.474480001110954,0.8384191640878044,-1.0135517958045415,1.4599742546951247,1.7210630741661435
1.3133711216283426,-0.2440771678836776,0.6563313091169539,1.6952221336805828,-1.4411892749199324,1.1181083234675955
1.2681883421590792,1.6412588401135346,-0.5087519008497909,-0.8874536990871305,-0.8105565935954699,0.666209605049315
1.2805109183779682,1.139485184688036,0.7567935739284575,1.4126689910360137,1.067661858952321,0.8781958016106994
-0.32347775278089114,0.3563850481235922,1.5465386000855557,-0.497483659238841,0.4525725694276363,-1.735454370364691
-0.9026388350687252,-1.082929932828732,0.008210170159405604,-1.025227545500598,1.1102127731553322,0.3291896338693896
-1.6358321200926846,-1.1527809270067393,1.641419627963088,-0.6025654065033502,-1.3047801871567255,-0.3054995773922399
0.30086610897620714,0.7255058980917756,-0.8833924300426901,0.7074537093941969,0.4854879873565772,-0.2629754002377106
0.6992960733869861,-0.920157891349707,-0.4145685275890061,1.377641741947844,0.2983694629977155,1.620147489575544
1.4632957989581712,-1.6917230013526452,1.2898017011228244,0.8545681555645095,0.904983735726594,-0.6228441830230546
0.07700597433303724,1.3234047748631552,1.0086468905739634,-0.030453671396578265,-1.677188601545063,-0.8811626920065379
0.09343607595822367,0.09684695048971369,1.5172371061822014,1.6928869837413716,1.4587786091720651,1.0812963492144212
-0.4343809387509018,1.1279501581265308,-1.0982700520006288,-1.1466553423395864,1.3657292546421744,-0.6698111846564149
0.9190486826238594,-1.1604709447144095,0.9988797259395115,-1.6300313797563282,0.22212947788025433,-1.329253275157248
1.639919391428929,-0.6381905754017896,1.0072515813404705,0.2661103708832585,-1.6018629335922945,1.3776962108736013
-1.2394559183850538,-0.06208008213547602,-1.2629165415528154,1.7746172316137674,-0.3482637687088709,0.2625472666869187
0.19407044841249238,-0.06208008213547602,-1.268497778486788,-1.4595654341939024,0.7787024688645997,0.5614858851911458
1.4345431211140942,-1.0585782100877759,1.1725957255094035,1.302916943893082,-1.1717822057387188,0.044848867224179814
1.5023172903179909,1.044000798151128,-0.08108962078415334,-0.5511921078407014,-0.6789652539692984,-1.4676155232122832
0.767070242590882,0.851109520650393,0.3814553901188114,1.258549095048067,0.21815571481832025,-1.180101310510765
1.4365968838172436,-1.7192788981384644,1.3874733474673424,0.5229768641965029,-0.2180790708745343,-0.8602179480349037
-0.606897005815363,-1.4828108536275972,-0.4110802545052735,-1.1116280932514166,0.5183682392407218,-1.1147283217508175
-0.09551009273142394,1.2144628573378233,-1.6926717854686923,-0.08883241987686111,0.44627784740917403,1.7058305330958639
0.816360547466442,0.19681718068943008,1.5451432908520628,-0.5068242589956863,0.39331778394658345,-1.502523429831673
-0.4569723284855335,-0.2831680912310025,-1.5356994967007178,-0.6562738551052103,-1.4045462562426287,0.37361787865770385
1.7076935606328256,-0.7753292245219132,-0.13341371704014487,-1.1653365418532768,1.0500436705095866,1.6601329098850266
0.8656508523420028,-1.5302326294915654,1.1293411392711175,1.4453610901849723,-0.5749792595078901,-0.8462547853871479
0.26800590572583355,1.2074136744391253,1.551422182402782,-1.4292084849841553,-1.5743982526067146,1.703926465462079
-0.8430797166774227,0.31665328996729536,-0.7899067113986521,-0.056140320727902794,-0.12471322194148059,1.452589537802474
0.015393093238586663,1.5412886099138192,-1.416400557237057,-0.9645136470811038,1.5729627566242779,-0.7510514036979035
1.2024679356583319,0.26666817486743716,-1.1185020358862787,0.02792507708370458,0.81520482336272,-0.0395647978736168
1.1880915967362935,1.7136731735274322,-0.6964209927546137,0.19372072276770785,-0.34580214557315936,0.9327790737791996
1.3831990535353855,0.4204685290208462,0.8112106340346887,1.4500313900633948,-0.711353181226301,-0.8767198675277064
-1.652262221717872,-0.212676262244023,1.7230452181224338,-0.6516035552267878,-0.10857200738017332,1.6442656796034858
1.5372312562715116,-0.4472218023279729,0.5649385543231552,-1.5599768815799888,-0.9481261608369409,0.8350369352449082
0.8081454966538488,-1.1534217618157117,-1.6096508860758527,0.7891839572665929,-1.4974197805485399,1.2755112478604789
-0.40562826090682474,-1.1284292042657826,0.8070247063342092,0.6934428097589289,-1.475651998819892,-0.1512700990556639
-1.4058106973400704,-0.2652247165797713,0.546799534287745,-1.4852520835252268,1.5337526166768747,0.46691719271316334
-0.26802615979588584,1.5118102087010818,-1.4596551434753435,1.0437153006406261,-1.4008538215390616,-0.07256863685922173
0.7136724123090246,-0.5696212508417278,0.45122085179346677,1.0553910503366828,1.3242684878278355,0.028346947731377574
-1.2374021556819057,0.6768024526098622,-1.1812909513934686,0.32448911936354136,-0.9563198492743804,-1.6713507600272663
0.8266293609821839,-0.1088610231904717,-0.7159553220235173,0.14468257404427026,1.5470102155649204,0.9981520625391475
-1.0053269702261427,-1.749398134160174,0.39122255475326323,1.4406907903065496,-1.0497560302970255,0.8147268804845366
1.3523926129881607,-0.31649150129757475,-0.7766512736804673,-0.6562738551052103,0.08550939384827208,0.7557007838372045
1.3606076638007538,-0.1415435984480711,-1.4624457619423297,0.43891146638489575,0.4201143100810417,1.151746851664462
1.3318549859566768,-1.1386825612093434,0.4323841771413101,-0.6913011041933801,1.0495865119272403,1.0559087807639556
0.5883928874169755,-1.0278181392570938,1.2751509541711468,-0.6586090050444218,-0.8650287969842835,0.5411758304307741
-0.23927348195180886,-0.25497135963621087,-1.70732253242037,0.4295708666280507,-0.9536120638250977,0.27333698327836653
-0.6335959209562912,0.7889485441800567,0.07099908566659534,-0.9668487970203151,-1.5182732451124947,1.20950356988927
-0.8040582253176045,0.8741795737734044,1.2179432755979294,1.4009932413399573,-0.108009350663439,-0.9750966952732588
-0.6130582939248083,-0.3863424954755814,-0.7815348559976931,1.5597834372063266,-1.3933634539975397,-0.11763157085879748
0.9580701739836782,-0.4344051061485219,-0.4054990175713007,0.28946187027537157,0.3578352447475434,0.22890873849005228
0.5062423792910419,-0.22100711476066617,0.7595841923954436,-1.4338787848625778,0.4132217653010497,1.1111267421437176
0.35015641385176716,-0.7240624398041101,-1.6745327654332822,0.23808857161272293,-0.7941340506757956,-1.4987152945641031
1.426328070301501,0.9773539780179833,0.8893479511103025,1.4780531893339306,-0.723942625263225,0.124819707843145
1.1880915967362935,0.37368758796585144,-1.17291909599251,1.3262684432851952,-1.5023078607751668,1.6036455700827414
-1.2209720540567186,-0.4337642713395495,-0.8254870968527263,-1.5623120315192,0.5409448399996752,0.12545439705440695
0.8410056999042224,0.13529703902806572,-0.5980516917933498,0.3011376199714283,1.4867356147847874,0.9816501430463448
-0.8821012080372415,-1.622512841983611,1.6616516118487374,-0.5885545068680822,1.4149265513116065,0.3539425131085932
1.7138548487422693,-1.0938241245812654,-1.2168713368475428,-1.5296199323702417,-1.1306027672827468,0.9638788451310191
-0.6623485988003682,-1.0726765758851717,1.2444541510342986,-0.327017713676415,0.6120505825769386,-1.026506521385451
-0.9991656821166974,-0.3927508435653069,-0.9154845424130316,0.5019605147436011,1.5421924674278855,1.1308021076928283
1.0730808853599854,0.6703941045201371,0.6074954859446949,-0.7893774016402553,0.15752945359022827,0.3158611604328958
-1.340090290839323,-0.7586675194886272,1.0212046736754012,-1.6557180290876528,1.3530343124708633,0.7157153635277221
0.3255112614139868,-0.7804559029936934,-0.9161821970297782,-0.7450095527952403,0.7960744949937627,1.5420807165903636
0.467220887931223,-1.300813767879396,1.0100421998074567,1.564453737084749,-1.7419996221038645,-0.8246753522042527
0.6890272598712442,-0.4267150884408516,1.6700234672496965,-1.3194564378412237,-1.0380457373799983,0.7696639464849603
0.41382305764936567,0.22373224266627686,-1.5461643159519163,0.22174252203824366,-1.236030569580786,1.6099924621953583
-0.4795637182201652,1.336862305851578,-1.4687246534930487,-1.092946893737726,0.6470759631936318,-1.3279838967347248
0.9621776993899749,0.5313329509730959,0.2879696714747735,1.6111567358689753,0.14915993492880955,-0.4191089462080715
-1.7118213401091738,-0.9483546229444991,-0.6022376194938288,0.10732017501688922,1.4440440364025924,0.44089493505143673
-1.3092838502920976,1.0401557892972924,0.35843278776617526,0.2591049210656247,1.6006735999234285,1.1257245940027345
1.4674033243644686,0.30383659378784433,-1.277567288504493,1.718573633072696,0.540980006044471,-1.0696653877512416
-0.36044548143756133,1.6758639197980523,1.7083944711707566,0.7284700588470987,-0.005711326352233074,0.14005224891342424
0.02155438134803121,-1.019487286740451,1.5507245277860353,-0.9668487970203151,-1.1632016908085248,-1.503792808254196
0.011285567832290054,-0.5657762419878924,0.24611039446998018,-1.4222030351665214,0.4163163772430869,0.26508602353196514
1.4098979686763147,1.2727788249543242,-1.3340773124609637,-1.2727534390569972,-1.1889432355991068,-1.6345387857740918
-0.8779936826309449,-1.3085037855870665,-0.24713141956983328,-0.8127289010323684,-1.0364632653641839,1.4087959822254217
-0.40768202360997347,-0.39659585241914225,0.4051756470881945,0.03960082677976111,0.1016154423647835,0.40535233922078534
-1.535197747638416,0.741526768316089,0.6402852529317828,-0.18457356738452502,1.1417567153372339,-0.7205863215573455
-1.1182839188993012,-0.667028141805554,-0.21992288951671765,1.1347861482698673,1.6424860271857267,1.2367952059735197
-0.5699292771586927,-1.3834814582368538,0.5056379118996981,1.1604727976011917,-0.22975419774676523,0.0886424228012321
-0.5596604636429509,-0.05823507328164109,1.4677036283931955,-0.09350271975528364,-1.3420561946403553,-1.289902544059027
0.5863391247138269,-1.600083623669572,-0.7564192897948173,-0.0024318721260424728,1.5687428312487726,-0.83927320406327
-1.59270310332657,1.6085762648559356,0.7867927224485592,1.429015040610493,-1.3168773065665071,0.666844294260577
0.14888766894322897,0.8889187743797731,-0.26736340345548326,-1.1770122915493335,-0.8587340749658217,-0.777708350570892
0.005124279722844777,-0.028756672068904195,-0.16829644787747255,-0.9878651464732171,0.9943758215977131,0.4491458947978376
0.009231805129141386,1.5983229079123753,-0.40828963603828733,-0.17990326750610228,0.7563720304192177,0.4554927869104545
1.3544463756913085,-0.9143903780689544,0.10657947112066943,0.5369877638317709,1.5790816484187604,-0.2978833068571
-1.2907999859637624,1.223434544663439,-1.0640849757800477,-0.34569891319010554,-1.58083363880436,1.0673331865666653
0.28238224464787204,0.22565474709319455,-1.2287314653322343,1.4500313900633948,-1.443369569697277,1.6779042078003523
-0.7588754458483403,-0.17678951294156062,-0.9301352893647092,-1.4992629831604947,1.5786244898364137,-0.7383576194726712
0.6602745820271679,0.6973091664969839,0.9681829228026633,-0.9645136470811038,0.5858167131592142,1.693136748870632
0.07084468622359197,0.8165044409658764,-0.5171237562507494,1.4617071397594514,-0.9175317018645279,1.3123232221136543
0.28854353275731653,1.4387550404782123,0.05983661179865022,0.3431703188772319,-0.8734686477352941,-0.7161434970785141
1.4961560022085456,1.0574583291395507,0.4386630686920288,0.7915191072058041,-1.4171708663243483,0.5183270188253555
-0.867724869115203,-0.2492038463554578,-0.7508380528608449,1.4500313900633948,-1.0185637485630825,-0.7973837161200027
-0.2659723970927372,-1.2617228445320712,0.9033010434452339,-1.18868804124539,-0.4787297949015747,-0.17856173513991397
0.04003824567636631,-1.1764918149387231,-0.34201244744736453,-0.7520150026128742,-0.7902306197034532,-1.1813706889332884
-0.43027341334460517,-0.513868622461117,-0.3852670336856507,0.284791570396949,-1.4769531424773392,0.7176194311615072
0.06262963541099875,-0.4420951238561922,-1.5329088782337317,-1.0345681452574431,-1.0649477616488443,-1.593283987042086
1.1921991221425894,-1.3482355437433637,0.41284984787240653,1.4570368398810285,-0.2992071362186223,-0.2026799251678556
-0.007198296496045047,0.2602598267777112,0.08634748723501944,0.6420695110962803,-1.0362522690954086,1.201252610142869
-1.6727998487493556,-1.1527809270067393,-1.1303621643709703,-0.5091594089348975,0.9079025174446519,0.16670919578641277
-1.3257139519172847,-0.3754483037230481,-0.7208389043407432,0.7144591592118308,0.6232685508668232,-1.7386278164209992
-0.547337887424061,-0.7778925637578032,0.21541359133313195,-0.15188146823556647,0.06564057853860165,0.5113454375014775
0.4590058371186298,-1.2687720274307692,-1.3570999148136003,0.8942657045311022,0.2353870767682999,-0.5358917610802111
-0.3522304306249674,0.14875457001648956,1.3491023435462812,-1.0065463459869075,-0.5191004143272415,-0.4863860026018039
-1.7036062892965806,-1.026536469639149,0.6088907951781882,-1.4642357340723249,0.3078994611373983,1.563025460561997
-1.5885955779202734,1.5195002264087527,0.5593573173891829,-1.3941812358959855,0.6496079184189351,0.8585204360615888
-0.3624992441407093,-0.900932847080531,0.9221377180973905,1.0740722498503732,-1.3202180808221156,0.5741796694163785
-0.2844562614210723,-1.2335261129372792,-0.5289838847354409,-1.2447316397864616,-0.29618285636617725,0.8699448418642977
0.3070273970856517,0.06608687965903197,1.3560788897137472,1.2305272957775313,-1.0641037765737433,-0.39752951302517586
1.6132204762880014,1.689962285595448,0.5147074219174034,-1.1466553423395864,1.1126743962910433,-0.6158626016991767
-0.47750995551701725,-0.037728359394519795,1.2221292032984088,1.7629414819177107,-0.5026427053627709,0.7639517435836064
1.483833425989655,0.8408561637068326,-0.6113071295115342,0.758827008056846,1.7333550869382726,1.6798082754341372
1.485887188692803,1.4611842587922517,-1.068270903480527,-1.18868804124539,-1.2421142953304727,0.967052291187327
0.37685532899269547,-1.4212907119662332,1.2849181188055987,-0.23127656616875134,0.36434096303478075,0.49674758564245985
-0.11194019435661111,-0.5824379470211788,-1.6082555768423594,-0.45078066045461473,0.5692886721051519,0.5589471283460998
1.2476507151275953,-1.5802177445914236,-0.062252946131996674,1.489728939029987,-1.4312372842426992,-1.4174750755226144
-0.6746711750192581,0.8068919188312879,-1.2984969270068896,0.8732493550782,0.9568184857557167,1.0210008741445662
1.0402206821096118,-0.3491740765551742,-0.974087530219742,1.4617071397594514,0.11223558789313869,-0.9033768144006945
-1.0689936140237413,0.6511690602509611,1.1572473239409795,0.32448911936354136,0.273120242834276,-0.6894865502055255
0.7403713274499529,-0.9073411951702566,0.7107483692231852,1.7606063319784995,1.1650014709473087,0.8655020173854667
1.0196830550781288,-1.7256872462281898,-1.3305890393772313,0.27078067076168105,1.6750146186219128,1.5300216215763927
0.921102445327008,0.8139411017299858,-1.4003545010518865,-1.4035218356528307,1.436166842368316,0.9753032509337288
0.07700597433303724,-0.4491443067548901,0.7267944254083557,-0.025783371518155736,1.227526698594378,-0.06558705553534384
0.08522102514563046,0.1570854225331323,0.25169163140395245,1.697557283619794,-0.4328029403981591,-0.836099758006962
0.4261456338682562,1.177294438417416,-1.6898811670017062,0.15168802386190428,-0.36658527804752294,0.3653669189113025
0.27005966842898144,0.8203494498197117,0.4609880164279186,-0.5558624077191239,-1.5417993290809364,1.3726186971835084
1.6091129508817041,-0.138980259212181,1.3456140704625486,1.2095109463246294,1.3602785176988137,0.20605992688463365
-1.4242945616684055,1.0914225740150956,1.3658460543481992,-0.24995776568244185,-0.10157396446579377,0.426297083192419
0.04003824567636631,1.2657296420556263,0.8035364332504766,1.4780531893339306,1.4832893423947915,-0.8316569335281306
0.6048229890421619,-1.5058809067506087,-0.38456937906890426,-0.23594686604717385,0.04587726136331875,-1.266419043242347
0.42409187116510755,0.7005133405418464,-0.8540909361393352,0.6864373599412952,1.0057344540667814,-0.14619258536557053
0.8841347166703378,-0.3799341473858559,1.4746801745606617,-1.2307207401511935,-1.4226567693125052,0.9131037082300889
0.9724465129057167,-1.4341074081456844,-0.16480817479374,-0.310671664101936,1.3066151333403053,0.49611289643119877
-0.39741321009423153,0.38906762338119205,0.223087792117344,1.7395899825255976,0.7160717430831426,-1.4485748468744344
0.6684896328397611,0.7082033582495172,1.3232891227266588,0.9596499028290189,1.549436672655836,0.7804536630764082
1.20452169836148,-1.254673661633373,0.17076369586135248,-0.9668487970203151,-0.9184460190292206,-1.3482939514950971
-0.11399395705975977,0.5409454731076844,0.4568020887274396,-0.7263283532815499,1.299546758336334,-1.0112739803151716
1.124424952938694,-0.8490252275537552,1.067249878380674,1.5060749886044662,-1.6242285380824724,-1.2765740706225328
-0.8471872420837192,0.15644458772416034,-0.6071212018110548,1.7092330333158503,-0.0787863674380654,-1.500619362197888
-1.1388215459307849,-0.07874178716876239,0.6507500721829811,0.1493528739226928,0.4751491701865892,0.7639517435836064
0.09138231325507501,1.4054316304116403,1.3811944559166232,1.3379441929812514,0.8055693270886497,0.2187537111098664
-0.35017666792181945,0.2852523843276403,-0.20806276103202612,0.32448911936354136,0.4107249761205427,0.16417043894136632
-0.5391228366114671,1.4541350758935538,0.3305266030963132,-0.30600136422351326,-1.1367216590772293,-0.3410421732228908
1.4632957989581712,1.3650590374463707,-0.12573951625593283,-0.23828201598638513,1.00506629921566,1.396736887211451
-0.29061754953051755,0.06929105370389449,-1.6647656007988303,-1.5599768815799888,0.44044028397305857,-0.6298257643469325
-1.5618966627793442,0.696668331688011,-1.2796602523547327,1.599480986172919,0.9930395118954698,0.4554927869104545
1.3523926129881607,0.20899304205990818,0.9451603204500272,-0.5535272577799126,0.0016735430549011778,1.1193777018901185
0.37685532899269547,-1.0720357410761994,-0.009928849876005147,1.6788760841061035,-1.0599893493326256,0.672556497161931
-0.27213368520218245,0.7857443701351942,-0.43410285685790967,1.622832485565032,-1.4487851405958418,0.4224889479248491
-1.4756386292471142,1.4291425183436246,-1.0103655702905627,0.5556689633454615,-0.9679949761466115,-1.7443400193223537
-1.3565203924645095,0.0052075728066404954,-0.08806616695161898,1.7909632811882468,1.0282407227361428,-0.3569094035044315
-0.925230224803357,0.9709456299282583,-1.1826862606269617,0.06295232617187438,-1.6202547750205383,-1.7671888309277723
-1.7508428314689928,1.5541053060932692,-0.4808457161799289,-0.9271512480537227,1.6288767678497218,1.3465964395217818
0.6849197344649476,-1.73081392469997,-0.972692220986249,0.3571812185124999,-0.10294544021283292,-0.29915268527962346
-1.1593591729622688,-0.875940289530602,-0.3964295075535958,0.9526444530113851,1.1867692526759568,1.0851044844819902
0.7034035987932827,1.7175181823812677,0.17285665971159223,0.7611621579960572,-0.23706873506430778,-1.3394083025374341
1.038166919406464,1.0331066063985945,0.6026119036274691,1.7302493827687522,0.3563231048213209,-0.9230521799498052
0.795822920434959,0.2801257058558601,1.0986443361342686,0.011579027509225319,1.41566503825232,-1.1547137420602998
1.6440269168352264,1.311869748301649,0.15541529429292839,-1.375500036382295,0.4346027205369431,1.4341835506758864
0.4487370236028879,1.2964897128863084,1.5800260216893907,1.0857479995464296,-0.5939337576528677,-0.7377229302614092
-0.9437140891316921,-1.0784440891659244,0.3723858801011065,1.5574482872671154,0.10041979684172396,1.2228320433257638
-1.38116554490229,0.9446714027603843,-0.7968832575661178,-1.004211196047696,-1.5787940082061993,-0.42926397358825735
1.385252816238535,-0.4734960294958468,1.0421343121777982,0.29179702021458326,-0.8166754853899526,1.6582288422512417
0.9806615637183099,0.11735366437683545,0.4986613657322324,0.0816335256855649,0.12243374088394293,1.274876558649218
1.214790511877221,-1.762855665148597,-1.6068602676088664,0.3688569682085566,0.8115123886591527,1.387851238253788
-1.4489397141061857,-0.5689804160327554,1.1335270669715964,-1.004211196047696,-0.3144340336152372,0.6490729963452513
-1.5557353746698999,1.6867581115505854,-0.5206120293344825,1.3846471917654781,1.1020894168074844,1.4874974444218634
-1.2230258167598673,1.6559980407199033,-1.6968577131691718,-0.1588869180532005,0.5137614873724622,1.3377107905641188
-0.09140256732512733,0.4595594523681711,1.0972490269007757,0.3875381677222467,0.2933407185919053,-1.093148888567922
-1.1798967999937517,-1.2553144964423457,0.08983576031875201,1.5084101385436774,-0.5725176363721786,-0.7491473360641185
-0.9088001231781698,0.7549842993045119,1.503981668464016,-0.06781607042395932,0.6222839016125387,-0.19950647911154762
1.4920484768022482,-0.15564196424546692,-1.5022120750968833,0.41322481705357145,0.5121790153566476,-1.0785510367089046
-0.25775734628014396,-1.4430790954713,1.183758199377348,0.32215396942433006,-0.46927012885148356,-0.8976646114993401
-0.8615635810057577,0.7043583493956819,-0.48851991696414093,-0.16822751781004575,-0.8078839741909833,-1.7151443156043187
0.75680142907514,1.299693886931171,1.7076968165540098,-0.623581755956252,0.5941158997310413,1.0927207550171298
0.93137125884275,-0.1229593889878675,-1.7254615524557804,1.6858815339237374,-0.9282925115720663,0.10260558544898787
-0.1530154484195779,-0.7439283188822586,-0.2366666003186351,1.6485191348963564,1.5547819114648092,-0.6666377386001069
0.23925322788175654,-0.6279372184582291,-0.9112986147125524,-0.616576306138618,-1.0511978381336564,0.2409678335040231
-1.594756866029718,0.6325848507907571,-0.9336235624484421,-0.06314577054553658,0.24009932677094714,-0.6088810203752983
-0.925230224803357,-1.1854635022643387,-0.08667085771812615,1.1231103985738107,0.13512868305525458,1.1809425553824966
0.36453275277380565,-0.6189655311326135,0.6242391967466123,1.5574482872671154,0.4990620806477858,-0.9211481123160202
-1.6871761876713935,0.7319142461815006,-1.5608150629035937,-0.7893774016402553,1.11995376756379,0.04992638091427274
0.18996292300619577,-0.340843224038531,-0.021788978360696182,-0.7893774016402553,-0.7611834667020588,-0.7091619157546362
-0.19819822788884134,0.7331959157994463,-0.5171237562507494,0.46693326565543175,-0.3984105485877915,-1.5755126891267603
-1.5475203238573059,0.0654460448500591,0.4456396148594945,0.5276471640749258,0.9578734670995929,1.6531513285611488
-0.5617142263460995,1.2272795535172742,0.12332318192258686,1.7465954323432316,1.288117793777674,-0.5796853166572639
0.41382305764936567,-0.5548820502353595,-0.21992288951671765,0.05828202629345164,1.0697718216400736,0.8299594215548153
0.47954346415011284,1.0677116860831122,-0.00016168524155335662,-0.3363583134332603,-1.2596973177284112,0.7798189738651471
-1.5577891373730477,-0.138980259212181,1.7042085434702772,0.9292929536192716,1.641536543976238,-1.508870321944289
-1.409918222746367,-0.35622325945387207,-1.3919826456509279,-0.34569891319010554,0.047705895692704295,-1.7532256682800167
-0.5042088706579455,0.15900792696005,1.224919821765395,-0.2452874658040191,1.575951870431927,-1.204219500538707
-0.24338100735810547,-1.3892489715176064,1.1223645931036517,-0.16822751781004575,-0.21923955035279838,1.093990133439653
-1.2784774097448726,0.6761616178008902,0.7226084977078762,-1.0719305442848241,-1.1786395844739146,-1.6485019484218477
-1.188111850806345,0.30768160264167976,-0.9873429679379266,-1.212039540637503,-0.5654492613682073,-0.9071849496682644
-0.4384884641571984,-0.7048373955349336,-0.39363888908660966,-0.9831948465947944,0.8569820845802218,-0.3689684985184028
0.009231805129141386,-1.090619950536403,-0.3838717244521579,1.7162384831334847,0.24111914207002785,1.262182774423985
1.5249086800526226,-1.6423787210617597,1.1370153400553293,1.7792875314921899,-1.5538612824459224,-1.680236408984929
-1.0956925291646695,-0.3222590145783274,0.9688805774194097,1.1744836972364596,1.0304561835582828,-1.2346845826792654
1.02995186859387,-1.7699048480472954,-0.04760219918031899,0.1703692233755948,-0.6133454143801917,-1.4377851302829867
0.33783383763287733,0.021228443030953996,-1.3194265655092863,-0.9972057462300621,-0.38750907470106954,-0.9719232492169508
-1.216864528650422,1.5919145598226494,0.186809752046523,-0.5114945588741089,1.58027729394182,0.2523922393067328
-1.477692391950262,-0.9900088855277142,0.16867073201111274,-0.45078066045461473,-0.1059697200652784,-0.1519047882669254
0.07905973703618518,1.4041499607936956,-0.9426930724661472,0.9503093030721734,-1.1290202952669322,-0.6164972909104383
0.17558658408415728,1.3432706539413042,1.5423526723850773,0.6163828617649556,0.37988435483455824,-1.5577413912114346
1.3811452908322377,0.8081735884492327,-0.4152661822057525,-1.2377261899688274,0.9482379708255225,0.6300323200074026
1.2455969524244475,-1.2360894521731693,-1.3019852000906225,-0.8057234512147344,0.5936939071934907,-1.6846792334637606
-1.2291871048693126,0.09300194163587831,0.5816822651250726,1.5457725375710587,1.408526331158757,0.2987245517288316
-1.4448321886998885,0.21283805091374358,-0.33782651974688505,-1.2797588888746314,-1.6821821799060777,0.023269434041284193
0.9416400723584911,0.5697830395114479,-1.6626726369485907,-1.300775238327533,-0.4666326754917928,1.2628174636352472
0.07084468622359197,0.8677712256836794,0.034721045595774325,0.9012711543487361,0.19199217749018757,-0.4978104084045132
1.2681883421590792,0.4140601809311212,-0.42852161992393734,-0.3223474137979925,-1.3108639129064124,-0.20077585753407062
1.3400700367692702,0.9318547065809334,1.0288788744596133,-1.5296199323702417,-1.3753232730172549,0.4713600171919952
0.19407044841249238,-1.4757616707288994,-0.544332286303865,-0.6119060062601954,-0.7790829835031601,0.027077569308854115
1.2497044778307433,0.24872480021620597,1.4663083191597026,-1.1396498925219523,-1.0695896795619002,-1.529815065915923
-1.370896731386548,-1.2008435376796798,-0.014812432193231043,1.3729714420694212,-1.5881481761219027,0.18257642606795352
-0.46724114200127537,1.27406049457227,-1.4184935210872969,1.3169278435283498,-1.3805630136918405,1.3148619789587002
1.656349493054117,0.6332256855997299,-0.16759879326072613,1.2468733453520107,0.27006079693703466,-0.9002033683443865
-1.7549503568752893,0.27884403623791526,-1.0968747427671357,-0.4951485092996298,-1.2603654725795328,0.7303132153867399
0.30497363438250374,-1.209174390196323,-1.5817447014059904,-0.7403392529168177,-1.435316545439021,-1.0582409819485323
-0.47750995551701725,-1.4917825409532128,0.10797478035416276,-1.627696229817117,-1.26866465915136,0.2206577787436514
0.9601239366868262,-0.8035259561167047,-0.21015572488226586,-0.9761893967771603,-0.31267573137544336,1.4703608357177997
-0.31320893926514926,-1.1976393636348173,-1.5426760428681834,-1.137314742582741,0.23489475214115768,-1.2467436776932364
1.666618306569858,-0.3985183568460595,1.4997957407635376,-1.6183556300602717,-1.4914767189780367,0.9054874376949491
0.8635970896388541,1.413762482928283,-1.6563937453978717,1.1184400986953882,-1.676977605276288,-1.7126055587592723
0.4548983117123332,1.5899920553957316,-0.6371203503311565,0.43190601656726196,-1.695510110883715,-1.5818595812393768
-1.3791117821991412,-0.900932847080531,-0.5059612823828048,1.2982466440146592,0.7877753084219357,0.7804536630764082
1.607059188178556,-0.46324267255228635,1.168409797808924,1.6531894347747793,1.2993709281123549,1.0336946583697988
1.2784571556748203,1.6726597457531898,-1.3815178263997294,1.7862929813098238,-0.23720939924349116,1.2691643557478631
-1.6584235098273172,-0.22100711476066617,1.54374798161857,-1.3638242866862385,-1.4429827432045221,-0.42672521674321084
-0.8985313096624279,0.9094254882668948,-0.6552593703665672,1.2095109463246294,-1.5935285809756716,1.1041451608198398
-1.2476709691976475,0.5717055439383656,0.84539571025527,-0.6749550546189008,-0.3026885746534142,1.1561896761432928
-0.093456330028276,1.2202303706185764,-1.2887297623724379,1.0764073997895847,-1.744672241508351,-1.4606339418884053
-1.5803805271076794,0.3634342310222901,-0.045509235330079244,-1.6510477292092303,0.15657997038073923,0.8826386260895305
0.49802732847844794,1.0510499810498257,-1.6738351108165355,1.1207752486345994,-0.9176020339541197,-0.00021406677539593432
-1.2949075113700597,0.5877264141626791,-1.3110547101083276,0.18905042288928534,-0.1988784104159853,-1.7525909790687548
0.8060917339507001,-1.4264173904380135,-0.2527126565038056,1.5504428374494812,-1.6251076892023693,-0.013542540211890207
-0.31937022737459453,1.6944481292582563,-1.3773318986992502,-0.2943256145274567,0.27927430067355447,-1.0322187242868053
1.6789408827887486,-0.32610402343216277,0.767956047796402,0.060617176232662905,-0.8200514256903569,1.578258001632277
-0.9663054788663238,-1.6731387918924416,-1.3675647340647983,-1.4712411838899588,1.1386972694399926,1.0755841463130662
-0.9231764621002083,-0.12103688456094981,-0.39363888908660966,0.8522330056252982,-0.44275493107539243,-0.8303875551056071
