id,timestamp,temperature,humidity,soil_moisture,rainfall,light,acoustic,motion,hour,temperature_z,humidity_z,soil_moisture_z,rainfall_z,light_z,acoustic_z
1,2026-07-22 14:22:14.106394,19.72,49.23,58.02,12.1,490.47,66.77,0,14,-1.4201870362621087,-0.8727361154857395,0.9151611719299254,1.1604727976011917,-0.7321011476558684,0.5652940204587157
2,2026-07-22 14:22:15.108765,31.81,70.39,51.88,1.21,490.06,61.11,0,14,1.0628120718442435,0.48327034030015537,0.4868012372475414,-1.382505486199929,-0.7335429554924994,0.20605992688463365
3,2026-07-22 14:22:16.110421,23.79,81.88,56.0,0.95,1032.83,41.63,0,14,-0.5843056160807313,1.2195895358096034,0.7742349393471213,-1.443219384619423,1.1751644578933167,-1.0303146566530204
4,2026-07-22 14:22:17.111887,25.17,67.59,33.92,12.51,760.09,33.13,0,14,-0.3008863630462587,0.30383659378784433,-0.766186454429269,1.2562139451088556,0.21604575213056756,-1.5698004862254054
5,2026-07-22 14:22:18.113493,34.47,60.6,42.62,2.08,1180.57,38.75,0,14,1.6091129508817041,-0.1441069376839612,-0.15922693785976766,-1.1793474414885448,1.6947076037076036,-1.2131051494963698
6,2026-07-22 14:22:19.115025,28.42,73.51,63.92,8.32,444.95,83.99,0,14,0.3665865154769543,0.6832108006995882,1.326777395810392,0.27778612057931523,-0.8921769835667006,1.6582288422512417
7,2026-07-22 14:22:20.116296,22.85,75.65,67.53,14.29,1182.85,84.26,0,14,-0.7773593101766755,0.8203494498197117,1.5786307124558978,1.6718706342884693,1.7027254619210634,1.6753654509553062
8,2026-07-22 14:22:21.117984,20.75,67.27,37.46,6.27,1035.09,79.01,0,14,-1.2086494778378287,0.2833298799007226,-0.5192167201009891,-0.2009196169590043,1.1831119840171849,1.3421536150429507
9,2026-07-22 14:22:22.119903,28.91,53.85,62.72,11.59,471.35,81.69,1,14,0.467220887931223,-0.5766704337404257,1.2430588418008053,1.0413801507014149,-0.7993386253055852,1.512250323661067
10,2026-07-22 14:22:23.122055,28.97,72.4,22.18,13.68,1133.85,48.78,1,14,0.47954346415011284,0.6120781369036362,-1.5852329744897231,1.5294264879965793,1.5304118424212663,-0.5765118706009554
11,2026-07-22 14:22:24.124372,23.02,84.05,34.84,12.67,390.05,62.48,0,14,-0.7424453442231539,1.3586506893566448,-0.702002229688586,1.2935763441362367,-1.0852385694960653,0.29301234882747673
12,2026-07-22 14:22:25.126088,24.07,63.76,51.06,9.26,699.66,57.25,0,14,-0.5268002603925772,0.058396861951361206,0.42959355867432397,0.4972902148651786,0.0035373434290825634,-0.038930108662355294
13,2026-07-22 14:22:26.127997,32.3,88.95,29.24,10.47,570.5,46.51,1,14,1.1634464442985122,1.6726597457531898,-1.0926888150666565,0.7798433575097478,-0.4506672911544648,-0.7205863215573455
14,2026-07-22 14:22:27.129487,34.94,61.85,58.4,4.14,892.2,49.06,1,14,1.7056397979296762,-0.06400258656239372,0.9416720473662941,-0.6983065540110142,0.6806243699288987,-0.5587405726856297
15,2026-07-22 14:22:28.131233,32.84,69.83,44.07,3.8,789.73,63.98,0,14,1.2743496302685244,0.447383590997693,-0.05806701843151719,-0.7777016519441987,0.32027790890554697,0.38821573051672115
16,2026-07-22 14:22:29.133043,20.73,47.45,55.77,11.67,1076.96,33.49,0,14,-1.2127570032441253,-0.9868047114828512,0.7581888831619508,1.0600613502151053,1.3303522135775223,-1.5469516746199867
17,2026-07-22 14:22:30.135247,24.34,68.48,66.51,12.0,872.18,54.68,0,14,-0.471348667407572,0.36087089178640047,1.5074699415477495,1.1371212982090786,0.6102219482475526,-0.2020452359565941
18,2026-07-22 14:22:31.137220,26.5,44.37,70.0,14.08,403.79,40.67,1,14,-0.027735923527528815,-1.1841818326463938,1.7509514027922963,1.622832485565032,-1.0369204239465304,-1.0912448209341368
19,2026-07-22 14:22:32.139146,21.37,36.15,27.9,5.18,202.76,80.71,0,14,-1.081316190242631,-1.7109480456218216,-1.1861745337106946,-0.45545096033303745,-1.7438634224780458,1.450050780957427
20,2026-07-22 14:22:33.140973,22.98,71.71,48.92,7.05,395.19,50.16,1,14,-0.7506603950357471,0.5678605350845302,0.28029547069056143,-0.018777921700521737,-1.0671632224709846,-0.4889247594468508
21,2026-07-22 14:22:34.142722,33.27,36.91,45.57,6.99,823.88,37.27,0,14,1.3626614265039032,-1.6622446001399087,0.04658117408046586,-0.03278882133578953,0.44036995188346684,-1.3070391527630907
22,2026-07-22 14:22:35.144597,19.9,55.88,63.71,8.59,881.13,62.53,1,14,-1.3832193076054387,-0.446580967519,1.3121266488587142,0.3408351689380206,0.6416955583398627,0.29618579488378516
23,2026-07-22 14:22:36.146422,27.73,87.97,22.98,2.13,265.18,30.58,0,14,0.22487688895971805,1.6098579344738806,-1.5294206051499988,-1.167671691792488,-1.5243569708621816,-1.7316462350971211
24,2026-07-22 14:22:37.148111,20.63,58.44,57.23,10.23,257.05,83.61,0,14,-1.2332946302756091,-0.2825272564220301,0.8600464572069472,0.7237997589686762,-1.5529469652812296,1.6341106522233
25,2026-07-22 14:22:38.149518,27.6,82.84,49.05,3.05,840.36,46.57,0,14,0.19817797381878974,1.2811096774709678,0.28936498070826633,-0.9528378973850473,0.49832359370707224,-0.7167781862897755
26,2026-07-22 14:22:39.151583,24.88,43.21,33.91,10.62,974.08,72.36,0,14,-0.36044548143756133,-1.2585186704872082,-0.766884109046016,0.8148706065979172,0.9685639447175397,0.9200852895539668
27,2026-07-22 14:22:40.152700,22.97,45.83,64.79,11.63,459.5,68.84,0,14,-0.7527141577388958,-1.090619950536403,1.3874733474673424,1.0507207504582603,-0.8410103883886996,0.6966746871898735
28,2026-07-22 14:22:41.154413,24.4,57.23,64.98,9.8,370.91,49.34,1,14,-0.45902609118868215,-0.3600682683077075,1.4007287851855268,0.6233883115825898,-1.1525463792353738,-0.540969274770304
29,2026-07-22 14:22:42.156291,24.7,79.47,43.37,6.62,1060.27,52.78,0,14,-0.39741321009423153,1.0651483468472216,-0.10690284160377615,-0.11918936908660817,1.2716600848132034,-0.3226361860963036
30,2026-07-22 14:22:43.158479,27.91,71.69,20.8,12.74,722.6,78.31,0,14,0.2618446176163882,0.5665788654665854,-1.6815093116007476,1.3099223937107158,0.08420825019082462,1.2977253702546365
31,2026-07-22 14:22:44.160350,29.54,86.53,32.9,3.02,243.75,81.87,0,14,0.5966079382295687,1.517577721981835,-0.8373472253374178,-0.959843347202681,-1.599717804859746,1.5236747294637767
32,2026-07-22 14:22:45.162197,27.57,66.9,37.26,7.75,576.62,36.25,0,14,0.19201668570934446,0.2596189919687392,-0.5331698124359204,0.14468257404427026,-0.429145671739388,-1.3717774523117772
33,2026-07-22 14:22:46.164132,29.11,89.92,61.02,0.27,423.89,38.06,0,14,0.5082961419941898,1.734820722223526,1.1244575569538915,-1.6020095804857923,-0.9662366739068177,-1.2568987050734222
34,2026-07-22 14:22:47.165869,34.83,72.45,49.1,1.87,797.84,60.2,0,14,1.6830484081950445,0.6152823109484987,0.2928532537919994,-1.2283855902119822,0.34879757123500327,0.14830320865982557
35,2026-07-22 14:22:48.167521,18.89,47.07,41.19,8.92,577.07,43.52,1,14,-1.5906493406234212,-1.011156434223808,-0.25899154805452484,0.417895116931994,-0.42756319972357343,-0.9103583957245723
36,2026-07-22 14:22:49.169698,18.32,69.19,55.82,3.21,564.56,74.14,1,14,-1.7077138147028772,0.4063701632234504,0.7616771562456833,-0.9154754983576663,-0.4715559217632159,1.033059969158537
37,2026-07-22 14:22:50.171714,24.6,53.14,24.34,10.64,932.87,65.91,1,14,-0.41795083712571457,-0.622169705177476,-1.4345395772724676,0.8195409064763401,0.8236446741137304,0.5107107482902156
38,2026-07-22 14:22:51.173301,28.71,53.11,46.07,11.76,948.77,33.42,0,14,0.4261456338682562,-0.6240922096043938,0.08146390491779354,1.0810776996680072,0.8795586853391748,-1.5513944990988182
39,2026-07-22 14:22:52.175568,24.42,69.9,27.09,4.05,791.89,80.55,0,14,-0.4549185657823848,0.4518694346605012,-1.2426845576671652,-0.7193229034639159,0.3278737745814563,1.4398957535772412
40,2026-07-22 14:22:53.177822,27.93,38.31,54.19,5.92,327.52,40.71,0,14,0.26595214302268483,-1.5725277268837528,0.647959453715995,-0.2826498648314002,-1.3051318476046845,-1.0887060640890904
41,2026-07-22 14:22:54.179494,20.15,78.45,31.95,12.66,1019.46,83.18,0,14,-1.33187524002673,0.9997831963320227,-0.9036244139283403,1.2912411941970254,1.1281474560012295,1.6068190161390503
42,2026-07-22 14:22:55.180845,19.44,49.11,44.89,8.77,1077.56,82.8,1,14,-1.477692391950262,-0.8804261331934098,-0.0008593398582997715,0.3828678678438242,1.3324621762652746,1.5827008261111077
43,2026-07-22 14:22:56.182429,29.17,37.96,28.73,3.09,1065.23,82.54,0,14,0.5206187182130804,-1.5949569451977916,-1.1282692005207304,-0.943497297628202,1.2891024430319586,1.566198906618306
44,2026-07-22 14:22:57.184053,19.45,84.94,48.84,14.78,455.46,48.87,1,14,-1.4756386292471142,1.4156849873552009,0.2747142337565891,1.7862929813098238,-0.855217470486234,-0.570799667699601
45,2026-07-22 14:22:58.186212,31.86,45.38,28.12,5.29,539.63,35.23,1,14,1.0730808853599854,-1.119457516940167,-1.1708261321422702,-0.4297643110017129,-0.5592248714393371,-1.4365157518604637
46,2026-07-22 14:22:59.187969,21.13,35.26,46.19,1.95,338.79,82.47,0,14,-1.1306064951181918,-1.7679823436203776,0.08983576031875201,-1.2097043906982918,-1.265499715119731,1.5617560821394743
47,2026-07-22 14:23:00.189850,32.4,66.7,58.1,3.1,426.5,84.0,0,14,1.183984071329996,0.24680229578928825,0.9207424088638977,-0.9411621476889905,-0.9570583362150937,1.6588635314625035
48,2026-07-22 14:23:01.190477,34.74,39.79,66.32,2.05,530.52,43.47,0,14,1.66456454386671,-1.477684175155817,1.4942145038295642,-1.1863528913061787,-0.5912611382483811,-0.9135318417808808
49,2026-07-22 14:23:02.192022,23.03,54.64,57.61,4.29,422.3,36.88,0,14,-0.7403915815200053,-0.5260444838315951,0.8865573326433164,-0.6632793049228443,-0.971828075029362,-1.3317920320022945
50,2026-07-22 14:23:03.192842,26.98,56.94,53.28,7.33,478.84,74.24,0,14,0.07084468622359197,-0.37865247776791106,0.5844728835920587,0.04660627659739511,-0.7729992577534736,1.039406861271153
51,2026-07-22 14:23:04.194203,32.06,58.63,46.14,5.11,1191.41,72.58,0,14,1.1141561394229529,-0.27035139505155154,0.08634748723501944,-0.4717970099075165,1.7328275962663349,0.9340484522017226
52,2026-07-22 14:23:05.196003,31.44,69.73,61.1,10.51,906.4,81.8,0,14,0.9868228518277552,0.44097524290796797,1.1300387938878638,0.7891839572665929,0.7305601535390439,1.519231904984945
53,2026-07-22 14:23:06.198658,25.93,54.93,50.23,0.29,227.92,66.86,0,14,-0.14480039760698468,-0.5074602743713915,0.37168822548435965,-1.5973392806073698,-1.6553856537716194,0.5710062233600706
54,2026-07-22 14:23:07.200268,27.76,68.82,57.06,8.94,1007.27,43.72,0,14,0.23103817706916333,0.3826592752914661,0.8481863287222562,0.4225654168104165,1.0852800473950552,-0.8976646114993401
55,2026-07-22 14:23:08.201939,24.68,55.74,31.54,9.93,662.13,53.31,0,14,-0.40152073550052814,-0.4555526548446156,-0.932228253214949,0.6537452607923366,-0.12844082268984375,-0.28899765789943715
56,2026-07-22 14:23:09.203283,22.41,66.7,20.71,1.91,688.41,83.98,0,14,-0.867724869115203,0.24680229578928825,-1.6877882031514666,-1.219044990455137,-0.036024456966279074,1.6575941530399805
57,2026-07-22 14:23:10.205100,25.01,58.46,24.0,4.84,970.25,61.6,0,14,-0.3337465662966323,-0.2812455868040848,-1.4582598342418505,-0.5348460582662221,0.9550953495607186,0.2371596982364536
58,2026-07-22 14:23:11.206970,22.29,35.79,26.39,8.64,410.69,84.56,0,14,-0.8923700215529834,-1.734018098744833,-1.291520380839424,0.35251091863407735,-1.0126558530373753,1.694406127293155
59,2026-07-22 14:23:12.208971,30.37,41.76,61.29,8.79,529.79,50.2,0,14,0.767070242590882,-1.3514397177882267,1.1432942316060482,0.3875381677222467,-0.5938282595184802,-0.4863860026018039
60,2026-07-22 14:23:13.210641,27.49,48.67,65.47,5.23,1190.7,48.03,1,14,0.17558658408415728,-0.9086228647882014,1.4349138614061074,-0.4437752106369807,1.7303308070858274,-0.6241135614455776
61,2026-07-22 14:23:14.212086,28.46,79.05,50.59,13.86,759.56,82.27,1,14,0.3748015662895475,1.0382332848703748,0.396803791687236,1.5714591869023828,0.21418195175638577,1.5490622979142414
62,2026-07-22 14:23:15.213825,33.62,37.86,64.8,7.67,1000.8,77.76,1,14,1.4345431211140942,-1.6013652932875173,1.3881710020840883,0.12600137453057975,1.0625276164121227,1.2628174636352472
63,2026-07-22 14:23:16.216170,21.97,52.74,40.44,8.79,1102.64,61.24,0,14,-0.9580904280537306,-0.6478030975363775,-0.31131564431051634,0.3875381677222467,1.4206586166133348,0.21431088663103498
64,2026-07-22 14:23:17.218115,18.38,89.42,47.13,13.12,1083.5,59.47,0,14,-1.6953912384839873,1.702778981774899,0.15541529429292839,1.3986580914007456,1.3533508068740259,0.10197089623772637
65,2026-07-22 14:23:18.220109,28.03,63.08,62.02,1.9,225.93,34.4,0,14,0.28648977005416865,0.014820094941228504,1.1942230186285467,-1.2213801403943485,-1.6623836966859988,-1.4891949563951787
66,2026-07-22 14:23:19.221378,31.1,85.33,24.47,12.03,1048.22,30.07,0,14,0.9169949199207115,1.44067754490513,-1.4254700672547624,1.1441267480267125,1.2292850008341718,-1.7640153848714641
67,2026-07-22 14:23:20.223288,28.86,77.31,42.94,4.95,1178.48,75.47,0,14,0.45695207441548114,0.9267280281091531,-0.13690199012387794,-0.5091594089348975,1.6873579003452657,1.1174736342563336
68,2026-07-22 14:23:21.224691,18.56,73.35,67.31,4.77,527.51,54.73,1,14,-1.6584235098273172,0.6729574437560268,1.5632823108874736,-0.5511921078407014,-0.6018461177319401,-0.19887178990028612
69,2026-07-22 14:23:22.226308,21.1,62.93,24.22,8.82,1109.86,38.06,0,14,-1.1367677832276364,0.0052075728066404954,-1.4429114326734263,0.39454361753988093,1.4460485009559572,-1.2568987050734222
70,2026-07-22 14:23:23.228532,29.57,71.54,38.46,8.56,431.26,65.17,0,14,0.602769226339014,0.5569663433319978,-0.44945125842633377,0.33382971912038684,-0.9403192988922563,0.46374374665685536
71,2026-07-22 14:23:24.230270,20.47,37.41,32.32,9.29,591.27,81.65,1,14,-1.2661548335259827,-1.6302028596912816,-0.8778111931087177,0.5042956646828124,-0.3776274161134283,1.509711566816021
72,2026-07-22 14:23:25.232243,26.85,54.88,50.71,3.09,341.6,79.21,1,14,0.04414577108266365,-0.510664448416254,0.4051756470881945,-0.943497297628202,-1.2556180565320894,1.3548473992681827
73,2026-07-22 14:23:26.233745,18.55,55.28,50.32,11.94,1070.02,84.64,0,14,-1.660477272530465,-0.48503105605735247,0.37796711703507885,1.1231103985738107,1.3059469784891835,1.699483640983248
74,2026-07-22 14:23:27.235772,21.2,38.63,41.47,3.64,1088.29,82.91,0,14,-1.1162301561961532,-1.5520210129966314,-0.23945721878562123,-0.8150640509715797,1.3701953423312507,1.5896824074349858
75,2026-07-22 14:23:28.237657,26.02,55.06,55.38,14.15,472.21,40.23,0,14,-0.12631653327864958,-0.4991294218547483,0.7309803531088351,1.6391785351395112,-0.79631434545314,-1.119171146229649
76,2026-07-22 14:23:29.239332,29.87,64.76,58.27,1.13,225.21,62.72,1,14,0.6643821074334646,0.12248034284861566,0.9326025373485892,-1.4011866857136195,-1.664915651911302,0.30824488989775595
77,2026-07-22 14:23:30.241579,18.91,83.62,63.95,6.67,544.27,61.76,1,14,-1.5865418152171247,1.331094792570826,1.3288703596606317,-0.10751361939055164,-0.5429078266540502,0.24731472561663947
78,2026-07-22 14:23:31.243771,33.29,72.25,38.25,9.21,719.05,36.45,0,14,1.366768951910199,0.6024656147690478,-0.46410200537801144,0.4856144651691223,0.07172430428828803,-1.3590836680865443
79,2026-07-22 14:23:32.245783,34.85,38.94,63.59,2.07,645.58,70.65,1,14,1.6871559336013418,-1.532155133918483,1.3037547934577558,-1.1816825914277562,-0.18664062682702004,0.8115534344282286
80,2026-07-22 14:23:33.247410,18.28,41.79,50.93,12.48,280.27,82.35,0,14,-1.7159288655154705,-1.3495172133613091,0.4205240486566186,1.249208495291222,-1.4712914092652032,1.5541398116043343
81,2026-07-22 14:23:34.255715,30.46,72.04,48.08,9.8,398.35,53.23,0,14,0.785554106919217,0.5890080837806249,0.22169248288385068,0.6233883115825898,-1.0560507523154874,-0.29407517158953056
82,2026-07-22 14:23:35.256985,30.34,60.93,21.92,12.04,295.59,35.78,0,14,0.7609089544814367,-0.1229593889878675,-1.6033719945251335,1.1464618979659238,-1.4174170286379197,-1.4016078452410736
83,2026-07-22 14:23:36.258866,34.22,78.62,68.96,5.69,377.48,56.52,0,14,1.5577688833029955,1.010677388084556,1.6783953226506545,-0.3363583134332603,-1.1294422878044827,-0.08526242108445405
84,2026-07-22 14:23:37.260269,34.59,37.24,50.05,10.06,631.18,40.35,0,14,1.6337581033194852,-1.6410970514438146,0.3591304423829217,0.6841022100020839,-0.23727973133308325,-1.111554875694509
85,2026-07-22 14:23:38.261515,20.91,46.17,40.14,3.18,628.74,69.46,1,14,-1.1757892745874552,-1.0688315670313364,-0.33224528281291277,-0.9224809481753001,-0.24586024626327704,0.7360254182880939
86,2026-07-22 14:23:39.262787,32.7,84.26,31.49,10.37,1191.25,56.79,0,14,1.2455969524244475,1.3721082203450685,-0.9357165262986818,0.7564918581176343,1.7322649395496006,-0.06812581238039031
87,2026-07-22 14:23:40.263978,28.28,88.51,43.93,0.59,300.79,41.32,0,14,0.33783383763287733,1.644463014158398,-0.06783418306596899,-1.5272847824310305,-1.3991306853440635,-1.049990022202131
88,2026-07-22 14:23:41.264842,31.6,69.67,23.07,3.68,345.13,47.39,0,14,1.0196830550781288,0.43713023405413254,-1.52314171359928,-0.8057234512147344,-1.2432044427191449,-0.664733670966322
89,2026-07-22 14:23:42.265967,32.76,37.36,24.92,5.57,245.23,61.3,1,14,1.2579195286433364,-1.6334070337361442,-1.3940756095011673,-0.36438011270379606,-1.5945132302299563,0.21811902189860446
90,2026-07-22 14:23:43.267143,27.04,89.82,39.47,11.24,809.09,55.19,0,14,0.08316726244248179,1.7284123741338,-0.378988142134932,0.9596499028290189,0.3883593716303649,-0.1696760861822511
91,2026-07-22 14:23:44.268391,24.85,65.1,43.71,13.32,1058.34,35.38,0,14,-0.3666067695470059,0.14426872635368132,-0.08318258463439308,1.4453610901849723,1.264873038167599,-1.4269954136915388
92,2026-07-22 14:23:45.269785,21.55,62.84,55.24,2.66,674.1,70.78,0,14,-1.0443484615859608,-0.0005599404741121279,0.7212131884743833,-1.0439087450142885,-0.08634706706917888,0.8198043941746295
93,2026-07-22 14:23:46.271555,19.62,53.42,34.67,0.27,591.41,71.9,0,14,-1.440724663293592,-0.6042263305262449,-0.7138623581732775,-1.6020095804857923,-0.37713509148628604,0.8908895858359323
94,2026-07-22 14:23:47.273331,28.43,50.29,47.25,7.68,304.28,50.46,0,14,0.36864027818010225,-0.80480762573465,0.16378714969388686,0.12833652446979102,-1.3868577357103027,-0.46988408310900165
95,2026-07-22 14:23:48.275316,33.84,46.18,43.37,14.92,710.89,38.2,1,14,1.4797259005833592,-1.068190732222364,-0.10690284160377615,1.8189850804587824,0.043028811734852505,-1.2480130561157592
96,2026-07-22 14:23:49.277103,27.94,64.59,44.28,5.83,828.48,57.21,0,14,0.26800590572583355,0.11158615109608237,-0.04341627147983951,-0.30366621428430196,0.4565463324895704,-0.04146886550740176
97,2026-07-22 14:23:50.282625,18.84,64.11,37.91,4.76,1086.36,59.92,1,14,-1.6009181541391633,0.0808260802654002,-0.4878222623473945,-0.5535272577799126,1.3634082956856464,0.13053191074449988
98,2026-07-22 14:23:51.305887,33.29,46.36,40.67,10.42,751.89,63.79,1,14,1.366768951910199,-1.0566557056608583,-0.2952695881253453,0.7681676078136911,0.18720959539794824,0.3761566355027503
99,2026-07-22 14:23:52.323029,28.21,65.39,59.82,11.3,1097.7,48.31,1,14,0.32345749871083884,0.16285293581388538,1.0407390029443049,0.9736608024642869,1.4032865904841714,-0.6063422635302519
100,2026-07-22 14:23:53.325102,19.29,63.55,46.15,2.21,677.46,35.67,0,14,-1.5084988324974877,0.04493933096293781,0.08704514185176584,-1.1489904922787977,-0.07453127601776416,-1.4085894265649517
101,2026-07-22 14:23:54.327092,23.67,38.95,20.05,3.76,1086.74,66.81,0,14,-0.6089507685185108,-1.53151429910951,-1.733833407856739,-0.787042251701044,1.36474460538789,0.5678327773037626
102,2026-07-22 14:23:55.328955,32.38,76.68,51.56,2.84,1137.33,54.96,1,14,1.1798765459237002,0.8863554351438834,0.46447628951165165,-1.0018760461084848,1.5426496260102314,-0.1842739380412684
103,2026-07-22 14:23:56.330078,32.74,78.16,54.07,5.6,907.51,79.43,0,14,1.2538120032370406,0.9811989868718186,0.6395875983150364,-0.35737466288616226,0.7344635845113863,1.3688105619159394
104,2026-07-22 14:23:57.331378,23.32,86.0,26.28,5.26,623.07,49.54,0,14,-0.6808324631287034,1.4836134771062903,-1.299194581623636,-0.43676976081934693,-0.2657993936625392,-0.5282754905450717
105,2026-07-22 14:23:58.333213,19.73,35.97,64.36,6.62,432.33,50.69,0,14,-1.4181332735589602,-1.7224830721833273,1.35747419894724,-0.11918936908660817,-0.9365565320990975,-0.45528623124998435
106,2026-07-22 14:23:59.334975,24.96,71.06,30.58,13.8,1014.26,46.44,1,14,-0.3440153798123742,0.5262062725013157,-0.9992030964226182,1.5574482872671154,1.1098611127073734,-0.7250291460361769
107,2026-07-22 14:24:00.336967,33.13,89.83,28.98,0.38,805.47,52.7,1,14,1.3339087486598262,1.7290532089427728,-1.1108278351020666,-1.576322931154468,0.3756292634142574,-0.32771369978639653
108,2026-07-22 14:24:01.339283,23.48,71.21,51.37,3.02,762.8,48.43,1,14,-0.6479722598783297,0.5358187946359032,0.45122085179346677,-0.959843347202681,0.22557575027024995,-0.5987259929951125
109,2026-07-22 14:24:02.341146,31.14,59.97,39.42,12.74,453.78,49.33,1,14,0.9252099707333047,-0.1844795306492314,-0.38247641521866454,1.3099223937107158,-0.8611253660119413,-0.541603963981566
110,2026-07-22 14:24:03.352206,24.05,47.51,38.37,0.19,772.56,64.1,0,14,-0.5309077857988739,-0.9829597026290162,-0.45573014997705297,-1.620690779999483,0.25989780999102585,0.39583200105186056
111,2026-07-22 14:24:04.354424,26.73,35.25,60.9,9.49,938.52,55.12,0,14,0.01950061864488327,-1.76862317842935,1.1160857015529324,0.550998663467039,0.8435134894234009,-0.17411891066108254
112,2026-07-22 14:24:05.356336,30.63,67.49,50.65,9.4,812.11,60.94,0,14,0.8204680728727386,0.29742824569811843,0.400989719387715,0.5299823140141372,0.3989795171587197,0.19527021029318584
113,2026-07-22 14:24:06.358308,29.61,44.66,56.23,12.79,1128.01,51.29,0,14,0.6109842771516072,-1.1655976231861902,0.7902809955322918,1.3215981434067723,1.5098748722604742,-0.4172048785742865
114,2026-07-22 14:24:07.360098,31.29,41.04,45.66,2.96,235.99,50.17,0,14,0.9560164112805296,-1.3975798240342496,0.05286006563118458,-0.9738542468379491,-1.6270066556213465,-0.48829007023558885
115,2026-07-22 14:24:08.361434,31.48,88.55,54.41,8.36,570.09,56.92,0,14,0.9950379026403484,1.6470263533942877,0.663307855284419,0.28712672033616027,-0.45210909899109564,-0.05987485263398896
116,2026-07-22 14:24:09.363437,26.08,85.15,59.28,2.94,633.23,75.9,0,14,-0.11399395705975977,1.4291425183436246,1.003065653639991,-0.9785245467163716,-0.23007069214992823,1.144765270340584
117,2026-07-22 14:24:10.365178,22.54,73.05,24.64,9.96,648.95,54.97,0,14,-0.8410259539742747,0.6537323994868508,-1.413609938770071,0.6607507106099708,-0.17478966973080948,-0.1836392488300069
118,2026-07-22 14:24:11.366734,27.38,54.32,29.52,6.12,789.59,38.89,0,14,0.15299519434952558,-0.5465511977187164,-1.0731544857977529,-0.23594686604717385,0.31978558427840476,-1.204219500538707
119,2026-07-22 14:24:12.368689,19.01,41.85,35.39,6.64,762.25,56.52,0,14,-1.566004188185641,-1.3456722045074736,-0.6636312257675258,-0.11451906920818564,0.22364161780647687,-0.08526242108445405
120,2026-07-22 14:24:13.370387,31.08,59.63,34.98,4.56,1178.28,51.02,1,14,0.9128873945144141,-0.20626791415429752,-0.6922350650541347,-0.600230256564139,1.686654579449348,-0.43434148727835026
121,2026-07-22 14:24:14.372008,24.94,58.48,57.92,6.34,785.43,45.93,0,14,-0.3481229052186708,-0.27996391718614,0.9081846257624597,-0.18457356738452502,0.3051565096433196,-0.7573982958105199
122,2026-07-22 14:24:15.374304,34.25,46.5,63.85,12.36,1118.41,71.69,0,14,1.5639301714124407,-1.0476840183352427,1.321893813493166,1.2211866960206859,1.4761154692564327,0.8775611123994376
123,2026-07-22 14:24:16.376133,22.25,77.21,36.78,13.52,801.38,78.43,0,14,-0.9005850723655766,0.9203196800194272,-0.5666572340397548,1.4920640889691983,0.3612463510927436,1.3053416407897764
124,2026-07-22 14:24:17.377769,26.64,79.9,61.78,14.36,519.59,56.05,0,14,0.0010167543165481693,1.0927042436330412,1.1774793078266295,1.6882166838629487,-0.6296976252102745,-0.11509281401375102
125,2026-07-22 14:24:18.379737,33.37,67.42,63.96,3.85,357.23,47.93,0,14,1.3831990535353855,0.2929424020353111,1.329568014277378,-0.7660259022481422,-1.2006535285161337,-0.630460453558194
126,2026-07-22 14:24:19.381375,26.34,63.8,21.15,4.24,979.9,33.83,0,14,-0.06059612677790241,0.06096020118725131,-1.6570914000146182,-0.6749550546189008,0.9890305827887399,-1.5253722414370916
127,2026-07-22 14:24:20.382928,25.17,81.75,64.17,4.04,866.07,71.08,0,14,-0.3008863630462587,1.2112586832929608,1.3442187612290557,-0.7216580534031272,0.5887354948772722,0.8388450705124781
128,2026-07-22 14:24:21.385058,28.99,77.64,54.74,9.01,609.0,59.15,0,14,0.48365098955640945,0.9478755768052468,0.6863304576370557,0.43891146638489575,-0.3152780186903383,0.08166084147735421
129,2026-07-22 14:24:22.387129,23.93,88.32,46.48,9.52,1013.91,80.68,0,14,-0.5555529382366542,1.632287152787919,0.110067744204402,0.5580041132846727,1.1086303011395175,1.448146713323643
130,2026-07-22 14:24:23.388885,24.23,67.55,50.15,6.78,837.28,64.56,0,14,-0.4939400571422037,0.3012732545519538,0.3661069885503873,-0.08182697005922711,0.487492451909942,0.425027704769896
131,2026-07-22 14:24:24.390637,28.44,40.65,43.23,9.36,785.51,54.12,0,14,0.3706940408832509,-1.4225723815841786,-0.11667000623822793,0.5206417142572917,0.3054378380016868,-0.2375878317872455
132,2026-07-22 14:24:25.392554,30.08,88.64,59.93,6.95,560.99,63.2,0,14,0.7075111241995793,1.6527938666750408,1.0484132037285168,-0.04212942109263479,-0.48411019975534375,0.33870997203831443
133,2026-07-22 14:24:26.394425,24.71,89.64,31.27,4.39,481.9,45.11,0,14,-0.39535944739108286,1.7168773475722947,-0.951064927867106,-0.6399278055307313,-0.7622384480459351,-0.8094428111339735
134,2026-07-22 14:24:27.396340,34.89,64.28,38.54,7.49,711.13,30.57,0,14,1.695370984413935,0.09172027201793348,-0.44387002149236143,0.08396867562477617,0.04387279680995359,-1.7322809243083828
135,2026-07-22 14:24:28.397028,19.19,62.42,38.31,2.26,775.79,42.38,0,14,-1.5290364595289707,-0.027475002450958914,-0.45991607767753195,-1.137314742582741,0.2712564424600942,-0.9827129658083982
136,2026-07-22 14:24:29.398906,22.24,75.21,23.47,6.11,463.14,62.2,0,14,-0.9026388350687252,0.7921527182249192,-1.495235528929418,-0.23828201598638513,-0.8282099480830004,0.27524105091215145
137,2026-07-22 14:24:30.401435,18.31,87.62,20.38,7.73,301.62,57.05,0,14,-1.709767577406026,1.587428716159842,-1.710810805504103,0.14001227416584774,-1.3962119036260057,-0.05162389288758806
138,2026-07-22 14:24:31.403247,28.0,84.51,60.54,12.67,384.86,68.14,1,14,0.2803284819447233,1.3881290905693822,1.0909701353500567,1.2935763441362367,-1.1034897467451255,0.6522464424015593
139,2026-07-22 14:24:32.404844,18.61,82.57,60.22,3.08,539.44,80.67,0,14,-1.6481546963115754,1.2638071376287086,1.068645187614167,-0.9458324475674132,-0.5598930262904586,1.4475120241123811
140,2026-07-22 14:24:33.406209,21.48,78.2,44.19,2.95,322.01,55.93,0,14,-1.0587248005079992,0.9837623261077092,-0.04969516303055872,-0.9761893967771603,-1.3245083382872127,-0.1227090845488904
141,2026-07-22 14:24:34.408760,18.67,85.54,51.68,2.65,287.24,74.41,1,14,-1.6358321200926846,1.4541350758935538,0.4728481449126101,-1.0462438949535,-1.4467806760424768,1.0501965778626006
142,2026-07-22 14:24:35.410662,27.69,47.91,45.86,2.57,241.18,74.13,0,14,0.21666183814712484,-0.9573263102701147,0.06681315796611585,-1.0649250944671904,-1.6087554783722864,1.032425279947275
143,2026-07-22 14:24:36.412083,21.89,82.21,52.43,10.19,751.9,61.43,0,14,-0.974520529678917,1.240737084505697,0.5251722411686016,0.7144591592118308,0.1872447614427441,0.2263699816450058
144,2026-07-22 14:24:37.413441,32.35,71.79,58.43,5.58,847.86,34.48,1,14,1.173715257814255,0.5729872135563113,0.9437650112165338,-0.3620449627645848,0.52469812730398,-1.4841174427050858
145,2026-07-22 14:24:38.415454,30.53,65.01,67.81,2.19,312.24,43.15,0,14,0.7999304458412556,0.13850121307292915,1.5981650417248012,-1.1536607921572202,-1.3588655640527845,-0.9338418965412529
146,2026-07-22 14:24:39.416969,22.1,60.58,23.96,6.4,768.31,72.73,1,14,-0.9313915129128015,-0.14538860730190648,-1.4610504527088366,-0.17056266774925702,0.24495224095277815,0.9435687903706473
147,2026-07-22 14:24:40.419024,32.05,43.7,23.97,11.77,1105.96,73.39,0,14,1.1121023767198035,-1.2271177648475537,-1.46035279809209,1.0834128496072184,1.4323337434855656,0.9854582783139147
148,2026-07-22 14:24:41.420873,29.5,35.08,28.43,9.57,480.61,69.76,0,14,0.5883928874169755,-1.7795173701818834,-1.1491988390231271,0.5696798629807295,-0.7667748678246031,0.7550660946259435
149,2026-07-22 14:24:42.423222,31.97,73.09,22.31,14.63,267.71,45.34,0,14,1.095672275094617,0.6562957387227414,-1.5761634644720182,1.7512657322216545,-1.515459961528825,-0.7948449592749558
150,2026-07-22 14:24:43.424841,34.08,46.95,55.5,6.85,1081.52,82.76,1,14,1.5290162054589185,-1.0188464519314782,0.7393522085097937,-0.06548092048474806,1.3463879300044421,1.5801620692660618
151,2026-07-22 14:24:44.426548,23.23,63.67,43.65,10.2,258.92,67.87,0,14,-0.6993163274570384,0.05262934867060858,-0.08736851233487257,0.716794309151042,-1.5463709149044005,0.6351098336974955
152,2026-07-22 14:24:45.428261,33.73,48.39,26.91,14.47,873.07,73.35,0,14,1.457134510848726,-0.9265662394394326,-1.2552423407686033,1.7139033331942732,0.613351726234386,0.9829195214688679
153,2026-07-22 14:24:46.430239,34.92,86.2,41.53,11.02,662.92,69.19,0,14,1.7015322725233804,1.4964301732857412,-0.23527129108514175,0.9082766041663698,-0.1256627051509696,0.7188888095840301
154,2026-07-22 14:24:47.431837,34.96,51.85,66.41,7.07,1000.67,43.02,1,14,1.7097473233359735,-0.7048373955349336,1.5004933953802835,-0.014107621822099,1.0620704578297764,-0.9420928562876538
155,2026-07-22 14:24:48.434226,29.36,87.28,63.12,5.32,890.43,76.53,0,14,0.5596402095728985,1.5656403326547754,1.2709650264706673,-0.4227588611840789,0.6743999800000282,1.1847506906500664
156,2026-07-22 14:24:49.436347,18.5,49.23,51.55,9.29,218.11,80.09,0,14,-1.6707460860462071,-0.8727361154857395,0.46377863489490473,0.5042956646828124,-1.6898835437163746,1.4107000498592066
157,2026-07-22 14:24:50.438062,29.89,80.47,66.14,5.33,476.55,31.65,1,14,0.6684896328397611,1.1292318277444755,1.4816567207281268,-0.42042371124486766,-0.7810522820117293,-1.6637344894921269
158,2026-07-22 14:24:51.439355,28.86,76.1,45.35,9.27,936.71,30.27,1,14,0.45695207441548114,0.8491870162234753,0.031232772512041755,0.4996253648043899,0.8371484353153473,-1.7513216006462315
159,2026-07-22 14:24:52.440978,25.11,70.87,66.61,11.53,533.76,47.79,0,14,-0.31320893926514926,0.5140304111308376,1.5144464877152146,1.0273692510661467,-0.579867339734517,-0.6393461025158569
160,2026-07-22 14:24:53.442788,24.72,56.25,54.43,12.75,1042.41,61.08,0,14,-0.3933056846879349,-0.42287007958701617,0.6647031645179123,1.3122575436499273,1.2088535288077675,0.2041558592508487
161,2026-07-22 14:24:54.444336,19.65,59.79,45.34,5.53,1058.27,67.83,0,14,-1.4345633751841473,-0.1960145572107371,0.030535117895295342,-0.37372071246064137,1.264626875854028,0.6325710768524486
162,2026-07-22 14:24:55.446555,34.38,36.59,52.91,8.88,407.05,81.77,0,14,1.5906290865533697,-1.6827513140270296,0.558659662772436,0.4085545171751489,-1.0254562933430744,1.5173278373511598
163,2026-07-22 14:24:56.448258,21.0,48.4,54.38,0.75,1117.31,48.59,0,14,-1.15730541025912,-0.9259254046304601,0.6612148914341798,-1.4899223834036495,1.4722472043288857,-0.5885709656149262
164,2026-07-22 14:24:57.449960,29.65,59.65,60.13,9.64,1050.71,72.99,0,14,0.6191993279642004,-0.2049862445363527,1.0623662960634481,0.5860259125552088,1.2380413459883453,0.9600707098634492
165,2026-07-22 14:24:58.451300,25.52,80.13,59.16,3.64,885.44,51.84,0,14,-0.22900466843606698,1.107443444239409,0.994693798239032,-0.8150640509715797,0.6568521236468859,-0.38229697195489665
166,2026-07-22 14:24:59.453296,22.97,58.9,36.34,4.53,955.73,47.41,0,14,-0.7527141577388958,-0.2530488552092932,-0.597354037176603,-0.6072357063817727,0.9040342525171053,-0.6634642925437989
167,2026-07-22 14:25:00.455435,21.4,80.79,26.91,3.62,952.8,55.88,1,14,-1.0751549021331865,1.1497385416315973,-1.2552423407686033,-0.8197343508500023,0.8937306013919131,-0.12588253060519838
168,2026-07-22 14:25:01.456931,26.08,47.14,63.9,3.47,495.42,34.93,0,14,-0.11399395705975977,-1.006670590561,1.3253820865768986,-0.854761599938172,-0.7146939554819093,-1.4555564281983122
169,2026-07-22 14:25:02.459242,21.24,51.1,43.74,6.47,1043.6,34.82,0,14,-1.10801510538356,-0.7529000062078742,-0.08108962078415334,-0.15421661817477797,1.2130382881384763,-1.4625380095221903
170,2026-07-22 14:25:03.461275,24.8,59.49,44.21,6.94,476.32,80.01,1,14,-0.37687558306274777,-0.2152396014799131,-0.048299853797065403,-0.044464571031846055,-0.7818611010420344,1.4056225361691137
171,2026-07-22 14:25:04.463056,19.9,78.26,53.08,4.67,444.79,31.24,0,14,-1.3832193076054387,0.9876073349615446,0.5705197912571275,-0.5745436072328144,-0.8927396402834346,-1.6897567471538537
172,2026-07-22 14:25:05.464708,22.22,55.19,61.2,9.39,1077.44,34.47,0,14,-0.9067463604750219,-0.49079856933810556,1.1370153400553293,0.5276471640749258,1.3320401837277245,-1.4847521319163473
173,2026-07-22 14:25:06.466493,33.47,44.83,56.96,6.96,407.96,68.71,1,14,1.4037366805668694,-1.1547034314336568,0.8412097825547905,-0.03979427115342353,-1.0222561832666497,0.6884237274434717
174,2026-07-22 14:25:07.468064,34.44,83.38,53.22,4.26,217.58,83.57,0,14,1.6029516627722589,1.3157147571554844,0.5802869558915793,-0.6702847547404783,-1.691747344090556,1.631571895378253
175,2026-07-22 14:25:08.470132,24.61,56.21,28.7,1.52,1027.59,78.44,1,14,-0.4158970744225667,-0.4254334188229063,-1.1303621643709703,-1.3101158380843783,1.1567374504202772,1.3059763300010374
176,2026-07-22 14:25:09.471731,24.34,86.84,47.81,7.31,700.49,71.25,1,14,-0.471348667407572,1.537443601059984,0.20285580823169402,0.041935976718972374,0.0064561251471404995,0.8496347871039259
177,2026-07-22 14:25:10.473050,28.4,72.45,56.02,11.57,444.7,47.56,0,14,0.362478990070657,0.6152823109484987,0.7756302485806146,1.0367098508229922,-0.8930561346865976,-0.6539439543748741
178,2026-07-22 14:25:11.474810,21.94,87.95,68.9,0.69,613.0,42.5,0,14,-0.9642517161631752,1.6085762648559356,1.674209394950176,-1.5039332830389172,-0.3012116007719875,-0.9750966952732588
179,2026-07-22 14:25:12.476223,21.64,70.76,55.67,13.16,1121.74,53.89,0,14,-1.0258645972576257,0.5069812282321396,0.7512123369944852,1.407998691157591,1.4878257621734594,-0.25218568364626276
180,2026-07-22 14:25:13.479235,28.08,52.49,38.54,0.03,1071.23,69.69,0,14,0.29675858356990975,-0.6638239677606911,-0.44387002149236143,-1.658053179026864,1.3102020699094847,0.7506232701471116
181,2026-07-22 14:25:14.481123,18.93,53.03,63.56,2.92,531.38,55.59,0,14,-1.5824342898108281,-0.629218888076174,1.301661829607516,-0.9831948465947944,-0.5882368583959356,-0.14428851773178558
182,2026-07-22 14:25:15.482768,26.93,51.24,50.25,4.29,881.5,37.03,1,14,0.06057587270785008,-0.7439283188822586,0.37308353471785294,-0.6632793049228443,0.6429967019973102,-1.32227169383337
183,2026-07-22 14:25:16.484536,33.39,61.35,61.26,12.01,1002.73,36.6,0,14,1.387306578941683,-0.09604432701102071,1.1412012677558083,1.1394564481482898,1.0693146630577273,-1.3495633299176202
184,2026-07-22 14:25:17.486614,30.32,60.51,47.36,0.89,215.01,40.03,0,14,0.75680142907514,-0.14987445096471427,0.1714613504780989,-1.4572302842546911,-1.7007850176030965,-1.1318649304548811
185,2026-07-22 14:25:18.488486,19.83,40.76,59.5,1.0,1064.88,79.09,0,14,-1.397595646527477,-1.4155231986854808,1.018414055208415,-1.4315436349233666,1.2878716314641032,1.3472311287330436
186,2026-07-22 14:25:19.490452,29.25,85.2,63.09,13.79,238.13,67.23,0,14,0.5370488198382668,1.432346692388487,1.2688720626204282,1.5551131373279037,-1.619481122035029,0.5944897241767512
187,2026-07-22 14:25:20.492284,26.62,58.71,34.32,1.64,588.47,50.96,0,14,-0.0030907710897484387,-0.2652247165797713,-0.738280269759407,-1.2820940388138427,-0.3874739086562737,-0.43814962254592016
188,2026-07-22 14:25:21.494661,30.87,87.1,68.82,12.07,563.61,33.18,1,14,0.8697583777482993,1.5541053060932692,1.6686281580162026,1.153467347783558,-0.474896696018824,-1.5666270401690974
189,2026-07-22 14:25:22.496046,20.83,47.03,62.9,1.11,318.79,48.91,0,14,-1.1922193762126423,-1.0137197734596979,1.2556166249022431,-1.405856985592042,-1.335831804711485,-0.5682609108545545
190,2026-07-22 14:25:23.497832,31.16,70.94,39.88,3.53,356.03,79.57,0,14,0.9293174961396012,0.5185162547936448,-0.350384302848323,-0.8407507003029042,-1.204873453891639,1.3776962108736013
191,2026-07-22 14:25:24.499577,34.15,53.36,37.23,12.72,306.23,71.0,0,14,1.5433925443809569,-0.6080713393800803,-0.5352627762861601,1.3052520938322933,-1.3800003569751065,0.8337675568223852
192,2026-07-22 14:25:25.500621,23.16,86.91,33.14,9.48,625.65,53.35,1,14,-0.7136926663790769,1.5419294447227911,-0.8206035145355003,0.5486635135278277,-0.2567265541052032,-0.2864589010543907
193,2026-07-22 14:25:26.501483,20.17,44.13,34.46,8.61,544.24,68.34,0,14,-1.3277677146204325,-1.1995618680617344,-0.7285131051249553,0.3455054688164431,-0.5430133247884378,0.664940226626792
194,2026-07-22 14:25:27.502494,19.85,76.19,65.09,5.11,961.1,43.34,0,14,-1.3934881211211798,0.8549545295042283,1.408402985969739,-0.4717970099075165,0.9229184185724912,-0.9217828015272816
195,2026-07-22 14:25:28.505105,19.72,38.01,63.82,1.96,599.77,46.14,0,14,-1.4201870362621087,-1.5917527711529291,1.3198008496429263,-1.2073692407590804,-0.34773627803693286,-0.7440698223740256
196,2026-07-22 14:25:29.506798,32.15,58.73,47.53,2.04,1183.16,70.59,0,14,1.1326400037512874,-0.26394304696182647,0.18332147896279044,-1.18868804124539,1.7038156093097363,0.8077452991606586
197,2026-07-22 14:25:30.508512,29.96,83.71,21.23,5.99,269.98,64.77,0,14,0.6828659717617996,1.336862305851578,-1.6515101630806457,-0.26630381525692093,-1.5074772693601606,0.43835617820638983
198,2026-07-22 14:25:31.510810,31.62,63.33,47.72,6.85,1023.4,47.94,0,14,1.0237905804844254,0.030840965165542,0.1965769166809748,-0.06548092048474806,1.1420028776508049,-0.6298257643469325
199,2026-07-22 14:25:32.512826,32.97,77.62,31.47,2.71,209.75,56.17,0,14,1.301048545409452,0.946593907187302,-0.9371118355321749,-1.0322329953182319,-1.7192823571657279,-0.10747654347861117
200,2026-07-22 14:25:33.514470,20.14,84.72,49.89,2.76,737.67,80.22,1,14,-1.3339290027298778,1.401586621557805,0.3479679685149771,-1.0205572456221754,0.13720347969821103,1.4189510096056075
201,2026-07-22 14:25:34.516098,30.8,41.64,59.93,5.26,429.53,38.99,0,14,0.8553820388262608,-1.359129735495897,1.0484132037285168,-0.43676976081934693,-0.946403024641943,-1.1978726084260907
202,2026-07-22 14:25:35.518293,25.77,35.31,51.69,11.6,859.42,32.64,1,14,-0.1776606008573583,-1.7647781695755147,0.4735457995293565,1.0437153006406261,0.5653500750880136,-1.6009002575772253
203,2026-07-22 14:25:36.519278,22.71,56.44,58.38,9.56,563.14,73.84,0,14,-0.8061119880207525,-0.41069421821653807,0.9402767381328012,0.5673447130415182,-0.4765495001242303,1.0140192928206881
204,2026-07-22 14:25:37.521135,33.62,73.62,49.03,7.16,545.64,47.71,0,14,1.4345431211140942,0.690259983598286,0.2879696714747735,0.006908727630802791,-0.5380900785170151,-0.6444236162059498
205,2026-07-22 14:25:38.523292,23.55,36.96,60.96,0.93,1035.22,55.74,0,14,-0.6335959209562912,-1.6590404260950458,1.120271629253412,-1.447889684497846,1.1835691425995316,-0.13476817956286122
206,2026-07-22 14:25:39.525396,20.62,48.43,67.73,6.92,1144.24,74.68,0,14,-1.235348392978757,-0.9240029002035425,1.592583804790829,-0.049134870910268795,1.5669493629641829,1.0673331865666653
207,2026-07-22 14:25:40.527346,20.97,51.38,46.96,9.47,586.43,70.43,0,14,-1.1634666983685653,-0.734956631556643,0.14355516580823685,0.5463283635886164,-0.3946477817946329,0.7975902717804728
208,2026-07-22 14:25:41.528950,25.97,78.9,57.35,5.75,355.35,42.98,1,14,-0.1365853467943915,1.0286207627357873,0.8684183126079061,-0.3223474137979925,-1.2072647449377585,-0.9446316131327007
209,2026-07-22 14:25:42.530299,32.49,81.76,44.9,0.62,991.73,48.3,0,14,1.2024679356583319,1.2118995181019336,-0.00016168524155335662,-1.5202793326133965,1.0306320137822624,-0.6069769527415139
210,2026-07-22 14:25:43.533266,30.7,74.37,69.84,13.27,872.72,54.48,0,14,0.8348444117947771,0.7383225942712265,1.7397889289243518,1.4336853404889154,0.6121209146665303,-0.21473902018182686
211,2026-07-22 14:25:44.535349,26.44,65.38,39.55,2.5,619.72,57.01,0,14,-0.04005849974641864,0.1622121010049125,-0.37340690520095965,-1.0812711440416696,-0.27758001866915805,-0.05416264973263453
212,2026-07-22 14:25:45.537059,31.19,75.22,31.32,1.46,808.57,31.7,1,14,0.9354787842490465,0.7927935530338921,-0.947576654783373,-1.3241267377196462,0.38653073730097937,-1.6605610434358187
213,2026-07-22 14:25:46.538024,30.26,77.62,51.12,1.47,366.46,38.63,0,14,0.7444788528562503,0.946593907187302,0.43377948637480296,-1.321791587780435,-1.1681952691695394,-1.2207214200315093
214,2026-07-22 14:25:47.539755,26.17,63.66,60.98,0.75,788.92,41.94,1,14,-0.09551009273142394,0.051988513861635714,1.121666938486905,-1.4899223834036495,0.3174294592770807,-1.0106392911039102
215,2026-07-22 14:25:48.540674,31.57,55.44,39.73,12.79,787.03,66.53,0,14,1.0135217669686836,-0.4747776991137921,-0.3608491220995217,1.3215981434067723,0.31078307681066003,0.550061479388437
216,2026-07-22 14:25:49.542632,25.69,64.32,57.77,9.17,380.75,44.58,1,14,-0.19409070248254473,0.09428361125382313,0.8977198065112615,0.47627386541227684,-1.117942991156231,-0.84308133933084
217,2026-07-22 14:25:50.544463,27.97,35.18,45.64,6.53,492.3,59.2,0,14,0.27416719383527804,-1.773109022092158,0.051464756397691755,-0.14020571853950997,-0.7256657614582229,0.08483428753366264
218,2026-07-22 14:25:51.546844,18.03,42.96,60.78,10.61,858.3,47.91,0,14,-1.7672729330941792,-1.2745395407115216,1.107713846151974,0.8125354566587059,0.5614114780708754,-0.6317298319807174
219,2026-07-22 14:25:52.549066,34.54,44.01,21.84,12.85,1019.4,62.11,0,14,1.6234892898037425,-1.2072518857694052,-1.608953231459106,1.3356090430420402,1.1279364597324542,0.2695288480107966
220,2026-07-22 14:25:53.550886,31.94,48.69,21.69,8.13,282.13,66.99,1,14,1.0895109869851727,-0.9073411951702566,-1.6194180507103042,0.23341827173430038,-1.46475052493317,0.5792571831064715
221,2026-07-22 14:25:54.552532,23.88,45.96,59.08,10.55,1020.73,48.18,0,14,-0.5658217517523961,-1.0822890980197597,0.9891125613050598,0.7985245570234383,1.1326135436903058,-0.6145932232766532
222,2026-07-22 14:25:55.554506,23.97,78.23,57.61,0.66,779.24,67.31,0,14,-0.547337887424061,0.985684830534627,0.8865573326433164,-1.5109387328565511,0.28338872791467196,0.5995672378668441
223,2026-07-22 14:25:56.557297,24.34,82.22,23.92,7.77,974.09,81.74,0,14,-0.471348667407572,1.2413779193146701,-1.4638410711758227,0.1493528739226928,0.9685991107623355,1.515423769717375
224,2026-07-22 14:25:57.559044,19.21,51.29,52.23,9.35,919.25,82.09,0,14,-1.5249289341226742,-0.740724144837396,0.5112191488336704,0.5183065643180804,0.775748521101746,1.5376378921115326
225,2026-07-22 14:25:58.561136,32.22,36.89,34.67,7.25,1019.33,62.78,0,14,1.1470163426733258,-1.6635262697578534,-0.7138623581732775,0.02792507708370458,1.1276902974188832,0.3120530251653259
226,2026-07-22 14:25:59.565759,18.99,49.07,47.08,3.58,690.46,72.02,1,14,-1.5701117135919382,-0.8829894724292998,0.15192702120919532,-0.8290749506068475,-0.028815417783124044,0.8985058563710712
227,2026-07-22 14:26:00.568173,30.57,65.69,62.85,11.4,734.83,75.84,1,14,0.8081454966538488,0.1820779800830614,1.2521283518185107,0.9970123018563999,0.12721632297618227,1.140957135073014
228,2026-07-22 14:26:01.569694,29.22,58.58,66.02,10.22,753.8,70.17,1,14,0.5308875317288215,-0.2735555690964145,1.4732848653271677,0.721464609029465,0.19392630995396065,0.78108835228767
229,2026-07-22 14:26:02.570626,29.59,53.8,42.35,12.76,1036.22,72.47,1,14,0.6068767517453106,-0.5798746077852887,-0.17806361251192435,1.3145926935891386,1.1870857470791194,0.9270668708778447
230,2026-07-22 14:26:03.572586,33.56,41.82,69.95,7.33,425.89,62.66,0,14,1.4222205448952052,-1.3475947089343914,1.7474631297085639,0.04660627659739511,-0.9592034649476422,0.30443675463018605
231,2026-07-22 14:26:04.574122,34.11,88.53,22.69,14.62,434.94,57.28,1,14,1.5351774935683637,1.645744683776343,-1.549652589035649,1.7489305822824428,-0.9273781944073736,-0.037026041028570336
232,2026-07-22 14:26:05.575996,28.05,87.12,58.57,14.97,1136.59,45.03,0,14,0.29059729546046525,1.555386975711215,0.9535321758509856,1.830660830154839,1.5400473386953366,-0.8145203248240664
233,2026-07-22 14:26:06.578162,21.1,41.2,28.61,12.22,1100.7,33.79,0,14,-1.1367677832276364,-1.3873264670906886,-1.1366410559216893,1.1884945968717278,1.4138364039229343,-1.5279109982821382
234,2026-07-22 14:26:07.580472,22.23,76.23,50.43,0.91,518.01,65.5,0,14,-0.9046925977718732,0.8575178687401189,0.3856413178192909,-1.4525599843762684,-0.6352538602880232,0.484688490628489
235,2026-07-22 14:26:08.582896,18.04,50.75,68.76,2.86,582.78,72.89,0,14,-1.7652191703910312,-0.7753292245219132,1.664442230315724,-0.9972057462300621,-0.4074833881451279,0.9537238177508333
236,2026-07-22 14:26:09.585709,30.33,72.57,28.67,6.03,656.47,80.82,1,14,0.758855191778288,0.6229723286561686,-1.1324551282212096,-0.25696321550007567,-0.14834480404431002,1.4570323622813048
237,2026-07-22 14:26:10.587333,33.23,55.65,54.96,10.86,796.01,59.18,0,14,1.3544463756913085,-0.4613201681253687,0.7016788592054798,0.8709142051389888,0.3423621850373576,0.08356490911113917
238,2026-07-22 14:26:11.588401,20.31,79.71,48.12,4.94,947.2,63.78,0,14,-1.2990150367763564,1.0805283822625622,0.22448310135083685,-0.5114945588741089,0.8740376163062223,0.37552194629148883
239,2026-07-22 14:26:12.589387,18.14,64.44,64.95,11.03,323.81,55.64,0,14,-1.7446815433595475,0.10197362896149391,1.398635821335287,0.910611754105581,-1.3181784502239546,-0.1411150716754776
240,2026-07-22 14:26:13.590739,19.12,67.33,29.22,1.16,388.39,50.79,0,14,-1.5434127984510093,0.287174888754558,-1.0940841243001496,-1.3941812358959855,-1.091076132932181,-0.448939339137368
241,2026-07-22 14:26:14.593419,29.71,45.53,22.69,14.09,1086.97,34.04,0,14,0.631521904183091,-1.1098449948055789,-1.549652589035649,1.6251676355042433,1.3655534244181953,-1.5120437680005974
242,2026-07-22 14:26:15.594368,34.0,82.85,24.72,13.85,201.88,37.28,0,14,1.512586103833732,1.2817505122799397,-1.4080287018360986,1.5691240369631716,-1.746958034420083,-1.3064044635518293
243,2026-07-22 14:26:16.595941,26.75,63.93,41.88,2.1,978.72,59.58,0,14,0.023608144051179877,0.06929105370389449,-0.21085337949901228,-1.174677141610122,0.9848809895028265,0.10895247756160427
244,2026-07-22 14:26:17.605060,18.58,83.07,69.34,4.94,788.93,42.3,0,14,-1.6543159844210207,1.2958488780773356,1.7049061980870241,-0.5114945588741089,0.3174646253218766,-0.9877904794984915
245,2026-07-22 14:26:18.606640,20.09,36.89,35.8,11.52,982.31,60.93,1,14,-1.3441978162456198,-1.6635262697578534,-0.6350273864809173,1.0250341011269355,0.9975055995845461,0.19463552108192433
246,2026-07-22 14:26:19.608134,30.74,52.78,54.3,12.47,1109.74,72.82,0,14,0.8430594626073703,-0.6452397583004875,0.6556336545002069,1.2468733453520107,1.445626508418407,0.9492809932720013
247,2026-07-22 14:26:20.611762,24.36,63.34,51.6,0.68,882.31,75.84,0,14,-0.46724114200127537,0.03148179997451487,0.4672669079786378,-1.5062684329781286,0.645845151625776,1.140957135073014
248,2026-07-22 14:26:21.613694,29.74,69.81,41.05,4.79,799.36,35.06,1,14,0.6376831922925356,0.44610192137974813,-0.2687587126889766,-0.5465218079622787,0.3541428100439765,-1.4473054684519109
249,2026-07-22 14:26:22.614567,29.6,69.95,56.95,6.12,1042.8,49.77,0,14,0.6089305144484592,0.45507360870536373,0.8405121279380441,-0.23594686604717385,1.2102250045548062,-0.513677638686054
250,2026-07-22 14:26:23.616690,34.46,44.72,36.83,6.11,210.41,41.58,0,14,1.607059188178556,-1.1617526143323549,-0.5631689609560222,-0.23828201598638513,-1.7169613982092,-1.0334881027093288
251,2026-07-22 14:26:24.617777,28.44,71.41,67.58,1.66,766.42,42.53,0,14,0.3706940408832509,0.5486354908153542,1.5821189855396303,-1.27742373893542,0.23830585848635744,-0.9731926276394738
252,2026-07-22 14:26:25.619246,34.88,80.0,42.44,11.23,448.73,64.49,0,14,1.693317221710787,1.0991125917227662,-0.17178472096120562,0.9573147528898076,-0.878884218633859,0.4205848802910641
253,2026-07-22 14:26:26.620525,33.56,47.55,33.17,13.59,255.88,30.15,0,14,1.4222205448952052,-0.9803963633931262,-0.8185105506852606,1.5084101385436774,-1.5570613925223473,-1.7589378711813712
254,2026-07-22 14:26:27.622676,26.89,40.17,45.5,10.02,381.03,58.62,1,14,0.052360821895256864,-1.4533324524148603,0.04169759176323996,0.6747616102452384,-1.1169583419019466,0.04802231328048778
255,2026-07-22 14:26:28.624962,20.39,86.32,23.45,8.42,451.9,35.18,0,14,-1.2825849351511691,1.504120190993411,-1.496630838162911,0.3011376199714283,-0.8677365824335662,-1.4396891979167716
256,2026-07-22 14:26:29.626573,19.85,84.71,24.18,12.99,200.78,60.38,0,14,-1.3934881211211798,1.4009457867488322,-1.4457020511404124,1.3683011421909987,-1.7508262993476296,0.1597276144625349
257,2026-07-22 14:26:30.628641,22.07,47.07,26.25,3.35,929.66,44.36,0,14,-0.9375528010222468,-1.011156434223808,-1.301287545473876,-0.8827833992087079,0.8123563737342537,-0.8570445019785957
258,2026-07-22 14:26:31.630021,21.62,87.89,64.19,7.51,1020.5,41.86,1,14,-1.0299721226639222,1.6047312560021003,1.3456140704625486,0.0886389755031987,1.1318047246600007,-1.015716804794003
259,2026-07-22 14:26:32.631781,24.97,85.34,54.56,14.24,1154.93,62.98,1,14,-0.34196161710922623,1.4413183797141027,0.6737726745356177,1.660194884592413,1.6045418648509755,0.3247468093905582
260,2026-07-22 14:26:33.634149,29.33,48.09,65.01,6.48,838.03,36.06,0,14,0.5534789214634532,-0.9457912837086085,1.4028217490357664,-0.15188146823556647,0.49012990526963274,-1.383836547325748
261,2026-07-22 14:26:34.635854,22.45,49.79,35.62,14.13,218.62,59.04,0,14,-0.8595098183026098,-0.8368493661832771,-0.6475851695823552,1.6345082352610887,-1.688090075431785,0.07467926015347633
262,2026-07-22 14:26:35.637483,26.15,65.53,54.81,2.92,469.28,35.61,0,14,-0.09961761813772128,0.17182462313950098,0.6912140399542815,-0.9831948465947944,-0.806617996578332,-1.4123975618325215
263,2026-07-22 14:26:36.639387,34.61,38.74,57.72,5.68,237.4,82.84,0,14,1.6378656287257811,-1.5449718300979336,0.8942315334275285,-0.33869346337247175,-1.622048243305128,1.5852395829561547
264,2026-07-22 14:26:37.641169,24.54,56.03,37.94,13.78,560.87,64.34,1,14,-0.43027341334460517,-0.436968445384412,-0.48572929849715474,1.5527779873886924,-0.4845321922928943,0.4110645421221402
265,2026-07-22 14:26:38.642962,34.98,85.24,31.8,0.09,803.2,68.76,1,14,1.7138548487422693,1.4349100316243768,-0.9140892331795385,-1.644042279391596,0.3676465712455934,0.6915971734997806
266,2026-07-22 14:26:39.644660,27.72,72.36,28.29,2.48,715.42,83.56,0,14,0.2228231262565694,0.6095147976677456,-1.1589660036575788,-1.0859414439200923,0.058959030027384694,1.630937206166992
267,2026-07-22 14:26:40.645854,32.65,36.17,36.95,14.49,602.18,68.86,1,14,1.2353281389087047,-1.7096663760038764,-0.5547971055550632,1.718573633072696,-0.3392612612411266,0.6979440656123965
268,2026-07-22 14:26:41.647472,22.5,66.76,40.25,11.13,723.71,38.74,0,14,-0.8492410047868679,0.2506473046431236,-0.3245710820287007,0.9339632534976946,0.088111681163167,-1.2137398387076312
269,2026-07-22 14:26:42.649417,27.63,59.92,40.37,6.47,810.44,55.87,0,14,0.20433926192823426,-0.1876837046940939,-0.31619922662774225,-0.15421661817477797,0.3931067876778084,-0.12651721981646033
270,2026-07-22 14:26:43.651025,27.22,49.3,21.21,6.16,1003.88,82.74,0,14,0.12013499109915199,-0.8682502718229317,-1.6529054723141388,-0.2266062662903286,1.073358758209253,1.578892690843538
271,2026-07-22 14:26:44.652584,20.72,85.32,47.94,8.31,800.83,47.48,0,14,-1.214810765947274,1.440036710096157,0.2119253182493989,0.275450970640104,0.3593122186289705,-0.6590214680649675
272,2026-07-22 14:26:45.654088,33.48,89.17,26.08,1.86,330.49,62.81,0,14,1.4057904432700172,1.6867581115505854,-1.3131476739585675,-1.2307207401511935,-1.2946875323003089,0.3139570927991108
273,2026-07-22 14:26:46.655497,18.41,83.59,62.31,0.5,759.1,76.38,0,14,-1.689229950374542,1.3291722881439083,1.214455002514197,-1.5483011318839324,0.2125643136957757,1.1752303524811416
274,2026-07-22 14:26:47.657706,32.1,57.6,53.11,4.39,368.02,38.26,0,14,1.1223711902355462,-0.3363573803757232,0.5726127551073673,-0.6399278055307313,-1.1627093661813825,-1.2442049208481898
275,2026-07-22 14:26:48.659428,32.87,52.68,56.44,8.48,548.75,83.06,0,14,1.2805109183779682,-0.651648106390213,0.8049317424839695,0.31514851960669626,-0.5271534385854972,1.5992027456039106
276,2026-07-22 14:26:49.661037,26.01,70.61,22.18,8.47,789.92,51.42,0,14,-0.12837029598179753,0.4973687060975512,-1.5852329744897231,0.312813369667485,0.3209460637566684,-0.4089539188278852
277,2026-07-22 14:26:50.661765,33.88,66.49,51.33,1.65,304.07,39.02,0,14,1.4879409513959523,0.2333447648008644,0.44843023332648063,-1.2797588888746314,-1.387596222651016,-1.1959685407923055
278,2026-07-22 14:26:51.663331,30.81,39.61,27.74,5.3,542.92,34.54,0,14,0.8574358015294088,-1.4892192017173227,-1.1973370075786394,-0.4274291610625017,-0.5476552427014937,-1.480309307437516
279,2026-07-22 14:26:52.664099,31.57,84.79,62.31,13.31,551.52,47.12,0,14,1.0135217669686836,1.4060724652206134,1.214455002514197,1.4430259402457608,-0.5174124441770394,-0.6818702796703862
280,2026-07-22 14:26:53.665132,27.89,71.4,23.35,2.43,341.68,34.16,0,14,0.2577370922100916,0.5479946560063822,-1.5036073843303763,-1.0976171936161485,-1.2553367281737224,-1.504427497465458
281,2026-07-22 14:26:54.666327,34.88,61.02,53.5,6.0,301.24,75.98,0,14,1.693317221710787,-0.11719187570711442,0.5998212851604829,-0.2639686653177096,-1.397548213328249,1.1498427840306769
282,2026-07-22 14:26:55.667913,26.32,77.12,67.4,6.88,261.22,72.11,0,14,-0.06470365218419902,0.914552166738675,1.5695612024381929,-0.05847547066711405,-1.5382827246013488,0.904218059272426
283,2026-07-22 14:26:56.669129,34.45,73.7,27.75,3.09,1192.37,47.55,0,14,1.6050054254754083,0.6953866620700663,-1.1966393529618928,-0.943497297628202,1.7362035365667383,-0.654578643586136
284,2026-07-22 14:26:57.670915,21.82,44.56,65.97,14.64,441.13,41.91,0,14,-0.9888968686009555,-1.1720059712759152,1.4697965922434353,1.7536008821608657,-0.9056104126787257,-1.012543358737695
285,2026-07-22 14:26:58.673030,33.39,57.99,21.52,0.25,1009.96,78.39,0,14,1.387306578941683,-0.3113648228257941,-1.6312781791949957,-1.606679880364215,1.0947397134451464,1.3028028839447294
286,2026-07-22 14:26:59.674544,29.14,53.04,32.54,3.31,353.53,59.48,0,14,0.5144574301036351,-0.6285780532672016,-0.8624627915402936,-0.8921239989655531,-1.2136649650906084,0.10260558544898787
287,2026-07-22 14:27:00.676362,30.43,70.23,36.35,10.92,341.55,59.12,0,14,0.7793928188097717,0.4730169833565949,-0.5966563825598565,0.8849251047742568,-1.255793886756069,0.07975677384356926
288,2026-07-22 14:27:01.678553,23.7,85.4,44.94,13.52,1104.12,51.83,0,14,-0.6027894804090663,1.4451633885679382,0.0026289332254327987,1.4920640889691983,1.4258631912431239,-0.38293166116615857
289,2026-07-22 14:27:02.680633,21.33,35.44,65.72,7.69,722.1,32.64,0,14,-1.089531241055225,-1.756447317058872,1.4523552268247715,0.1306716744090025,0.08244994795103076,-1.6009002575772253
290,2026-07-22 14:27:03.682418,30.45,44.43,35.99,8.96,1085.19,78.34,0,14,0.7835003442160684,-1.1803368237925584,-0.6217719487627325,0.4272357166888395,1.3592938684445293,1.2996294378884214
291,2026-07-22 14:27:04.685207,30.07,53.6,22.16,14.71,530.13,60.02,1,14,0.7054573614964313,-0.5926913039647392,-1.5866282837232162,1.769946931735345,-0.5926326139954202,0.13687880285711626
292,2026-07-22 14:27:05.686986,28.62,49.38,43.7,13.01,1054.97,79.17,0,14,0.4076617695399211,-0.863123593351151,-0.0838802392511395,1.3729714420694212,1.2530220810713888,1.3523086424231365
293,2026-07-22 14:27:06.688941,19.21,72.91,44.04,4.52,545.99,79.4,1,14,-1.5249289341226742,0.6447607121612352,-0.06015998228175693,-0.6095708563209842,-0.5368592669491593,1.3669064942821543
294,2026-07-22 14:27:07.690835,18.81,59.32,45.61,5.27,256.76,76.17,0,14,-1.6070794422486085,-0.2261337932324464,0.04937179254745201,-0.4344346108801357,-1.5539667805803101,1.1619018790446478
295,2026-07-22 14:27:08.692662,33.41,85.81,31.15,6.55,772.83,34.71,1,14,1.3914141043479789,1.471437615735812,-0.9594367832680646,-0.13553541866108743,0.2608472932005149,-1.469519590846068
296,2026-07-22 14:27:09.694591,22.47,63.19,34.33,6.73,824.01,30.95,0,14,-0.8554022928963132,0.021869277839926406,-0.7375826151426605,-0.09350271975528364,0.44082711046581324,-1.7081627342804409
297,2026-07-22 14:27:10.696321,20.03,38.04,60.59,0.31,351.13,82.68,0,14,-1.3565203924645095,-1.5898302667260116,1.0944584084337896,-1.5926689807289474,-1.2221048158416188,1.575084555575969
298,2026-07-22 14:27:11.698735,25.9,56.0,50.54,11.8,312.25,52.75,0,14,-0.15096168571642998,-0.4388909498113297,0.39331551860350294,1.0904182994248526,-1.3588303980079885,-0.32454025373008855
299,2026-07-22 14:27:12.700636,29.57,53.54,28.16,4.55,1081.82,50.65,0,14,0.602769226339014,-0.5965363128185746,-1.168035513675284,-0.6025654065033502,1.3474429113483182,-0.45782498809503086
300,2026-07-22 14:27:13.702379,25.91,67.61,63.0,7.02,545.53,68.71,1,14,-0.1489079230132813,0.3051182634057892,1.262593171069709,-0.025783371518155736,-0.5384769050097697,0.6884237274434717
301,2026-07-22 14:27:14.704585,31.15,67.39,45.34,0.36,1059.76,73.81,0,14,0.9272637334364526,0.29101989760839336,0.030535117895295342,-1.5809932310328907,1.2698666165286137,1.0121152251869032
302,2026-07-22 14:27:15.706443,21.08,73.02,44.97,13.08,576.59,67.12,1,14,-1.1408753086339336,0.651809895059933,0.004721897075672539,1.3893174916439006,-0.42925116987377554,0.5875081428528733
303,2026-07-22 14:27:16.708388,20.38,61.1,56.67,9.4,399.61,34.61,0,14,-1.2846386978543178,-0.11206519723533422,0.8209777986691406,0.5299823140141372,-1.051619830671207,-1.4758664829586845
304,2026-07-22 14:27:17.710128,22.31,36.8,25.9,1.64,1110.31,82.26,0,14,-0.8882624961466867,-1.6692937830386065,-1.3257054570600053,-1.2820940388138427,1.4476309729717718,1.5484276087029802
305,2026-07-22 14:27:18.711977,33.82,73.83,31.22,11.72,1052.35,38.61,0,14,1.4756183751770617,0.703717514586709,-0.9545532009508387,1.071737099911162,1.2438085773348686,-1.2219907984540326
306,2026-07-22 14:27:19.714302,23.49,35.3,56.67,13.13,406.83,33.29,0,14,-0.6459184971751818,-1.7654190043844875,0.8209777986691406,1.4009932413399573,-1.0262299463285838,-1.5596454588452195
307,2026-07-22 14:27:20.716051,33.16,54.97,38.17,6.02,689.82,41.68,0,14,1.3400700367692702,-0.5048969351355014,-0.4696832423119838,-0.25929836543928714,-0.031066044650060125,-1.0271412105967124
308,2026-07-22 14:27:21.718049,21.57,37.5,28.05,14.83,1135.75,58.27,1,14,-1.0402409361796643,-1.6244353464105286,-1.1757097144594961,1.7979687310058805,1.537093390932483,0.025808190886331107
309,2026-07-22 14:27:22.720137,28.05,80.84,46.41,2.93,1023.58,64.77,0,14,0.29059729546046525,1.1529427156764598,0.10518416188717611,-0.9808596966555828,1.142635866457131,0.43835617820638983
310,2026-07-22 14:27:23.721948,29.66,80.59,45.99,9.22,515.68,52.3,0,14,0.6212530906673491,1.1369218454521464,0.07588266798382123,0.48794961510833357,-0.6434475487254627,-0.35310126823686205
311,2026-07-22 14:27:24.723879,30.97,60.72,69.51,1.61,419.0,82.32,1,14,0.8902960047797824,-0.13641691997629088,1.7167663265717157,-1.2890994886314764,-0.9834328698120015,1.5522357439705494
312,2026-07-22 14:27:25.725702,31.9,67.63,37.61,0.03,1192.57,67.88,1,14,1.0812959361725787,0.30639993302373403,-0.5087519008497909,-1.658053179026864,1.736906857462656,0.6357445229087565
313,2026-07-22 14:27:26.727280,22.83,57.14,25.23,8.59,908.21,40.05,0,14,-0.7814668355829728,-0.3658357815884601,-1.3724483163820242,0.3408351689380206,0.7369252076470978,-1.1305955520323583
314,2026-07-22 14:27:27.729295,20.81,70.83,65.56,3.75,1007.55,43.14,0,14,-1.1963269016189388,0.511467071894947,1.4411927529568267,-0.7893774016402553,1.0862646966493397,-0.9344765857525145
315,2026-07-22 14:27:28.731189,20.98,50.8,25.63,11.63,653.56,69.28,0,14,-1.1614129356654166,-0.7721250504770506,-1.3445421317121622,1.0507207504582603,-0.15857812307991054,0.724601012485385
316,2026-07-22 14:27:29.732682,33.46,83.33,38.73,3.21,783.48,30.43,0,14,1.4016829178637213,1.3125105831106219,-0.4306145837741771,-0.9154754983576663,0.2982991309081238,-1.7411665732660455
317,2026-07-22 14:27:30.734053,25.14,79.7,69.94,1.98,462.75,53.03,1,14,-0.307047651155704,1.0798875474535903,1.746765475091817,-1.2026989408806579,-0.8295814238300395,-0.3067689558147629
318,2026-07-22 14:27:31.736139,34.74,63.12,41.98,4.68,647.81,54.7,0,14,1.66456454386671,0.017383434177118608,-0.20387683333154713,-0.5722084572936031,-0.17879859883753982,-0.20077585753407062
319,2026-07-22 14:27:32.738033,27.57,36.92,66.58,13.3,961.2,78.16,0,14,0.19201668570934446,-1.661603765330936,1.512353523864975,1.4406907903065496,0.9232700790204501,1.2882050320857117
320,2026-07-22 14:27:33.740002,33.52,74.69,35.71,10.69,986.96,65.54,1,14,1.414005494082612,0.7588293081583474,-0.641306278031636,0.8312166561723965,1.0138578104146292,0.48722724747353596
321,2026-07-22 14:27:34.742019,22.73,85.79,33.75,14.42,422.92,37.12,0,14,-0.8020044626144558,1.4701559461178673,-0.7780465829139606,1.7022275834982166,-0.9696477802520176,-1.3165594909320155
322,2026-07-22 14:27:35.744071,19.08,44.32,62.05,7.26,1162.34,67.09,0,14,-1.551627849263603,-1.1873860066912563,1.1963159824787861,0.030260227022915847,1.6305999040447199,0.5856040752190883
323,2026-07-22 14:27:36.745659,20.55,53.68,47.33,10.56,512.21,73.22,0,14,-1.2497247319007956,-0.587564625492959,0.16936838662785916,0.8008597069626496,-0.6556501662696317,0.9746685617224669
324,2026-07-22 14:27:37.748039,18.26,42.56,26.0,5.14,206.16,71.27,0,14,-1.720036390921767,-1.3001729330704233,-1.3187289108925397,-0.4647915600898827,-1.7319069672474479,0.850904165526449
325,2026-07-22 14:27:38.749797,24.49,52.43,39.35,12.6,222.78,30.49,1,14,-0.44054222686034705,-0.6676689766145265,-0.38735999753589045,1.2772302945617575,-1.6734610007967001,-1.737358437998476
326,2026-07-22 14:27:39.750876,34.66,38.06,49.11,4.47,416.93,71.52,0,14,1.6481344422415223,-1.5885485971080662,0.2935509084087458,-0.6212466060170407,-0.990712241084748,0.8667713958079897
327,2026-07-22 14:27:40.752693,27.79,43.64,59.7,7.41,1026.37,37.7,0,14,0.23719946517860788,-1.230962773701389,1.0323671475433465,0.06528747611108564,1.15244719295518,-1.2797475166788408
328,2026-07-22 14:27:41.755187,22.39,44.9,43.44,9.94,1130.43,44.26,0,14,-0.8718323945214996,-1.1502175877708491,-0.10201925928655026,0.6560804107315479,1.518385055101077,-0.8633913940912121
329,2026-07-22 14:27:42.757304,18.4,78.62,44.29,3.74,1062.15,60.43,0,14,-1.6912837130776908,1.010677388084556,-0.04271861686309309,-0.7917125515794665,1.2782713012348288,0.16290106051884287
330,2026-07-22 14:27:43.759379,27.28,79.79,40.48,1.82,528.25,71.26,0,14,0.13245756731804254,1.0856550607343434,-0.3085250258435302,-1.2400613399080387,-0.5992438304170451,0.8502694763151879
331,2026-07-22 14:27:44.761410,25.12,73.74,46.03,9.11,901.32,44.81,0,14,-0.3111551765620006,0.6979500013059559,0.07867328645080739,0.4622629657770088,0.7126958027827386,-0.8284834874718222
332,2026-07-22 14:27:45.763656,33.15,62.88,50.4,9.75,688.39,46.49,1,14,1.3380162740661221,0.0020033987617779775,0.3835483539690512,0.611712561886533,-0.03609478905587076,-0.7218556999798685
333,2026-07-22 14:27:46.765448,23.76,67.83,29.31,5.2,553.58,66.5,0,14,-0.5904669041901758,0.319216629203185,-1.0878052327494305,-0.45078066045461473,-0.5101682389490886,0.5481574117546519
334,2026-07-22 14:27:47.767012,31.54,85.41,65.41,11.54,695.69,38.02,0,14,1.0073604788592383,1.4458042233769102,1.430727933705628,1.029704401005358,-0.010423576354880306,-1.2594374619184685
335,2026-07-22 14:27:48.769223,26.48,60.31,52.96,0.91,245.29,61.05,1,14,-0.03184344893382542,-0.1626911471441648,0.5621479358561691,-1.4525599843762684,-1.5943022339611812,0.20225179161706372
336,2026-07-22 14:27:49.771900,20.93,55.15,28.76,8.18,749.79,41.03,0,14,-1.1716817491811586,-0.4933619085739957,-1.1261762366704908,0.24509402143035672,0.179824725990814,-1.0683960093287181
337,2026-07-22 14:27:50.773874,18.22,80.46,42.22,2.61,761.95,66.11,0,14,-1.728251441734361,1.1285909929355027,-0.18713312252962971,-1.055584494710345,0.2225866364626007,0.5234045325154484
338,2026-07-22 14:27:51.775700,24.77,77.66,59.75,12.61,496.87,40.41,0,14,-0.38303687117219304,0.9491572464231917,1.035855420627079,1.2795654445009688,-0.7095948789865072,-1.1077467404269397
339,2026-07-22 14:27:52.777497,31.73,52.6,64.25,5.09,1049.25,39.62,0,14,1.046381970219057,-0.6567747848619931,1.349799998163028,-0.47646730978593926,1.2329071034481471,-1.1578871881166082
340,2026-07-22 14:27:53.779593,23.2,57.83,66.98,9.19,567.88,56.99,0,14,-0.7054776155664837,-0.321618179769355,1.5402597085348375,0.48094416529069933,-0.45988079489098455,-0.055432028155157534
341,2026-07-22 14:27:54.781210,23.53,88.23,21.95,2.8,600.65,82.92,0,14,-0.6377034463625879,1.6265196395071668,-1.6012790306748939,-1.0112166458653302,-0.34464166609489566,1.5903170966462477
342,2026-07-22 14:27:55.783274,30.06,86.33,58.92,10.51,1095.17,62.13,1,14,0.7034035987932827,1.504761025802384,0.9779500874371151,0.7891839572665929,1.3943895811508145,0.2707982264333201
343,2026-07-22 14:27:56.785177,26.9,46.05,51.09,8.56,401.43,76.34,1,14,0.0544145845984048,-1.076521584739007,0.4316865225245637,0.33382971912038684,-1.0452196105183573,1.1726915956360955
344,2026-07-22 14:27:57.786885,21.41,75.6,38.73,8.84,729.58,73.5,1,14,-1.0731011394300378,0.8171452757748483,-0.4306145837741771,0.3992139174183035,0.10875414945834683,0.9924398596377926
345,2026-07-22 14:27:58.788897,31.81,66.1,43.0,1.52,1164.86,43.33,0,14,1.0628120718442435,0.2083522072509353,-0.13271606242339845,-1.3101158380843783,1.6394617473332809,-0.9224174907385436
346,2026-07-22 14:27:59.790649,31.28,87.87,40.1,2.3,633.05,45.39,0,14,0.9539626485773817,1.6034495863841556,-0.3350359012798989,-1.1279741428258958,-0.23070368095625424,-0.7916715132186478
347,2026-07-22 14:28:00.793383,31.13,75.7,63.33,5.62,238.26,52.29,1,14,0.923156208030156,0.8235536238645742,1.285615773422345,-0.35270436300773955,-1.6190239634526826,-0.3537359574481236
348,2026-07-22 14:28:01.794831,32.73,53.96,32.5,9.64,352.58,71.93,1,14,1.2517582405338912,-0.5696212508417278,-0.8652534100072798,0.5860259125552088,-1.2170057393462166,0.8927936534697172
349,2026-07-22 14:28:02.797268,26.5,66.64,37.19,5.35,861.11,51.3,0,14,-0.027735923527528815,0.24295728693545288,-0.5380533947531463,-0.4157534113664451,0.571293136658517,-0.41657018936302503
350,2026-07-22 14:28:03.799466,26.33,43.98,38.1,8.81,1143.74,49.51,0,14,-0.06264988948105107,-1.209174390196323,-0.4745668246292096,0.3922084676006697,1.5651910607243888,-0.5301795581788566
351,2026-07-22 14:28:04.801658,28.25,63.17,26.31,1.97,797.14,47.04,1,14,0.33167254952343206,0.020587608221981583,-1.2971016177733965,-1.2050340908198691,0.3463359480992917,-0.6869477933604791
352,2026-07-22 14:28:05.803809,23.51,64.69,37.83,6.22,905.88,56.63,0,14,-0.6418109717688845,0.1179944991858074,-0.4934034992813668,-0.2125953666550608,0.7287315192096583,-0.07828083976057616
353,2026-07-22 14:28:06.805720,28.54,45.73,52.84,3.0,240.16,51.29,0,14,0.39123166791473396,-1.0970282986261284,0.5537760804552105,-0.9645136470811038,-1.612342414941466,-0.4172048785742865
354,2026-07-22 14:28:07.807812,32.95,53.14,58.68,1.05,556.18,59.6,0,14,1.2969410200031561,-0.622169705177476,0.9612063766351977,-1.4198678852273101,-0.5010250673021608,0.11022185598412772
355,2026-07-22 14:28:08.809876,31.72,50.89,36.14,3.38,416.6,73.31,0,14,1.0443282075159084,-0.7663575371962976,-0.6113071295115342,-0.8757779493910739,-0.9918727205630119,0.9803807646238217
356,2026-07-22 14:28:09.811502,34.74,68.82,53.25,7.1,719.08,74.1,0,14,1.66456454386671,0.3826592752914661,0.582379919741819,-0.007102172004465208,0.07182980242267598,1.03052121231349
357,2026-07-22 14:28:10.813383,25.05,44.29,58.15,14.73,682.49,45.26,0,14,-0.3255315154840391,-1.189308511118174,0.9242306819476303,1.7746172316137674,-0.056842755485438115,-0.7999224729650491
358,2026-07-22 14:28:11.815978,30.58,74.96,20.52,13.22,548.63,61.25,0,14,0.8101992593569967,0.7761318480006056,-1.7010436408696512,1.4220095907928592,-0.5275754311230478,0.21494557584229648
359,2026-07-22 14:28:12.818413,32.22,75.0,34.0,5.05,1048.17,63.95,0,14,1.1470163426733258,0.7786951872364962,-0.7606052174952967,-0.4858079095427845,1.2291091706101926,0.3863116628829366
360,2026-07-22 14:28:13.820327,32.52,78.86,20.77,6.55,759.52,56.65,0,14,1.2086292237677771,1.0260574234998967,-1.6836022754509872,-0.13553541866108743,0.2140412875772024,-0.07701146133805316
361,2026-07-22 14:28:14.822391,21.25,67.8,46.26,1.38,447.68,70.36,1,14,-1.1059613426804114,0.3172941247762673,0.09471934263597791,-1.3428079372333366,-0.8825766533374262,0.7931474473016409
362,2026-07-22 14:28:15.824089,20.59,73.69,21.65,8.33,1125.93,41.15,0,14,-1.2415096810882023,0.6947458272610934,-1.6222086691772906,0.2801212705185265,1.5025603349429322,-1.060779738793579
363,2026-07-22 14:28:16.826086,24.66,41.29,43.95,0.82,659.44,58.09,0,14,-0.40562826090682474,-1.381558953809936,-0.06643887383247565,-1.47357633382917,-0.13790048873993446,0.014383785083621797
364,2026-07-22 14:28:17.828034,28.43,40.19,23.12,3.91,718.9,62.17,0,14,0.36864027818010225,-1.4520507827969156,-1.519653440515547,-0.7520150026128742,0.07119681361634995,0.27333698327836653
365,2026-07-22 14:28:18.829892,33.26,43.36,33.18,6.02,834.87,83.91,1,14,1.3606076638007538,-1.2489061483526203,-0.8178128960685142,-0.25929836543928714,0.47901743511413575,1.6531513285611488
366,2026-07-22 14:28:19.831894,34.9,74.69,30.74,12.9,538.61,64.66,1,14,1.697424747117083,0.7588293081583474,-0.9880406225546734,1.347284792738097,-0.5628118080085165,0.43137459688251195
367,2026-07-22 14:28:20.834036,31.59,45.47,52.55,2.91,1163.85,81.99,1,14,1.0176292923749801,-1.1136900036594144,0.5335440965695601,-0.9855299965340056,1.6359099768088972,1.5312909999989157
368,2026-07-22 14:28:21.835368,29.95,83.46,20.64,7.8,1127.4,57.94,0,14,0.680812209058651,1.3208414356272646,-1.6926717854686923,0.1563583237403268,1.5077297435279262,0.004863446914696993
369,2026-07-22 14:28:22.837803,18.94,41.39,23.93,0.98,913.54,43.0,0,14,-1.5803805271076794,-1.3751506057202105,-1.4631434165590762,-1.4362139348017893,0.7556687095233,-0.9433622347101773
370,2026-07-22 14:28:23.839693,26.14,69.17,29.32,9.04,793.24,75.38,0,14,-0.10167138084086921,0.4050884936055056,-1.0871075781326838,0.44591691620252955,0.3326211906288998,1.1117614313549786
371,2026-07-22 14:28:24.841482,31.04,56.19,66.39,10.41,585.03,48.33,0,14,0.9046723437018209,-0.4267150884408516,1.4990980861467906,0.7658324578744798,-0.3995710280660556,-0.6050728851077289
372,2026-07-22 14:28:25.843401,30.84,58.49,43.21,10.69,239.79,55.72,0,14,0.8635970896388541,-0.27932308237716713,-0.11806531547172076,0.8312166561723965,-1.6136435585989135,-0.13603755798538467
373,2026-07-22 14:28:26.845226,19.25,73.48,36.21,3.16,244.14,61.8,0,14,-1.5167138833100808,0.6812882962726704,-0.6064235471943084,-0.9271512480537227,-1.598346329112707,0.24985348246168593
374,2026-07-22 14:28:27.847382,29.23,48.74,53.08,10.05,1045.14,58.97,1,14,0.5329412944319702,-0.9041370211253936,0.5705197912571275,0.6817670600628727,1.218453859037042,0.0702364356746449
375,2026-07-22 14:28:28.849622,26.2,57.39,43.76,4.75,764.03,47.18,1,14,-0.08934880462197939,-0.3498149113641466,-0.07969431155066051,-0.5558624077191239,0.22990117378014288,-0.6780621444028162
376,2026-07-22 14:28:29.851361,20.19,57.13,55.02,14.89,344.16,70.12,0,14,-1.323660189214136,-0.3664766163974325,0.7058647869059592,1.8119796306411484,-1.246615549064345,0.7779149062313622
377,2026-07-22 14:28:30.853428,31.52,70.96,40.95,1.21,834.46,37.12,0,14,1.0032529534529417,0.5197979244115897,-0.27573525885644173,-1.382505486199929,0.4775756272775049,-1.3165594909320155
378,2026-07-22 14:28:31.856066,20.27,83.41,66.82,13.13,571.38,80.31,1,14,-1.3072300875889495,1.3176372615824021,1.5290972346668918,1.4009932413399573,-0.4475726792124276,1.4246632125069625
379,2026-07-22 14:28:32.857980,32.46,48.84,46.54,5.0,893.29,75.75,0,14,1.1963066475488866,-0.8977286730356681,0.11425367190488148,-0.497483659238841,0.684457468811649,1.1352449321716593
380,2026-07-22 14:28:33.859917,29.03,45.6,57.86,1.6,227.66,44.24,0,14,0.4918660403690034,-1.1053591511427712,0.9039986980619803,-1.2914346385706876,-1.6562999709363122,-0.8646607725137351
381,2026-07-22 14:28:34.862049,23.45,80.71,26.85,1.32,747.31,67.02,0,14,-0.654133547987775,1.1446118631598161,-1.2594282684690825,-1.3568188368686045,0.17110354688143642,0.5811612507402565
382,2026-07-22 14:28:35.863870,33.01,68.92,55.56,5.2,984.95,77.87,1,14,1.3092635962220451,0.38906762338119205,0.7435381362102731,-0.45078066045461473,1.0067894354106581,1.269799044959125
383,2026-07-22 14:28:36.865623,33.66,48.3,47.44,8.59,542.76,67.17,0,14,1.4427581719266875,-0.9323337527201856,0.1770425874120712,0.3408351689380206,-0.5482178994182276,0.5906815889091812
384,2026-07-22 14:28:37.867941,26.42,60.7,52.92,12.91,246.23,44.06,0,14,-0.04416602515271525,-0.13769858959423573,0.5593573173891829,1.3496199426773083,-1.5909966257503685,-0.8760851783164444
385,2026-07-22 14:28:38.869564,31.85,37.63,55.5,0.78,742.66,61.77,0,14,1.0710271226568375,-1.6161044938938853,0.7393522085097937,-1.4829169335860155,0.1547513360513537,0.24794941482790142
386,2026-07-22 14:28:39.871863,22.62,38.03,22.56,1.74,796.51,37.63,0,14,-0.8245958523490875,-1.590471101534984,-1.5587220990533541,-1.2587425394217293,0.3441204872771515,-1.284190341157672
387,2026-07-22 14:28:40.873944,27.21,41.86,22.83,1.92,1100.07,32.48,0,14,0.11808122839600405,-1.3450313696985012,-1.5398854244011972,-1.2167098405159258,1.4116209431007938,-1.6110552849574118
388,2026-07-22 14:28:41.876175,24.84,37.73,55.08,3.7,543.18,54.09,1,14,-0.36866053225015455,-1.6096961458041603,0.7100507146064382,-0.8010531513363118,-0.546740925536801,-0.23949189942103
389,2026-07-22 14:28:42.878446,28.17,74.56,61.21,12.77,485.98,75.45,0,14,0.3152424478982456,0.7504984556417046,1.1377129946720759,1.3169278435283498,-0.7478907017692172,1.1162042558338106
390,2026-07-22 14:28:43.880885,33.15,35.21,23.94,0.14,674.56,57.78,1,14,1.3380162740661221,-1.7711865176652402,-1.4624457619423297,-1.6323665296955396,-0.08472942900856881,-0.005291580465488862
391,2026-07-22 14:28:44.883019,28.86,67.81,26.86,8.63,733.61,81.91,0,14,0.45695207441548114,0.31793495958524015,-1.2587306138523362,0.35017576869486605,0.12292606551108518,1.5262134863088228
392,2026-07-22 14:28:45.885427,32.46,61.58,58.82,4.03,551.36,36.93,0,14,1.1963066475488866,-0.0813051264046525,0.9709735412696494,-0.7239932033423384,-0.5179751008937733,-1.3286185859459865
393,2026-07-22 14:28:46.887079,19.4,67.77,54.44,0.48,813.84,40.2,1,14,-1.485907442762856,0.3153716203493496,0.6654008191346588,-1.552971431762355,0.40506324290840645,-1.1210752138634335
394,2026-07-22 14:28:47.889131,27.05,62.32,66.34,9.28,925.82,31.94,0,14,0.08522102514563046,-0.03388335054068441,1.495609813063058,0.5019605147436011,0.7988526125326373,-1.6453285023655395
395,2026-07-22 14:28:48.891090,26.59,50.31,55.44,8.44,739.84,63.89,0,14,-0.009252059199193715,-0.8035259561167047,0.7351662808093141,0.30580791984985084,0.14483451141891662,0.3825035276153667
396,2026-07-22 14:28:49.892634,29.03,55.2,66.89,10.6,890.3,33.15,0,14,0.4918660403690034,-0.4901577345291327,1.5339808169841183,0.8102003067194946,0.6739428214176818,-1.5685311078028825
397,2026-07-22 14:28:50.894735,33.04,58.97,62.48,12.42,773.49,60.4,1,14,1.3154248843314904,-0.24856301154648539,1.2263151309988878,1.2351975956559538,0.26316825215704265,0.1609969928850579
398,2026-07-22 14:28:51.896668,18.67,82.39,39.27,12.2,770.13,39.69,0,14,-1.6358321200926846,1.2522721110672033,-0.39294123446986273,1.1838242969933048,0.2513524611056279,-1.1534443636377767
399,2026-07-22 14:28:52.898832,19.19,71.02,46.75,8.48,754.36,70.47,0,14,-1.5290364595289707,0.5236429332654251,0.12890441885655918,0.31514851960669626,0.19589560846252996,0.8001290286255188
400,2026-07-22 14:28:53.900694,31.97,63.87,23.13,5.33,958.11,80.74,0,14,1.095672275094617,0.0654460448500591,-1.5189557858988005,-0.42042371124486766,0.912403771178524,1.451954848591212
401,2026-07-22 14:28:54.902664,28.69,74.87,39.6,8.14,696.56,33.21,0,14,0.4220381084619596,0.7703643347198535,-0.3699186321172266,0.23575342167351165,-0.007364130457639389,-1.5647229725353125
402,2026-07-22 14:28:55.905000,20.85,67.77,53.24,12.36,620.51,51.16,0,14,-1.188111850806345,0.3153716203493496,0.5816822651250726,1.2211866960206859,-0.2748019011302839,-0.42545583832068784
403,2026-07-22 14:28:56.907011,28.08,50.4,41.81,4.42,500.87,35.33,0,14,0.29675858356990975,-0.7977584428359522,-0.2157369618162382,-0.6329223557130973,-0.6955284610681564,-1.4301688597478472
404,2026-07-22 14:28:57.908831,27.19,46.98,62.51,8.9,495.01,56.28,0,14,0.11397370298970744,-1.0169239475045608,1.2284080948491276,0.41322481705357145,-0.7161357633185403,-0.10049496215473329
405,2026-07-22 14:28:58.910566,30.3,66.46,20.31,6.78,837.96,33.33,0,14,0.7526939036688435,0.23142226037394673,-1.7156943878213289,-0.08182697005922711,0.48988374295606185,-1.5571067020001732
406,2026-07-22 14:28:59.913051,23.33,62.57,61.35,4.17,1136.28,78.2,0,14,-0.6787787004255554,-0.01786248031637091,1.1474801593065276,-0.6913011041933801,1.5389571913066646,1.2907437889307587
407,2026-07-22 14:29:00.914695,23.74,43.87,55.28,1.8,796.73,59.11,1,14,-0.5945744295964731,-1.2162235730950208,0.7240038069413696,-1.2447316397864616,0.34489414026266085,0.07912208463230776
408,2026-07-22 14:29:01.916569,31.23,58.31,56.52,4.48,674.21,66.59,0,14,0.9436938350616397,-0.2908581089386728,0.8105129794179423,-0.6189114560778293,-0.08596024057642418,0.5538696146560068
409,2026-07-22 14:29:02.917273,25.89,65.38,53.05,9.76,1147.21,53.38,0,14,-0.1530154484195779,0.1622121010049125,0.5684268274068878,0.6140477118257444,1.5773936782685583,-0.2845548334206057
410,2026-07-22 14:29:03.919068,34.95,48.54,42.33,14.43,362.35,38.91,1,14,1.7076935606328256,-0.9169537173048445,-0.17945892174541767,1.7045627334374278,-1.1826485135806446,-1.202950122116184
411,2026-07-22 14:29:04.921256,25.36,38.68,69.25,4.87,348.43,34.13,0,14,-0.26186487168644057,-1.548816838951769,1.698627306536305,-0.527840608448588,-1.2315996479365054,-1.5063315650992424
412,2026-07-22 14:29:05.923196,26.56,50.51,37.69,2.73,417.53,70.54,0,14,-0.015413347308638992,-0.7907092599372543,-0.5031706639158186,-1.0275626954398094,-0.9886022783969954,0.8045718531043506
413,2026-07-22 14:29:06.925046,21.56,82.43,32.17,9.48,773.35,46.62,0,14,-1.0422946988828128,1.2548354503030938,-0.8882760123599159,0.5486635135278277,0.26267592752990043,-0.7136047402334675
414,2026-07-22 14:29:07.927589,20.42,77.88,36.69,14.47,336.67,41.92,1,14,-1.2764236470417238,0.9632556122205874,-0.572936125590474,1.7139033331942732,-1.2729549166164569,-1.0119086695264332
415,2026-07-22 14:29:08.929443,33.03,42.88,41.02,6.02,832.01,59.59,0,14,1.3133711216283426,-1.279666219183302,-0.2708516765392159,-0.25929836543928714,0.46895994630251486,0.10958716677286622
416,2026-07-22 14:29:09.930556,21.11,39.26,37.75,0.74,823.1,52.06,0,14,-1.1347140205244883,-1.5116484200313618,-0.4989847362153391,-1.4922575333428607,0.43762700038938857,-0.3683338093071408
417,2026-07-22 14:29:10.931480,28.08,52.3,61.01,5.71,968.31,68.97,0,14,0.29675858356990975,-0.6759998291311696,1.1237599023371445,-0.33168801355483774,0.9482731368703183,0.7049256469362744
418,2026-07-22 14:29:11.933042,24.52,77.22,32.16,0.67,483.05,70.42,0,14,-0.4343809387509018,0.9209605148284,-0.8889736669766628,-1.5086035829173399,-0.7581943528944092,0.7969555825692108
419,2026-07-22 14:29:12.934794,19.47,79.4,26.63,8.37,695.58,54.23,1,14,-1.4715311038408174,1.0606625031844141,-1.274776670037507,0.28946187027537157,-0.010810402847635,-0.2306062504633676
420,2026-07-22 14:29:13.936228,25.53,60.46,23.45,1.08,1005.62,39.85,0,14,-0.22695090573291832,-0.1530786250095768,-1.496630838162911,-1.4128624354096762,1.0794776500037357,-1.1432893362575904
421,2026-07-22 14:29:14.940978,30.09,80.76,23.06,5.68,290.67,56.22,0,14,0.709564886902728,1.1478160372046795,-1.5238393682160265,-0.33869346337247175,-1.4347187226774911,-0.1043030974223032
422,2026-07-22 14:29:15.944428,21.75,75.85,44.86,5.99,347.76,58.21,0,14,-1.003273207522994,0.8331661459991618,-0.0029523037085395117,-0.26630381525692093,-1.2339557729378292,0.02200005561876119
423,2026-07-22 14:29:16.946130,23.24,73.65,50.68,4.15,319.33,35.62,0,14,-0.6972625647538905,0.6921824880252038,0.40308268323795476,-0.6959714040718026,-1.3339328382925077,-1.41176287262126
424,2026-07-22 14:29:17.948399,23.79,45.9,31.98,13.25,1156.68,31.17,0,14,-0.5843056160807313,-1.0861341068735952,-0.9015314500781005,1.429015040610493,1.610695922690254,-1.6941995716326848
425,2026-07-22 14:29:18.951006,33.89,76.69,47.72,2.93,724.47,70.5,0,14,1.4899947140991003,0.8869962699528554,0.1965769166809748,-0.9808596966555828,0.09078430056765363,0.8020330962593037
426,2026-07-22 14:29:19.953778,22.69,49.48,30.86,9.35,583.23,83.84,0,14,-0.810219513427049,-0.856715245261426,-0.9796687671537146,0.5183065643180804,-0.4059009161293133,1.6487085040823177
427,2026-07-22 14:29:20.955207,26.68,64.3,62.67,0.09,1128.64,42.66,1,14,0.009231805129141386,0.09300194163587831,1.2395705687170726,-1.644042279391596,1.512090333082615,-0.9649416678930729
428,2026-07-22 14:29:21.958162,18.33,87.63,48.29,10.62,839.98,63.12,0,14,-1.7056600519997294,1.5880695509688139,0.23634322983552838,0.8148706065979172,0.49698728400482894,0.33363245834822103
429,2026-07-22 14:29:22.960191,20.44,63.5,42.13,13.26,1075.19,49.73,0,14,-1.2723161216354273,0.04173515691807529,-0.19341201408034844,1.4313501905497041,1.3241278236486522,-0.5162163955311009
430,2026-07-22 14:29:23.961850,22.37,87.67,59.51,4.44,1056.67,55.66,0,14,-0.8759399199277962,1.5906328902047044,1.0191117098251614,-0.6282520558346745,1.259000308686688,-0.1398456932529546
431,2026-07-22 14:29:24.963507,28.61,69.04,36.5,5.22,722.74,43.22,0,14,0.40560800683677245,0.39675764108886286,-0.5861915633086583,-0.4461103605761922,0.08470057481796685,-0.9293990720624216
432,2026-07-22 14:29:25.971549,26.32,45.93,51.31,5.06,408.6,51.31,0,14,-0.06470365218419902,-1.0842116024466775,0.4470349240929878,-0.4834727596035732,-1.0200055563997135,-0.41593550015176306
433,2026-07-22 14:29:26.973354,25.89,59.53,27.24,6.41,872.17,65.46,0,14,-0.1530154484195779,-0.212676262244023,-1.2322197384159672,-0.16822751781004575,0.6101867822027568,0.4821497337834421
434,2026-07-22 14:29:27.975140,21.63,36.51,63.64,10.35,411.83,31.61,1,14,-1.0279183599607744,-1.68787799249881,1.3072430665414883,0.7518215582392118,-1.0086469239306453,-1.6662732463371732
435,2026-07-22 14:29:28.976849,32.71,57.05,47.37,3.37,362.1,51.86,1,14,1.2476507151275953,-0.3716032948692132,0.17215900509484533,-0.8781130993302851,-1.1835276647005415,-0.38102759353237364
436,2026-07-22 14:29:29.978102,20.51,69.83,57.71,0.1,1141.21,34.13,1,14,-1.2579397827133887,0.447383590997693,0.8935338788107821,-1.6417071294523848,1.5562940513910322,-1.5063315650992424
437,2026-07-22 14:29:30.985730,22.4,80.8,34.66,12.3,1134.16,31.2,0,14,-0.8697786318183517,1.1503793764405692,-0.7145600127900245,1.2071757963854182,1.531501989809939,-1.6922955039989
438,2026-07-22 14:29:31.987245,34.75,45.86,56.85,2.78,882.18,44.65,0,14,1.666618306569858,-1.0886974461094852,0.8335355817705785,-1.0158869457437527,0.6453879930434296,-0.8386385148520086
439,2026-07-22 14:29:32.988580,23.01,68.43,21.68,6.81,489.01,84.83,1,14,-0.7444991069263018,0.3576667177415379,-1.620115705327051,-0.07482152024159332,-0.7372353901960665,1.7115427359972186
440,2026-07-22 14:29:33.990524,33.71,50.53,33.94,2.71,891.6,42.19,1,14,1.45302698544243,-0.789427590319309,-0.7647911451957762,-1.0322329953182319,0.6785144072411461,-0.9947720608223695
441,2026-07-22 14:29:34.997244,21.84,66.22,61.51,5.34,738.51,69.02,0,14,-0.9847893431946589,0.2160422249586061,1.1586426331744721,-0.4180885613056564,0.14015742746106483,0.7080990929925823
442,2026-07-22 14:29:36.014120,25.77,72.88,56.65,1.84,1062.35,40.16,0,14,-0.1776606008573583,0.6428382077343174,0.8195824894356472,-1.2353910400296162,1.2789746221307456,-1.1236139707084802
443,2026-07-22 14:29:37.015902,26.81,81.41,25.13,2.27,948.88,65.69,0,14,0.0359307202700697,1.189470299787894,-1.3794248625494898,-1.1349795926435295,0.8799455118319295,0.49674758564245985
444,2026-07-22 14:29:38.017756,29.74,78.35,58.26,14.87,503.72,47.36,0,14,0.6376831922925356,0.9933748482422968,0.9319048827318422,1.8073093307627255,-0.6855061383013313,-0.6666377386001069
445,2026-07-22 14:29:39.019435,33.19,83.58,43.54,2.92,1167.5,53.24,0,14,1.3462313248787154,1.3285314533349355,-0.09504271311908462,-0.9831948465947944,1.6487455831593927,-0.2934404823782686
446,2026-07-22 14:29:40.021084,21.86,71.44,21.31,2.77,821.27,32.21,0,14,-0.9806818177883623,0.5505579952422719,-1.6459289261466734,-1.018222095682964,0.4311916141917429,-1.6281918936614754
447,2026-07-22 14:29:41.023354,23.73,89.06,26.34,13.27,510.77,43.26,0,14,-0.596628192299621,1.6797089286518876,-1.295008653923157,1.4336853404889154,-0.6607140767202382,-0.9268603152173751
448,2026-07-22 14:29:42.029480,27.73,89.53,23.43,0.2,794.41,58.22,0,14,0.22487688895971805,1.7098281646735969,-1.498026147396404,-1.6183556300602717,0.3367356178700172,0.02263474483002269
449,2026-07-22 14:29:43.030489,29.06,78.57,29.99,11.28,308.46,37.3,0,14,0.49802732847844794,1.0074732140396925,-1.0403647188106648,0.9689905025858639,-1.372158328985626,-1.3051350851293062
450,2026-07-22 14:29:44.032144,28.07,38.55,35.12,5.02,1144.67,74.49,0,14,0.29470482086676186,-1.5571476914684121,-0.6824679004196829,-0.49281335936041853,1.5684615028904056,1.0552740915526937
451,2026-07-22 14:29:45.033886,28.31,52.97,50.22,7.42,1009.63,63.49,0,14,0.3439951257423219,-0.6330638969300094,0.3709905708676132,0.0676226260502969,1.0935792339668824,0.35711595916490163
452,2026-07-22 14:29:46.035371,28.53,35.33,50.78,11.67,936.0,38.06,0,14,0.389177905211586,-1.76349649995757,0.4100592294054204,1.0600613502151053,0.8346516461348399,-1.2568987050734222
453,2026-07-22 14:29:47.043948,23.06,61.06,65.4,9.52,937.57,67.93,1,14,-0.7342302934105607,-0.11462853647122431,1.4300302790888821,0.5580041132846727,0.8401727151677928,0.6389179689650654
454,2026-07-22 14:29:48.045776,28.77,88.07,42.37,2.49,541.39,53.37,1,14,0.43846821008714604,1.6162662825636056,-0.1766683032784315,-1.0836062939808808,-0.5530356475552628,-0.2851895226318677
455,2026-07-22 14:29:49.047541,31.52,41.07,58.69,5.76,708.26,60.64,0,14,1.0032529534529417,-1.3956573196073319,0.9619040312519441,-0.32001226385878123,0.033780141953536874,0.17622953395533714
456,2026-07-22 14:29:50.049462,26.21,63.61,38.82,0.55,649.6,61.94,1,14,-0.08729504191883072,0.048784339816773194,-0.42433569222345785,-1.5366253821878757,-0.17250387681907756,0.2587391314193488
457,2026-07-22 14:29:51.051454,29.36,51.18,62.1,4.55,825.32,75.67,0,14,0.5596402095728985,-0.747773327736094,1.1998042555625192,-0.6025654065033502,0.44543386233407334,1.1301674184815662
458,2026-07-22 14:29:52.053821,25.71,80.69,40.28,12.7,826.4,51.77,0,14,-0.18998317707624812,1.1433301935418714,-0.32247811817846095,1.3005817939538704,0.4492317951720278,-0.3867397964337281
459,2026-07-22 14:29:53.055991,23.7,81.11,69.57,10.93,612.71,35.41,0,14,-0.6027894804090663,1.1702452555187182,1.7209522542721942,0.887260254713468,-0.3022314160710678,-1.4250913460577543
460,2026-07-22 14:29:54.057830,19.63,70.3,29.58,14.93,803.86,48.04,0,14,-1.438670900590444,0.4775028270194023,-1.0689685580972736,1.8213202303979936,0.36996753020212114,-0.6234788722343161
461,2026-07-22 14:29:55.059677,21.1,43.25,42.05,10.63,718.66,78.81,1,14,-1.1367677832276364,-1.255955331251318,-0.19899325101432125,0.8172057565371289,0.07035282854124889,1.329459830817718
462,2026-07-22 14:29:56.061681,23.94,43.78,46.37,1.08,1107.0,71.08,0,14,-0.5534991755335056,-1.2219910863757735,0.10239354342018996,-1.4128624354096762,1.4359910121443367,0.8388450705124781
463,2026-07-22 14:29:57.063291,28.06,72.22,40.57,4.29,514.78,41.41,1,14,0.29265105816361314,0.60054311034213,-0.302246134292811,-0.6632793049228443,-0.6466124927570915,-1.0442778193007767
464,2026-07-22 14:29:58.065056,30.06,53.2,44.45,13.41,737.99,50.56,1,14,0.7034035987932827,-0.6183246963236407,-0.03155614299514797,1.466377439637874,0.13832879313167928,-0.4635371909963853
465,2026-07-22 14:29:59.067260,30.99,78.31,66.08,2.17,850.23,81.78,1,14,0.894403530186079,0.9908115090064071,1.4774707930276472,-1.1583310920356429,0.5330324799206029,1.517962526562422
466,2026-07-22 14:30:00.068999,24.85,82.57,40.31,8.94,1177.21,74.38,1,14,-0.3666067695470059,1.2638071376287086,-0.32038515432822123,0.4225654168104165,1.6828918126561894,1.0482925102288156
467,2026-07-22 14:30:01.071250,30.7,61.55,29.79,14.7,1093.26,37.31,1,14,0.8348444117947771,-0.08322763083157018,-1.054317811145596,1.7676117817961332,1.3876728665948017,-1.3045003959180443
468,2026-07-22 14:30:02.074039,21.9,70.43,32.77,2.9,240.1,49.09,0,14,-0.9724667669757691,0.48583367953604595,-0.8464167353551226,-0.9878651464732171,-1.612553411210241,-0.5568365050518447
469,2026-07-22 14:30:03.075967,25.41,76.07,64.88,8.78,416.4,56.37,0,14,-0.2515960581706987,0.8472645117965576,1.3937522390180606,0.38520301778303545,-0.9925760414589295,-0.09478275925337885
470,2026-07-22 14:30:04.078145,19.79,86.05,26.61,3.81,834.56,82.11,1,14,-1.4058106973400704,1.4868176511511528,-1.276171979271,-0.7753665020049874,0.47792728772546333,1.5389072705340556
471,2026-07-22 14:30:05.081062,29.32,82.39,25.01,12.44,1056.05,49.5,0,14,0.5514251587603053,1.2522721110672033,-1.3877967179504485,1.2398678955343763,1.2568200139093433,-0.5308142473901182
472,2026-07-22 14:30:06.083831,31.08,58.37,36.76,9.3,1010.11,36.52,0,14,0.9128873945144141,-0.2870131000848379,-0.5680525432732481,0.5066308146220241,1.0952672041170846,-1.354640843607713
473,2026-07-22 14:30:07.085644,26.54,43.42,45.71,7.28,923.18,32.85,0,14,-0.0195208727149356,-1.245061139498785,0.05634833871491765,0.034930526901338584,0.7895687767065254,-1.587571784140731
474,2026-07-22 14:30:08.088470,33.2,72.83,47.7,5.06,1173.85,74.74,0,14,1.3482850875818648,0.6396340336894549,0.19518160744748198,-0.4834727596035732,1.6710760216047742,1.0711413218342343
475,2026-07-22 14:30:09.090278,23.75,71.34,44.7,11.7,924.62,76.81,0,14,-0.5925206668933245,0.5441496471525469,-0.014114777576484133,1.067066800032739,0.7946326871571319,1.2025219885653922
476,2026-07-22 14:30:10.092813,32.73,48.01,61.47,1.52,748.06,48.86,0,14,1.2517582405338912,-0.9509179621803893,1.155852014707486,-1.3101158380843783,0.1737410002411272,-0.5714343569108624
477,2026-07-22 14:30:11.094628,31.57,35.49,57.24,9.78,1074.67,78.6,0,14,1.0135217669686836,-1.753243143014009,0.8607441118236941,0.6187180117041668,1.3222991893192666,1.3161313573812232
478,2026-07-22 14:30:12.096477,33.44,62.51,44.77,1.11,435.81,54.62,1,14,1.3975753924574241,-0.021707489170206293,-0.009231195259258237,-1.405856985592042,-0.9243187485101322,-0.205853371224164
479,2026-07-22 14:30:13.098769,20.41,46.96,37.38,5.61,276.89,74.03,0,14,-1.2784774097448726,-1.0182056171225058,-0.5247979570349615,-0.3550395129469508,-1.4831775324062098,1.026078387834659
480,2026-07-22 14:30:14.100672,21.39,46.63,64.53,8.74,497.01,42.29,0,14,-1.0772086648363344,-1.0393531658185995,1.3693343274319316,0.3758624180261904,-0.709102554359365,-0.988425168709753
481,2026-07-22 14:30:15.103288,26.12,78.91,27.99,12.46,699.26,36.3,0,14,-0.10577890624716582,1.0292615975447592,-1.1798956421599756,1.2445381954127992,0.002130701637247563,-1.3686040062554692
482,2026-07-22 14:30:16.105966,34.84,80.59,39.46,3.56,701.67,39.23,0,14,1.685102170898194,1.1369218454521464,-0.3796857967516784,-0.8337452504852703,0.01060571843305381,-1.1826400673558117
483,2026-07-22 14:30:17.107598,25.84,51.36,28.85,2.15,1087.17,66.79,1,14,-0.1632842619353198,-0.7362383011745882,-1.1198973451197718,-1.1630013919140656,1.366256745314113,0.5665633988812396
484,2026-07-22 14:30:18.109543,24.08,85.84,66.08,3.19,1040.95,44.97,0,14,-0.5247464976894293,1.4733601201627298,1.4774707930276472,-0.9201457982360889,1.2037192862675692,-0.8183284600916364
485,2026-07-22 14:30:19.111520,24.12,44.67,63.51,7.33,784.44,50.83,1,14,-0.5165314468768354,-1.1649567883772174,1.2981735565237829,0.04660627659739511,0.30167507120852816,-0.44640058229232155
486,2026-07-22 14:30:20.113875,27.92,60.57,49.7,10.23,1018.48,82.18,0,14,0.26389838031953694,-0.1460294421108789,0.3347125307967927,0.7237997589686762,1.1247011836112335,1.5433500950128873
487,2026-07-22 14:30:21.115852,25.45,56.89,40.97,0.54,611.65,49.6,0,14,-0.24338100735810547,-0.3818566518127736,-0.27433994962294894,-1.538960532127087,-0.30595901681943094,-0.5244673552775018
488,2026-07-22 14:30:22.117268,27.67,35.41,22.55,11.24,453.31,63.93,0,14,0.21255431274082823,-1.7583698214857897,-1.5594197536701007,0.9596499028290189,-0.8627781701173475,0.38504228446041316
489,2026-07-22 14:30:23.119461,22.37,53.06,49.01,1.67,223.53,47.55,1,14,-0.8759399199277962,-0.6272963836492563,0.28657436224128013,-1.2750885889962085,-1.6708235474370094,-0.654578643586136
490,2026-07-22 14:30:24.121521,21.95,77.15,52.98,8.34,832.42,70.58,1,14,-0.9621979534600272,0.9164746711655927,0.5635432450896619,0.2824564204577378,0.4704017541391457,0.8071106099493967
491,2026-07-22 14:30:25.123496,32.13,47.22,37.4,14.81,1133.42,75.17,1,14,1.1285324783449915,-1.0015439120892198,-0.5234026478014686,1.793298431127458,1.5288997024950441,1.0984329579184848
492,2026-07-22 14:30:26.124754,22.98,72.4,43.75,2.76,296.74,50.71,1,14,-0.7506603950357471,0.6120781369036362,-0.08039196616740693,-1.0205572456221754,-1.4133729334863938,-0.4540168528274609
493,2026-07-22 14:30:27.126208,34.91,52.81,57.53,4.23,721.85,45.05,1,14,1.699478509820231,-0.6433172538735697,0.8809760957093441,-0.6772902045581121,0.08157079683113384,-0.8132509464015434
494,2026-07-22 14:30:28.128027,28.17,35.08,38.64,13.68,879.45,51.4,0,14,0.3152424478982456,-1.7795173701818834,-0.4368934753248958,1.5294264879965793,0.6357876628141556,-0.4102232972504086
495,2026-07-22 14:30:29.129585,24.94,86.02,20.47,5.32,882.71,82.8,0,14,-0.3481229052186708,1.484895146724235,-1.7045319139533839,-0.4227588611840789,0.6472517934176114,1.5827008261111077
496,2026-07-22 14:30:30.131689,29.64,44.27,63.59,9.34,216.06,56.34,1,14,0.6171455652610525,-1.1905901807361188,1.3037547934577558,0.5159714143788692,-1.6970925828995296,-0.09668682688716336
497,2026-07-22 14:30:31.133299,25.32,56.6,51.82,3.39,999.47,73.48,0,14,-0.2700799224990338,-0.4004408612729772,0.4826153095470619,-0.8734427994518625,1.0578505324542713,0.9911704812152696
498,2026-07-22 14:30:32.135359,34.28,82.02,59.82,8.28,790.06,72.85,0,14,1.570091459521886,1.228561223135219,1.0407390029443049,0.26844552082246975,0.32143838838381067,0.9511850609057864
499,2026-07-22 14:30:33.137445,32.0,69.61,48.95,8.22,981.99,79.04,1,14,1.1018335632040623,0.43328522520029716,0.28238843454080115,0.25443462118720217,0.9963802861510783,1.3440576826767356
500,2026-07-22 14:30:34.139468,24.14,41.5,57.39,2.28,325.51,46.11,1,14,-0.5124239214705387,-1.3681014228215127,0.8712089310748923,-1.1326444427043183,-1.3122002226086555,-0.7459738900078106
501,2026-07-22 14:30:35.141858,34.06,70.42,63.86,9.54,1176.22,45.45,0,14,1.5249086800526226,0.4851928447270731,1.3225914681099125,0.5626744131630953,1.6794103742213975,-0.7878633779510779
502,2026-07-22 14:30:36.143694,29.71,63.01,58.35,9.93,315.55,62.44,0,14,0.631521904183091,0.010334251278420706,0.9381837742825615,0.6537452607923366,-1.3472256032253491,0.2904735919824303
503,2026-07-22 14:30:37.145391,28.51,50.16,27.07,11.09,878.77,48.16,0,14,0.3850703798052894,-0.8131384782512933,-1.2440798669006583,0.9246226537408491,0.6333963717680358,-0.6158626016991767
504,2026-07-22 14:30:38.147318,25.23,86.14,40.77,2.7,455.0,64.75,1,14,-0.2885637868273689,1.492585164431906,-0.2882930419578797,-1.0345681452574431,-0.8568351085468442,0.43708679978386683
505,2026-07-22 14:30:39.149158,21.36,65.42,59.68,1.97,390.15,42.58,1,14,-1.0833699529457796,0.16477544024080307,1.030971838309853,-1.2050340908198691,-1.0848869090481068,-0.9700191815831658
506,2026-07-22 14:30:40.151034,23.36,80.94,23.29,0.41,731.32,81.1,0,14,-0.6726174123161102,1.1593510637661848,-1.5077933120308558,-1.569317481336834,0.11487304125282946,1.4748036601966306
507,2026-07-22 14:30:41.152936,20.18,61.78,37.36,10.38,623.88,79.81,0,14,-1.3257139519172847,-0.06848843022520151,-0.5261932662684548,0.758827008056846,-0.2629509440340733,1.3929287519438809
508,2026-07-22 14:30:42.154686,24.91,86.64,49.94,7.67,941.83,80.28,0,14,-0.35428419332811606,1.5246269048805328,0.35145624159870964,0.12600137453057975,0.8551534502508363,1.4227591448731776
509,2026-07-22 14:30:43.156905,25.17,51.74,32.21,10.09,241.93,37.8,0,14,-0.3008863630462587,-0.7118865784336316,-0.8854853938929298,0.6911076598197177,-1.6061180250125957,-1.2734006245662248
510,2026-07-22 14:30:44.158411,24.31,80.16,26.82,13.95,577.81,75.96,0,14,-0.47750995551701725,1.1093659486663268,-1.2615212323193223,1.5924755363552847,-0.4249609124086789,1.1485734056081531
511,2026-07-22 14:30:45.160618,33.78,61.96,28.86,3.4,848.47,68.35,0,14,1.4674033243644686,-0.056953403663695806,-1.1191996905030253,-0.8711076495126513,0.5268432560365286,0.6655749158380531
512,2026-07-22 14:30:46.162744,19.63,58.31,51.78,7.33,906.79,49.08,0,14,-1.438670900590444,-0.2908581089386728,0.47982469108007575,0.04660627659739511,0.731931629286083,-0.5574711942631067
513,2026-07-22 14:30:47.164623,24.03,51.79,22.38,8.02,570.82,44.94,0,14,-0.5350153112051704,-0.7086824043887691,-1.5712798821547922,0.20773162240297566,-0.4495419777209965,-0.8202325277254213
514,2026-07-22 14:30:48.167204,34.29,47.58,25.4,9.49,245.02,33.18,0,14,1.5721452222250338,-0.9784738589662084,-1.360588187897333,0.550998663467039,-1.5952517171706697,-1.5666270401690974
515,2026-07-22 14:30:49.169224,22.58,61.83,69.97,14.91,758.51,54.23,1,14,-0.8328109031616815,-0.06528425618033899,1.7488584389420567,1.8166499305195711,0.21048951705281885,-0.2306062504633676
516,2026-07-22 14:30:50.171408,19.54,48.87,62.56,13.27,472.5,69.86,0,14,-1.457154764918779,-0.8958061686087508,1.2318963679328607,1.4336853404889154,-0.7952945301540595,0.7614129867385594
517,2026-07-22 14:30:51.173402,19.79,84.02,57.42,4.02,1105.82,65.81,0,14,-1.4058106973400704,1.356728184929727,0.873301894925132,-0.7263283532815499,1.431841418858423,0.5043638561775997
518,2026-07-22 14:30:52.175506,20.53,60.59,67.1,13.36,501.87,46.05,0,14,-1.2538322573070921,-0.1447477724929336,1.5486315639357955,1.4547016899418173,-0.6920118565885687,-0.7497820252753805
519,2026-07-22 14:30:53.177424,30.52,59.88,34.8,7.22,1022.7,48.97,0,14,0.7978766831381069,-0.190247043929984,-0.7047928481555726,0.020919627266070582,1.1395412545150938,-0.5644527755869846
520,2026-07-22 14:30:54.179671,20.06,53.39,36.31,5.42,1084.76,50.63,0,14,-1.3503591043550651,-0.6061488349531626,-0.5994470010268427,-0.3994073617919659,1.3577817285183063,-0.45909436651755386
521,2026-07-22 14:30:55.182048,22.27,69.31,30.1,5.29,638.37,30.1,1,14,-0.89647754695928,0.4140601809311212,-1.0326905180264525,-0.4297643110017129,-0.2119953451248475,-1.7621113172376792
522,2026-07-22 14:30:56.184353,20.39,68.16,38.3,7.7,774.55,46.83,1,14,-1.2825849351511691,0.3403641778992787,-0.4606137322942789,0.13300682434821376,0.26689585290540546,-0.7002762667969733
523,2026-07-22 14:30:57.186400,31.46,43.49,37.95,5.78,637.27,59.48,1,14,0.9909303772340519,-1.240575295835977,-0.48503164388040787,-0.3153419639803585,-0.21586361005239404,0.10260558544898787
524,2026-07-22 14:30:58.189083,33.88,76.29,37.59,2.51,907.5,73.68,0,14,1.4879409513959523,0.8613628775939544,-0.5101472100832838,-1.0789359941024583,0.7344284184665905,1.0038642654405023
525,2026-07-22 14:30:59.190743,28.63,66.82,52.39,9.3,512.79,63.31,1,14,0.40971553224306906,0.2544923134969581,0.5223816227016155,0.5066308146220241,-0.6536105356714711,0.3456915533621923
526,2026-07-22 14:31:00.192410,27.36,70.56,39.35,6.66,579.03,54.31,1,14,0.14888766894322897,0.4941645320526887,-0.38735999753589045,-0.1098487693297629,-0.4206706549435818,-0.22552873677327423
527,2026-07-22 14:31:01.194952,23.65,56.11,29.84,2.08,532.26,41.56,0,14,-0.6130582939248083,-0.43184176691263176,-1.050829538061863,-1.1793474414885448,-0.5851422464538985,-1.0347574811318518
528,2026-07-22 14:31:02.196767,23.34,66.29,22.52,6.91,517.49,70.53,0,14,-0.6767249377224067,0.22052806862141433,-1.5615127175203403,-0.051470020849480054,-0.6370824946174087,0.8039371638930887
529,2026-07-22 14:31:03.199074,27.37,52.99,43.1,13.74,298.55,49.89,0,14,0.15094143164637763,-0.6317822273120641,-0.12573951625593283,1.5434373876318472,-1.40700787937834,-0.5060613681509145
530,2026-07-22 14:31:04.200883,27.13,69.28,59.79,10.31,1191.57,39.41,1,14,0.10165112677081689,0.41213767650420347,1.038646039094065,0.7424809584823667,1.7333902529830685,-1.1712156615531024
531,2026-07-22 14:31:05.202756,34.93,71.63,67.68,13.95,980.31,65.13,0,14,1.7035860352265282,0.56273385661275,1.5890955317070965,1.5924755363552847,0.9904723906253707,0.46120498981180846
532,2026-07-22 14:31:06.204463,24.12,52.02,65.81,0.64,1032.56,64.61,0,14,-0.5165314468768354,-0.6939432037824004,1.4586341183754905,-1.515609032734974,1.1742149746838282,0.42820115082620397
533,2026-07-22 14:31:07.206257,33.91,62.71,49.65,4.03,600.11,84.94,0,14,1.4941022395053962,-0.008890792990755311,0.33122425771305963,-0.7239932033423384,-0.3465406325138729,1.7185243173210967
534,2026-07-22 14:31:08.208228,33.58,54.35,59.58,7.87,565.61,40.74,0,14,1.426328070301501,-0.5446286932917986,1.0239952921423874,0.17270437331480606,-0.4678634870596486,-1.0868019964553055
535,2026-07-22 14:31:09.210029,25.09,35.71,20.75,9.33,668.61,58.25,0,14,-0.31731646467144586,-1.7391447772166133,-1.6849975846844802,0.5136362644396579,-0.1056532256621154,0.024538812463807652
536,2026-07-22 14:31:10.212273,27.53,59.84,31.56,5.37,815.4,77.97,0,14,0.18380163489675125,-0.19281038316587412,-0.9308329439814559,-0.4110831114880224,0.4105491458965631,1.276145937071741
537,2026-07-22 14:31:11.214119,28.75,58.68,46.61,13.85,913.22,51.08,0,14,0.43436068468084943,-0.267147221006689,0.11913725422210737,1.5691240369631716,0.7545433960898321,-0.4305333520107808
538,2026-07-22 14:31:12.216228,22.62,88.39,64.14,0.64,920.92,33.01,0,14,-0.8245958523490875,1.6367729964507274,1.342125797378816,-1.515609032734974,0.7816212505826572,-1.5774167567605453
539,2026-07-22 14:31:13.218155,31.95,52.0,44.79,13.18,482.28,60.15,0,14,1.0915647496883205,-0.6952248734003457,-0.007835886025765407,1.4126689910360137,-0.7609021383436918,0.14512976260351715
540,2026-07-22 14:31:14.219972,20.52,42.71,23.29,10.19,629.76,62.84,0,14,-1.2558860200102409,-1.2905604109358353,-1.5077933120308558,0.7144591592118308,-0.24227330969409766,0.3158611604328958
541,2026-07-22 14:31:15.222461,25.18,67.37,44.85,3.89,331.76,68.56,1,14,-0.29883260034311077,0.28973822799044857,-0.0036499583252859267,-0.7566853024912968,-1.2902214446112326,0.6789033892745477
542,2026-07-22 14:31:16.224810,30.35,63.25,65.9,1.42,789.13,67.82,0,14,0.7629627171845853,0.02571428669376179,1.4649130099262098,-1.3334673374764914,0.31816794621779426,0.6319363876411866
543,2026-07-22 14:31:17.226742,30.54,86.36,35.69,0.18,987.76,31.18,0,14,0.8019842085444034,1.5066835302293016,-0.6427015872651294,-1.6230259299386944,1.0166710939982992,-1.6935648824214233
544,2026-07-22 14:31:18.228617,24.35,60.76,39.92,1.82,1047.19,59.02,0,14,-0.4692949047044233,-0.1338535807404008,-0.34759368438133686,-1.2400613399080387,1.2256628982201965,0.07340988173095332
545,2026-07-22 14:31:19.230628,20.18,48.71,60.04,8.62,911.68,63.36,1,14,-1.3257139519172847,-0.9060595255523113,1.0560874045127289,0.3478406187556544,0.7491278251912669,0.3488649994185003
546,2026-07-22 14:31:20.232734,22.66,57.24,65.11,5.45,833.96,79.53,1,14,-0.8163808015364943,-0.3594274334987346,1.4097982952032317,-0.3924019119743319,0.475817325037711,1.3751574540285552
547,2026-07-22 14:31:21.234448,27.65,61.6,57.77,5.14,502.46,41.47,0,14,0.20844678733453087,-0.0800234567867072,0.8977198065112615,-0.4647915600898827,-0.689937059945612,-1.0404696840332066
548,2026-07-22 14:31:22.236225,20.1,36.79,68.15,13.37,250.29,54.85,0,14,-1.3421440535424711,-1.669934617847579,1.6218852986941843,1.4570368398810285,-1.5767192115632427,-0.1912555193651463
549,2026-07-22 14:31:23.237613,29.99,89.25,31.97,14.43,562.33,59.75,0,14,0.6890272598712442,1.6918847900223657,-0.9022291046948472,1.7045627334374278,-0.4793979497526961,0.11974219415305207
550,2026-07-22 14:31:24.239566,22.6,62.23,49.36,5.05,992.56,33.74,0,14,-0.8287033777553842,-0.03965086382143748,0.3109922738274096,-0.4858079095427845,1.03355079550032,-1.5310844443384461
551,2026-07-22 14:31:25.241303,19.3,69.58,29.45,8.62,1167.91,64.52,0,14,-1.506445069794339,0.4313627207733795,-1.0780380681149786,0.3478406187556544,1.6501873909960239,0.4224889479248491
552,2026-07-22 14:31:26.243924,26.76,76.25,67.45,2.63,1122.71,70.14,0,14,0.025661906754328546,0.8587995383580638,1.5730494755219255,-1.0509141948319225,1.4912368685186597,0.7791842846538851
553,2026-07-22 14:31:27.246253,21.58,76.78,55.29,13.49,790.8,50.28,0,14,-1.0381871734765162,0.8927637832336084,0.724701461558116,1.4850586391515646,0.3240406756987056,-0.48130848891171096
554,2026-07-22 14:31:28.248245,19.11,54.06,23.93,12.13,971.32,77.4,0,14,-1.5454665611541578,-0.5632129027520023,-1.4631434165590762,1.1674782474188259,0.9588581163538776,1.2399686520298285
555,2026-07-22 14:31:29.250228,29.42,43.67,37.96,4.64,977.98,38.65,1,14,0.571962785791789,-1.2290402692744713,-0.48433398926366145,-0.5815490570504485,0.9822787021879317,-1.2194520416089862
556,2026-07-22 14:31:30.252386,28.81,64.17,23.61,6.57,1057.54,51.33,1,14,0.44668326089973925,0.08467108911923558,-1.485468364294966,-0.13086511878266469,1.262059754583929,-0.41466612172924006
557,2026-07-22 14:31:31.254328,19.71,55.18,45.01,3.78,446.66,41.64,0,14,-1.4222407989652568,-0.491439404147078,0.007512515542658694,-0.7823719518226214,-0.8861635899066056,-1.029679967441759
558,2026-07-22 14:31:32.256037,21.84,55.74,52.82,11.17,368.54,53.84,0,14,-0.9847893431946589,-0.4555526548446156,0.5523807712217172,0.9433038532545396,-1.1608807318519967,-0.25535912970257074
559,2026-07-22 14:31:33.257500,28.13,60.62,34.96,8.06,504.79,61.2,0,14,0.3070273970856517,-0.1428252680660164,-0.6936303742876275,0.2170722221598211,-0.6817433715081725,0.21177212978598853
560,2026-07-22 14:31:34.259091,29.84,67.0,43.84,0.38,488.32,33.85,0,14,0.6582208193240193,0.2660273400584643,-0.0741130746166877,-1.576322931154468,-0.739661847286982,-1.524102863014568
561,2026-07-22 14:31:35.260980,24.81,50.06,21.08,13.87,774.73,68.24,0,14,-0.3748218203595998,-0.8195468263410183,-1.6619749823318442,1.573794336841594,0.26752884171173147,0.6585933345141751
562,2026-07-22 14:31:36.263182,21.54,43.95,52.36,9.78,735.39,73.9,0,14,-1.0464022242891096,-1.21109689462324,0.5202886588513758,0.6187180117041668,0.12918562148475118,1.0178274280882582
563,2026-07-22 14:31:37.265199,34.72,37.02,20.15,2.25,725.84,63.7,0,14,1.6604570184604128,-1.6551954172412104,-1.7268568616892737,-1.1396498925219523,0.0956020487046888,0.3704444326013959
564,2026-07-22 14:31:38.267171,20.94,62.9,23.27,8.77,278.81,73.82,0,14,-1.16962798647801,0.003285068379722802,-1.5091886212643488,0.3828678678438242,-1.4764256518054013,1.0127499143981644
565,2026-07-22 14:31:39.269251,18.74,87.12,26.72,10.62,631.89,60.35,1,14,-1.621455781170647,1.555386975711215,-1.268497778486788,0.8148706065979172,-0.23478294215257586,0.15782354682874994
566,2026-07-22 14:31:40.271157,34.77,77.95,40.05,8.98,1131.5,38.5,1,14,1.6707258319761553,0.9677414558833958,-0.33852417436363197,0.43190601656726196,1.5221478218942355,-1.2289723797779106
567,2026-07-22 14:31:41.273367,29.38,52.71,67.57,0.55,613.77,47.48,0,14,0.5637477349791952,-0.6497256019632953,1.5814213309228835,-1.5366253821878757,-0.29850381532270504,-0.6590214680649675
568,2026-07-22 14:31:42.275847,34.87,58.75,63.1,6.49,409.26,77.82,1,14,1.6912634590076376,-0.2626613773438812,1.2695697172371745,-0.14954631829635523,-1.0176845974431856,1.2666255989028161
569,2026-07-22 14:31:43.278100,21.67,70.94,26.19,9.35,270.13,31.68,0,14,-1.0197033091481804,0.5185162547936448,-1.3054734731743551,0.5183065643180804,-1.5069497786882224,-1.661830421858342
570,2026-07-22 14:31:44.279663,26.69,89.28,53.87,1.45,289.13,46.68,0,14,0.011285567832290054,1.6938072944492835,0.6256345059801052,-1.3264618876588574,-1.4401342935760562,-0.7097966049658977
571,2026-07-22 14:31:45.281321,31.92,83.09,24.44,5.17,870.14,57.93,0,14,1.085403461578876,1.2971305476952812,-1.427563031105002,-0.4577861102722487,0.6030480751091939,0.00422875770343549
572,2026-07-22 14:31:46.283464,26.59,85.67,69.94,11.42,1123.33,66.44,0,14,-0.009252059199193715,1.4624659284101964,1.746765475091817,1.0016826017348224,1.4934171632960036,0.5443492764870821
573,2026-07-22 14:31:47.285365,21.33,42.37,39.96,3.48,821.08,72.51,1,14,-1.089531241055225,-1.3123487944409018,-0.3448030659143507,-0.8524264499989608,0.4305234593406215,0.9296056277228916
574,2026-07-22 14:31:48.287259,28.81,78.59,36.27,1.53,549.22,82.44,0,14,0.44668326089973925,1.0087548836576383,-0.6022376194938288,-1.3077806881451668,-0.525500634480091,1.559852014505689
575,2026-07-22 14:31:49.289505,25.26,71.65,65.65,5.83,1015.65,78.71,0,14,-0.2824024987179236,0.5640155262306957,1.447471644507546,-0.30366621428430196,1.114749192934,1.3231129387051013
576,2026-07-22 14:31:50.291329,22.23,75.64,55.78,7.08,882.94,60.82,0,14,-0.9046925977718732,0.8197086150107389,0.7588865377786972,-0.011772471882887737,0.6480606124479167,0.18765393975804645
577,2026-07-22 14:31:51.292833,29.48,63.08,29.42,13.59,776.68,74.76,0,14,0.5842853620106789,0.014820094941228504,-1.0801310319652182,1.5084101385436774,0.27438622044692723,1.0724107002567582
578,2026-07-22 14:31:52.294342,33.37,53.36,25.11,5.68,538.89,30.65,0,14,1.3831990535353855,-0.6080713393800803,-1.3808201717829829,-0.33869346337247175,-0.5618271587542321,-1.7272034106182899
579,2026-07-22 14:31:53.296734,31.31,80.75,27.71,1.5,369.75,70.8,1,14,0.9601239366868262,1.1471752023957067,-1.199429971428879,-1.314786137962801,-1.1566256404316957,0.8210737725971524
580,2026-07-22 14:31:54.299004,23.91,66.83,32.79,1.27,881.12,63.77,1,14,-0.5596604636429509,0.255133148305931,-0.8450214261216298,-1.368494586564661,0.6416603922950669,0.3748872570802273
581,2026-07-22 14:31:55.302502,31.7,86.4,33.02,1.33,377.47,81.33,1,14,1.0402206821096118,1.5092468694651922,-0.8289753699364588,-1.3544836869293932,-1.1294774538492787,1.4894015120556483
582,2026-07-22 14:31:56.304690,22.13,43.95,27.07,11.04,564.92,83.94,0,14,-0.925230224803357,-1.21109689462324,-1.2440798669006583,0.9129469040447923,-0.4702899441505643,1.6550553961949337
583,2026-07-22 14:31:57.306365,31.04,47.63,55.32,2.97,966.16,83.48,1,14,0.9046723437018209,-0.9752696849213455,0.7267944254083557,-0.9715190968987378,0.9407124372392048,1.625859692476899
584,2026-07-22 14:31:58.308358,23.79,43.36,24.5,0.94,1001.49,68.12,0,14,-0.5843056160807313,-1.2489061483526203,-1.4233771034045226,-1.4455545345586345,1.0649540735030385,0.6509770639790362
585,2026-07-22 14:31:59.310243,26.66,50.65,63.16,12.79,584.58,41.29,1,14,0.005124279722844777,-0.7817375726116387,1.2737556449376535,1.3215981434067723,-0.4011535000818698,-1.051894089835916
586,2026-07-22 14:32:00.312084,28.83,75.12,42.41,6.96,876.77,46.78,0,14,0.45079078630603586,0.786385204944167,-0.17387768481144536,-0.03979427115342353,0.6263631628088603,-0.7034497128532813
587,2026-07-22 14:32:01.313616,28.0,73.95,69.13,1.41,790.84,73.09,0,14,0.2803284819447233,0.7114075322943797,1.690255451135346,-1.3358024874157026,0.32418133987788933,0.966417601976066
588,2026-07-22 14:32:02.315551,29.0,68.64,43.05,1.15,762.04,69.06,0,14,0.4857047522595581,0.37112424872996086,-0.1292277893396659,-1.396516385835197,0.22290313086576333,0.7106378498376292
589,2026-07-22 14:32:03.317878,31.6,41.62,27.42,4.47,928.57,75.15,0,14,1.0196830550781288,-1.3604114051138423,-1.219661955314529,-0.6212466060170407,0.8085232748515034,1.0971635794959618
590,2026-07-22 14:32:04.320029,21.48,69.31,40.38,4.17,749.81,35.03,1,14,-1.0587248005079992,0.4140601809311212,-0.3155015720109953,-0.6913011041933801,0.17989505808040568,-1.449209536085696
591,2026-07-22 14:32:05.321760,33.19,50.04,29.63,5.59,497.71,71.61,1,14,1.3462313248787154,-0.8208284959589636,-1.0654802850135408,-0.35970981282537356,-0.7066409312236536,0.8724835987093446
592,2026-07-22 14:32:06.323276,26.46,82.34,20.96,1.05,293.7,55.92,1,14,-0.03595097434012203,1.2490679370223408,-1.6703468377328026,-1.4198678852273101,-1.4240634111043404,-0.1233437737601519
593,2026-07-22 14:32:07.324986,29.93,89.04,45.49,9.02,348.24,34.4,0,14,0.6767046836523544,1.6784272590339429,0.04099993714649355,0.44124661632410705,-1.232267802787627,-1.4891949563951787
594,2026-07-22 14:32:08.327087,20.41,67.86,30.7,11.63,877.65,41.11,0,14,-1.2784774097448726,0.32113913363010266,-0.9908312410216595,1.0507207504582603,0.6294577747508975,-1.0633184956386252
595,2026-07-22 14:32:09.330123,20.42,57.45,22.5,8.52,467.23,61.54,0,14,-1.2764236470417238,-0.34596990251031123,-1.5629080267538336,0.32448911936354136,-0.8138270357614866,0.2333515629688837
596,2026-07-22 14:32:10.331529,28.23,66.96,57.25,8.41,391.05,39.09,0,14,0.32756502411713545,0.2634640008225737,0.8614417664404405,0.29880247003221705,-1.0817219650164775,-1.1915257163134743
597,2026-07-22 14:32:11.332758,24.16,72.79,24.83,6.14,621.37,43.75,0,14,-0.5083163960642422,0.6370706944535653,-1.4003545010518865,-0.23127656616875134,-0.2717776212778384,-0.895760543865555
598,2026-07-22 14:32:12.334450,26.22,88.11,61.69,6.0,569.76,31.57,0,14,-0.08524127921568278,1.6188296217994962,1.1712004162759102,-0.2639686653177096,-0.4532695784693597,-1.6688120031822198
599,2026-07-22 14:32:13.336056,19.75,64.25,45.09,14.38,330.9,66.17,0,14,-1.4140257481526635,0.08979776759101579,0.0130937524766315,1.6928869837413716,-1.293245724463678,0.5272126677830183
600,2026-07-22 14:32:14.337836,25.95,88.66,51.27,2.38,686.5,82.05,0,14,-0.14069287220068807,1.6540755362929855,0.44424430562600165,-1.1092929433122054,-0.04274117152229147,1.5350991352664856
601,2026-07-22 14:32:15.339420,19.04,40.07,58.22,9.26,508.3,50.28,0,14,-1.5598429000761964,-1.4597408005045858,0.9291142642648561,0.4972902148651786,-0.6694000897848197,-0.48130848891171096
602,2026-07-22 14:32:16.341240,34.98,53.68,61.97,10.19,782.5,84.26,0,14,1.7138548487422693,-0.587564625492959,1.1907347455448138,0.7144591592118308,0.2948528585181278,1.6753654509553062
603,2026-07-22 14:32:17.342957,27.83,47.13,36.24,3.24,335.72,48.19,1,14,0.2454145159912011,-1.0073114253699724,-0.6043305833440686,-0.9084700485400322,-1.276295690872065,-0.6139585340653917
604,2026-07-22 14:32:18.344834,18.36,66.39,45.17,9.66,1054.5,81.45,1,14,-1.699498763890284,0.22693641671113937,0.01867498941060381,0.5906962124336312,1.2513692769659825,1.4970177825907882
605,2026-07-22 14:32:19.346736,31.4,68.04,55.25,11.79,598.07,44.38,0,14,0.9786078010151613,0.33267416019160884,0.7219108430911297,1.0880831494856409,-0.35371450565223167,-0.8557751235560722
606,2026-07-22 14:32:20.348597,18.48,58.08,25.18,0.19,306.33,36.89,1,14,-1.6748536114525037,-0.3055973095450415,-1.3759365894657571,-1.620690779999483,-1.3796486965271477,-1.3311573427910328
607,2026-07-22 14:32:21.351288,23.14,40.51,48.77,4.7,1029.89,43.85,0,14,-0.7178001917853736,-1.4315440689097942,0.26983065143936324,-0.5675381574151804,1.1648256407233295,-0.8894136517529387
608,2026-07-22 14:32:22.353172,19.67,48.76,39.52,12.76,760.85,31.11,0,14,-1.43045584977785,-0.9028553515074488,-0.3754998690511989,1.3145926935891386,0.21871837153505416,-1.6980077069002548
609,2026-07-22 14:32:23.354739,31.3,82.94,45.5,5.36,829.28,41.86,0,14,0.9580701739836782,1.2875180255606928,0.04169759176323996,-0.41341826142723365,0.4593596160732404,-1.015716804794003
610,2026-07-22 14:32:24.356487,33.8,89.32,33.32,6.9,750.37,73.92,0,14,1.4715108497707645,1.6963706336851732,-0.8080457314340623,-0.05380517078869132,0.181864356588975,1.019096806510781
611,2026-07-22 14:32:25.358182,18.98,53.26,43.99,12.5,1098.27,69.87,0,14,-1.5721654762950863,-0.6144796874698057,-0.0636482553654895,1.2538787951696444,1.4052910550375362,0.7620476759498214
612,2026-07-22 14:32:26.360177,33.38,58.29,39.42,0.38,1094.66,66.57,0,14,1.385252816238535,-0.2921397785566181,-0.38247641521866454,-1.576322931154468,1.3925961128662248,0.552600236233483
613,2026-07-22 14:32:27.362166,31.76,38.4,38.14,5.41,633.1,30.9,0,14,1.0525432583285024,-1.566760213603,-0.4717762061622235,-0.40174251173117714,-0.2305278507322746,-1.711336180336749
614,2026-07-22 14:32:28.371755,22.2,67.81,34.63,6.12,705.98,60.58,0,14,-0.9108538858813184,0.31793495958524015,-0.7166529766402637,-0.23594686604717385,0.02576228374007701,0.1724213986877672
615,2026-07-22 14:32:29.418069,26.18,38.35,67.62,10.85,496.13,54.6,0,14,-0.093456330028276,-1.5699643876478626,1.584909604006617,0.8685790551997775,-0.7121971663014021,-0.207122749646687
616,2026-07-22 14:32:30.420193,27.99,63.1,25.26,4.14,602.25,46.87,0,14,0.27827471924157465,0.016101764559173785,-1.3703553525317846,-0.6983065540110142,-0.33901509892755527,-0.6977375099519268
617,2026-07-22 14:32:31.422044,26.15,51.43,69.06,2.4,1187.69,54.91,0,14,-0.09961761813772128,-0.7317524575117804,1.6853718688181205,-1.1046226434337827,1.7197458276022686,-0.1874473840975768
618,2026-07-22 14:32:32.423836,18.61,51.62,51.81,2.82,247.03,50.11,1,14,-1.6481546963115754,-0.7195765961413023,0.48191765493031546,-1.0065463459869075,-1.5881833421666984,-0.4920982055031588
619,2026-07-22 14:32:33.425986,18.51,47.83,65.96,13.07,711.16,61.77,0,14,-1.6686923233430584,-0.962452988741895,1.4690989376266883,1.3869823417046894,0.04397829494434112,0.24794941482790142
620,2026-07-22 14:32:34.428009,26.43,80.72,35.49,11.47,714.95,37.29,1,14,-0.04211226244956731,1.1452526979687891,-0.6566546796000601,1.0133583514308793,0.05730622592197878,-1.3057697743405678
621,2026-07-22 14:32:35.429937,27.89,77.56,59.88,12.44,321.26,58.81,1,14,0.2577370922100916,0.9427488983334666,1.0449249306447843,1.2398678955343763,-1.3271457916469034,0.06008140829445904
622,2026-07-22 14:32:36.431890,24.76,35.93,38.75,1.25,1198.33,52.49,1,14,-0.385090633875341,-1.7250464114192174,-0.42921927454068376,-1.3731648864430837,1.7571624992650812,-0.3410421732228908
623,2026-07-22 14:32:37.433554,34.39,78.65,46.99,9.12,337.32,80.32,0,14,1.5926828492565177,1.0125998925114736,0.1456481296584766,0.4645981157162201,-1.270669123704725,1.4252979017182235
624,2026-07-22 14:32:38.435562,31.52,53.28,36.51,14.1,718.71,31.6,1,14,1.0032529534529417,-0.6131980178518605,-0.5854939086919119,1.6275027854434545,0.0705286587652285,-1.6669079355484349
625,2026-07-22 14:32:39.437175,19.4,74.2,28.05,5.09,357.49,70.21,0,14,-1.485907442762856,0.7274284025186932,-1.1757097144594961,-0.47646730978593926,-1.199739211351441,0.7836271091327162
626,2026-07-22 14:32:40.439043,23.42,72.6,47.93,8.98,1048.9,61.54,0,14,-0.6602948360972196,0.6248948330830862,0.21122766363265247,0.43190601656726196,1.2316762918802917,0.2333515629688837
627,2026-07-22 14:32:41.440951,21.08,66.32,35.64,10.93,293.3,56.14,0,14,-1.1408753086339336,0.22245057304833113,-0.6461898603488619,0.887260254713468,-1.4254700528961755,-0.10938061111239614
628,2026-07-22 14:32:42.442478,32.94,88.48,65.31,3.93,700.62,51.69,0,14,1.2948872573000068,1.6425405097314805,1.4237513875381629,-0.7473447027344516,0.006913283729486884,-0.3918173101238214
629,2026-07-22 14:32:43.443917,23.34,64.9,44.19,8.11,1058.51,37.85,0,14,-0.6767249377224067,0.13145203017423124,-0.04969516303055872,0.22874797185587745,1.2654708609291292,-1.2702271785099164
630,2026-07-22 14:32:44.446490,31.34,65.06,43.13,6.26,979.74,71.75,1,14,0.9662852247962714,0.14170538711779168,-0.12364655240569308,-0.20325476689821553,0.988467926072006,0.8813692476670074
631,2026-07-22 14:32:45.448114,24.6,77.07,42.31,0.31,518.03,72.54,0,14,-0.41795083712571457,0.9113479926938116,-0.18085423097891049,-1.5926689807289474,-0.6351835281984315,0.9315096953566766
632,2026-07-22 14:32:46.449081,31.14,54.66,59.21,4.68,270.25,69.65,0,14,0.9252099707333047,-0.5247628142136502,0.998182071322765,-0.5722084572936031,-1.506527786150672,0.7480845133020656
633,2026-07-22 14:32:47.450854,22.74,85.84,53.81,13.19,292.6,64.59,0,14,-0.7999506999113078,1.4733601201627298,0.6214485782796262,1.415004140975225,-1.4279316760318868,0.42693177240368096
634,2026-07-22 14:32:48.452666,26.05,80.36,68.46,8.05,1087.38,55.0,1,14,-0.12015524516920432,1.1221826448457777,1.6435125918133267,0.21473707222060986,1.3669952322548264,-0.18173518119622192
635,2026-07-22 14:32:49.453746,18.84,40.32,53.43,3.11,459.15,63.02,0,14,-1.6009181541391633,-1.4437199302802723,0.594937702843257,-0.9388269977497793,-0.8422411999565553,0.3272855662356051
636,2026-07-22 14:32:50.454911,19.92,40.78,24.89,11.37,908.08,70.82,0,14,-1.3791117821991412,-1.4142415290675354,-1.396168573351407,0.9900068520387657,0.7364680490647514,0.8223431510196755
637,2026-07-22 14:32:51.455997,27.97,62.92,26.62,8.21,748.69,57.86,1,14,0.27416719383527804,0.004566737997668082,-1.2754743246542533,0.2520994712479909,0.17595646106326784,-0.00021406677539593432
638,2026-07-22 14:32:52.457148,21.49,64.69,55.98,6.72,627.67,69.45,0,14,-1.0566710378048514,0.1179944991858074,0.772839630113628,-0.0958378696944951,-0.24962301305643605,0.7353907290768329
639,2026-07-22 14:32:53.459155,20.56,81.33,41.91,1.92,1050.85,39.4,0,14,-1.2476709691976475,1.184343621316114,-0.20876041564877304,-1.2167098405159258,1.238533670615487,-1.171850350764364
640,2026-07-22 14:32:54.461109,32.4,43.64,22.95,1.35,379.08,75.61,1,14,1.183984071329996,-1.230962773701389,-1.5315135690002386,-1.3498133870509705,-1.1238157206371426,1.1263592832139964
641,2026-07-22 14:32:55.463026,25.11,53.21,39.32,3.81,343.13,59.83,0,14,-0.31320893926514926,-0.6176838615146683,-0.38945296138613017,-0.7753665020049874,-1.2502376516783202,0.124819707843145
642,2026-07-22 14:32:56.464711,25.38,70.56,37.04,5.0,752.66,31.42,0,14,-0.25775734628014396,0.4941645320526887,-0.5485182140043445,-0.497483659238841,0.1899173808472307,-1.6783323413511442
643,2026-07-22 14:32:57.466014,28.17,81.07,68.68,14.95,853.74,77.1,1,14,0.3152424478982456,1.1676819162828276,1.6588609933817517,1.8259905302764161,0.5453757616439556,1.2209279756919789
644,2026-07-22 14:32:58.467865,23.28,48.84,35.33,5.07,555.5,68.08,0,14,-0.6890475139412966,-0.8977286730356681,-0.6678171534680052,-0.48113760966436175,-0.5034163583482802,0.6484383071339893
645,2026-07-22 14:32:59.469477,18.56,62.65,60.24,1.81,270.97,74.09,0,14,-1.6584235098273172,-0.012735801844590697,1.0700404968476602,-1.2423964898472502,-1.5039958309253687,1.029886523102229
646,2026-07-22 14:33:00.471428,25.96,43.05,42.7,5.04,1084.92,49.36,0,14,-0.1386391094975394,-1.2687720274307692,-0.15364570092579485,-0.48814305948199577,1.3583443852350405,-0.539699896347781
647,2026-07-22 14:33:01.473480,27.85,66.35,36.25,2.69,323.58,79.95,0,14,0.24952204139749842,0.22437307747524882,-0.6036329287273222,-1.0369032951966544,-1.31898726925426,1.4018144009015439
648,2026-07-22 14:33:02.475429,18.75,70.29,50.85,13.71,941.03,65.91,1,14,-1.6194020184674982,0.47686199221043035,0.41494281172264624,1.5364319378142135,0.8523401666671659,0.5107107482902156
649,2026-07-22 14:33:03.477317,32.41,44.54,48.97,10.04,905.69,64.25,0,14,1.186037834033144,-1.1732876408938606,0.283783743774294,0.679431910123661,0.7280633643585369,0.40535233922078534
650,2026-07-22 14:33:04.479454,31.06,37.55,55.13,6.44,455.38,75.7,0,14,0.9087798691081175,-1.621231172365666,0.7135389876901713,-0.16122206799241176,-0.8554987988446009,1.1320714861153514
651,2026-07-22 14:33:05.481499,24.88,48.67,44.96,8.91,601.51,64.52,1,14,-0.36044548143756133,-0.9086228647882014,0.004024242458926124,0.4155599669927827,-0.3416173862424502,0.4224889479248491
652,2026-07-22 14:33:06.482155,30.22,50.0,27.35,13.37,663.48,83.89,0,14,0.7362638020436563,-0.8233918351948537,-1.2245455376317549,1.4570368398810285,-0.12369340664240028,1.6518819501386257
653,2026-07-22 14:33:07.483898,30.48,37.83,25.34,4.42,444.16,84.22,0,14,0.7896616323255137,-1.6032877977144349,-1.3647741155978121,-0.6329223557130973,-0.8949551011055749,1.6728266941102594
654,2026-07-22 14:33:08.485680,30.17,79.42,36.33,1.92,797.7,64.75,1,14,0.7259949885279151,1.061944172802359,-0.5980516917933498,-1.2167098405159258,0.34830524660786105,0.43708679978386683
655,2026-07-22 14:33:09.487275,20.88,43.85,67.26,0.58,782.72,60.99,0,14,-1.1819505626969005,-1.2175052427129656,1.5597940378037412,-1.5296199323702417,0.2956265115036372,0.19844365634949426
656,2026-07-22 14:33:10.489155,24.02,63.7,45.17,4.92,557.56,74.53,0,14,-0.5370690739083192,0.054551853097526276,0.01867498941060381,-0.5161648587525316,-0.4961721531203298,1.0578128483977405
657,2026-07-22 14:33:11.490804,29.74,71.21,68.79,13.11,700.74,45.6,1,14,0.6376831922925356,0.5358187946359032,1.6665351941659639,1.3963229414615344,0.007335276267037424,-0.7783430397821536
658,2026-07-22 14:33:12.491837,27.49,45.34,51.23,0.56,502.68,64.92,0,14,0.17558658408415728,-1.1220208561760572,0.441453687159015,-1.5342902322486645,-0.6891634069601026,0.4478765163753146
659,2026-07-22 14:33:13.493002,25.94,77.2,40.17,11.78,413.83,73.99,0,14,-0.14274663490383602,0.9196788452104552,-0.330152318962673,1.0857479995464296,-1.00161371497147,1.023539630989612
660,2026-07-22 14:33:14.493950,29.95,75.91,43.69,2.44,899.96,64.65,0,14,0.680812209058651,0.8370111548529972,-0.0845778938678864,-1.0952820436769373,0.7079132206904993,0.43073990767125087
661,2026-07-22 14:33:15.495398,34.58,71.81,26.42,4.66,768.57,71.64,0,14,1.6317043406163358,0.5742688831742562,-1.2894274169891844,-0.5768787571720256,0.24586655811747132,0.8743876663431296
662,2026-07-22 14:33:16.496238,24.97,58.86,48.09,11.21,1185.55,76.83,1,14,-0.34196161710922623,-0.2556121944451833,0.2223901375005976,0.9526444530113851,1.7122202940159506,1.203791366987915
663,2026-07-22 14:33:17.497275,29.72,71.3,33.57,11.58,1065.93,31.24,0,14,0.6335756668862389,0.5415863079166563,-0.7906043660153985,1.0390450007622034,1.2915640661676702,-1.6897567471538537
664,2026-07-22 14:33:18.498220,24.14,73.89,30.56,5.54,988.56,53.15,0,14,-0.5124239214705387,0.7075625234405444,-1.0005984056561112,-0.37138556252143007,1.0194843775819693,-0.29915268527962346
665,2026-07-22 14:33:19.500118,24.2,82.08,48.65,11.78,967.82,54.57,1,14,-0.500101345251649,1.2324062319890545,0.2614587960384043,1.0857479995464296,0.9465500006753207,-0.20902681728047198
666,2026-07-22 14:33:20.501997,32.45,57.08,69.87,2.56,1017.48,77.73,0,14,1.1942528848457388,-0.36968079044229546,1.7418818927745916,-1.0672602444064017,1.121184579131646,1.260913396001462
667,2026-07-22 14:33:21.503899,23.3,62.26,65.89,8.48,968.16,43.38,0,14,-0.6849399885349999,-0.037728359394519795,1.464215355309463,0.31514851960669626,0.9477456461983802,-0.9192440446822352
668,2026-07-22 14:33:22.505226,22.52,73.24,63.61,3.19,567.66,55.99,1,14,-0.8451334793805713,0.6659082608573289,1.3051501026912486,-0.9201457982360889,-0.46065444787649396,-0.11890094928132049
669,2026-07-22 14:33:23.506341,32.5,41.34,63.67,1.0,1094.25,60.38,1,14,1.20452169836148,-1.378354779765073,1.309336030391728,-1.4315436349233666,1.3911543050295936,0.1597276144625349
670,2026-07-22 14:33:24.507483,19.42,76.02,24.97,7.7,618.51,84.86,1,14,-1.4817999173565586,0.8440603377516951,-1.3905873364174348,0.13300682434821376,-0.2818351100894593,1.7134468036310035
671,2026-07-22 14:33:25.514542,26.48,41.29,51.0,1.89,653.91,60.22,0,14,-0.03184344893382542,-1.381558953809936,0.4254076309738445,-1.2237152903335597,-0.15734731151205475,0.14957258708234858
672,2026-07-22 14:33:26.538003,21.44,84.51,50.4,1.28,1162.87,79.02,0,14,-1.0669398513205925,1.3881290905693822,0.3835483539690512,-1.3661594366254497,1.6324637044189012,1.342788304254212
673,2026-07-22 14:33:27.545605,20.82,64.16,52.53,14.72,622.31,64.46,0,14,-1.1942731389157903,0.08403025431026272,0.5321487873360673,1.7722820816745561,-0.26847201306702617,0.41868081265727913
674,2026-07-22 14:33:28.547779,25.43,60.94,35.61,6.39,887.98,54.93,0,14,-0.24748853276440208,-0.12231855417889509,-0.6482828241991017,-0.17289781768846849,0.6657842990250386,-0.18617800567505335
675,2026-07-22 14:33:29.549923,29.77,51.84,32.59,3.84,715.13,62.39,0,14,0.6438444804019808,-0.7054782303439061,-0.8589745184565606,-0.7683610521873535,0.05793921472830439,0.2873001459261223
676,2026-07-22 14:33:30.552228,31.9,87.65,61.81,12.98,951.24,47.73,0,14,1.0812959361725787,1.5893512205867597,1.179572271676869,1.3659659922517875,0.8882446984037565,-0.6431542377834267
677,2026-07-22 14:33:31.554387,29.46,44.16,32.03,6.65,968.16,35.55,0,14,0.5801778366043823,-1.1976393636348173,-0.8980431769943678,-0.11218391926897417,0.9477456461983802,-1.4162056971000914
678,2026-07-22 14:33:32.556131,26.8,49.4,59.91,7.64,500.47,31.99,0,14,0.033876957566921766,-0.8618419237332061,1.0470178944950235,0.11899592471294575,-0.6969351028599914,-1.6421550563092315
679,2026-07-22 14:33:33.558099,22.07,68.24,32.92,10.52,262.6,52.46,1,14,-0.9375528010222468,0.3454908563710589,-0.8359519161039244,0.7915191072058041,-1.5334298104195179,-0.34294624085667574
680,2026-07-22 14:33:34.559786,24.48,85.09,53.1,11.76,888.11,40.83,0,14,-0.442595989563495,1.4252975094897893,0.5719151004906209,1.0810776996680072,0.666241457607385,-1.081089793553951
681,2026-07-22 14:33:35.561969,24.23,81.13,67.39,8.32,1100.72,50.0,0,14,-0.4939400571422037,1.171526925136663,1.5688635478214459,0.27778612057931523,1.4139067360125261,-0.4990797868270367
682,2026-07-22 14:33:36.563834,21.6,45.95,33.96,7.65,1180.99,64.73,1,14,-1.034079648070219,-1.082929932828732,-0.7633958359622829,0.12133107465215721,1.6961845775890307,0.4358174213613438
683,2026-07-22 14:33:37.565730,32.83,77.57,22.9,7.09,1021.56,33.76,1,14,1.272295867565375,0.9433897331424386,-1.5350018420839715,-0.009437321943676472,1.1355323254083634,-1.529815065915923
684,2026-07-22 14:33:38.568856,28.9,35.28,65.6,10.26,383.22,44.76,0,14,0.46516712522807435,-1.7667006740024325,1.4439833714238124,0.7308052087863101,-1.1092569780916492,-0.8316569335281306
685,2026-07-22 14:33:39.571155,22.45,38.77,26.52,10.29,1050.03,61.86,0,14,-0.8595098183026098,-1.5430493256710158,-1.2824508708217188,0.7378106586039438,1.2356500549422254,0.2536616177292559
686,2026-07-22 14:33:40.573388,32.0,36.82,40.79,1.05,221.64,43.01,1,14,1.1018335632040623,-1.6680121134206614,-0.28689773272438684,-1.4198678852273101,-1.6774699299034301,-0.9427275454989158
687,2026-07-22 14:33:41.575318,21.76,89.26,63.95,7.1,1028.24,38.31,0,14,-1.0012194448198453,1.6925256248313385,1.3288703596606317,-0.007102172004465208,1.1590232433320096,-1.2410314747918814
688,2026-07-22 14:33:42.577600,18.32,42.24,54.21,5.47,1058.18,56.85,0,14,-1.7077138147028772,-1.3206796469575446,0.6493547629494882,-0.38773161209590934,1.2643103814508654,-0.06431767711282038
689,2026-07-22 14:33:43.579389,30.66,52.77,37.68,3.28,215.9,81.35,0,14,0.8266293609821839,-0.6458805931094599,-0.503868318532565,-0.8991294487831871,-1.6976552396162636,1.4906708904781714
690,2026-07-22 14:33:44.586261,34.66,81.32,41.12,5.15,847.82,53.04,0,14,1.6481344422415223,1.183702786507141,-0.2638751303717507,-0.46245641015067124,0.5245574631247966,-0.30613426660350135
691,2026-07-22 14:33:45.588217,25.11,66.05,55.12,3.44,300.05,65.39,0,14,-0.31320893926514926,0.2051480332060728,0.7128413330734245,-0.861767049755806,-1.4017329726589585,0.4777069093046111
692,2026-07-22 14:33:46.589765,33.11,89.77,68.87,5.21,680.42,76.03,0,14,1.329801223253529,1.7252082000889375,1.6721164310999361,-0.44844551051540343,-0.06412212675818484,1.1530162300869848
693,2026-07-22 14:33:47.591407,19.79,57.89,32.32,11.3,711.61,39.63,0,14,-1.4058106973400704,-0.3177731709155196,-0.8778111931087177,0.9736608024642869,0.04556076696015575,-1.1572524989053463
694,2026-07-22 14:33:48.593179,31.04,77.98,29.73,3.55,582.57,60.47,0,14,0.9046723437018209,0.9696639603103134,-1.0585037388460752,-0.8360804004244816,-0.40822187508584107,0.16543981736388932
695,2026-07-22 14:33:49.595477,25.1,60.31,62.97,6.35,518.44,58.81,0,14,-0.3152627019682972,-0.1626911471441648,1.260500207219469,-0.18223841744531374,-0.6337417203618003,0.06008140829445904
696,2026-07-22 14:33:50.598565,22.7,66.17,50.42,8.06,287.42,61.88,0,14,-0.8081657507239011,0.21283805091374358,0.3849436632025445,0.2170722221598211,-1.4461476872361512,0.25493099615177933
697,2026-07-22 14:33:51.600634,28.21,39.72,25.66,7.01,665.65,55.1,0,14,0.32345749871083884,-1.4821700188186249,-1.3424491678619226,-0.028118521457367,-0.11606237492169512,-0.17538828908360554
698,2026-07-22 14:33:52.602512,25.14,57.52,50.45,8.24,240.99,40.65,1,14,-0.307047651155704,-0.34148405884750344,0.38703662705278424,0.2591049210656247,-1.609423633223408,-1.0925141993566603
699,2026-07-22 14:33:53.604344,27.81,71.13,23.7,11.82,1128.11,69.1,1,14,0.24130699058490448,0.530692116164123,-1.4791894727442472,1.095088599303275,1.5102265327084328,0.7131766066826752
700,2026-07-22 14:33:54.605996,20.72,46.4,59.2,3.18,1028.46,72.53,0,14,-1.214810765947274,-1.0540923664249682,0.9974844167060186,-0.9224809481753001,1.159796896317519,0.9308750061454146
701,2026-07-22 14:33:55.607453,30.08,54.63,60.77,5.64,736.19,83.34,0,14,0.7075111241995793,-0.5266853186405674,1.1070161915352277,-0.348034063129317,0.13199890506842157,1.6169740435192361
702,2026-07-22 14:33:56.609976,30.96,47.93,47.52,13.71,536.95,30.81,0,14,0.8882422420766345,-0.9560446406521694,0.18262382434604402,1.5364319378142135,-0.568649371444632,-1.7170483832381036
703,2026-07-22 14:33:57.611572,25.67,86.96,47.14,10.25,370.3,78.89,0,14,-0.19819822788884134,1.5451336187676536,0.1561129489096748,0.7284700588470987,-1.1546915079679225,1.334537344507811
704,2026-07-22 14:33:58.612479,27.25,71.63,26.22,4.78,348.75,42.48,0,14,0.12629627920859726,0.56273385661275,-1.3033805093241155,-0.5488569579014899,-1.2304743345030373,-0.9763660736957822
705,2026-07-22 14:33:59.614088,29.42,64.09,30.27,6.91,1105.67,52.5,0,14,0.571962785791789,0.07954441064745536,-1.0208303895417612,-0.051470020849480054,1.4313139281864853,-0.3404074840116293
706,2026-07-22 14:34:00.616179,21.71,55.71,37.65,14.5,370.46,60.84,0,14,-1.0114882583355873,-0.4574751592715333,-0.5059612823828048,1.7209087830119072,-1.1541288512511885,0.1889233181805699
707,2026-07-22 14:34:01.617828,22.63,85.08,28.8,8.26,942.29,80.23,1,14,-0.8225420896459396,1.4246566746808165,-1.1233856182035047,0.2637752209440472,0.8567710883114464,1.4195856988168696
708,2026-07-22 14:34:02.619343,25.47,72.9,61.54,3.28,329.31,81.15,1,14,-0.23927348195180886,0.6441198773522632,1.160735597024712,-0.8991294487831871,-1.2988371255862223,1.4779771062529394
709,2026-07-22 14:34:03.621733,19.03,86.08,58.85,6.51,1009.12,82.1,0,14,-1.5618966627793442,1.4887401555780704,0.9730665051198892,-0.14487601841793268,1.0917857656822927,1.5382725813227935
710,2026-07-22 14:34:04.623736,21.23,89.97,46.23,4.47,490.71,52.61,1,14,-1.110068868086708,1.7380248962683884,0.09262637878573816,-0.6212466060170407,-0.7312571625807675,-0.3334259026877514
711,2026-07-22 14:34:05.625660,31.67,43.9,63.78,6.31,700.72,74.69,1,14,1.0340593940001672,-1.214301068668103,1.3170102311759402,-0.191579017202159,0.007264944177445734,1.0679678757779263
712,2026-07-22 14:34:06.627562,22.39,73.09,22.38,6.06,699.08,30.25,0,14,-0.8718323945214996,0.6562957387227414,-1.5712798821547922,-0.24995776568244185,0.0014977128309219528,-1.7525909790687548
713,2026-07-22 14:34:07.629381,23.57,41.58,38.79,12.28,1132.09,72.71,0,14,-0.6294883955499947,-1.3629747443497324,-0.4264286560736976,1.2025054965069952,1.5242226185371919,0.9422994119481235
714,2026-07-22 14:34:08.631709,25.21,42.09,57.46,0.15,680.36,34.33,1,14,-0.2926713122336655,-1.3302921690921325,0.8760925133921182,-1.6300313797563282,-0.0643331230269599,-1.4936377808740102
715,2026-07-22 14:34:09.633904,23.1,55.3,58.76,0.92,1115.71,40.53,1,14,-0.7260152425979668,-0.4837493864394077,0.96678761356917,-1.4502248344370572,1.4666206371615458,-1.1001304698917997
716,2026-07-22 14:34:10.635626,25.82,88.83,28.13,14.21,939.97,66.5,0,14,-0.16739178734161642,1.664969728045519,-1.1701284775255238,1.6531894347747793,0.8486125659188032,0.5481574117546519
717,2026-07-22 14:34:11.637302,32.86,88.27,30.82,4.39,1074.02,76.9,0,14,1.2784571556748203,1.6290829787430565,-0.9824593856207008,-0.6399278055307313,1.3200133964075342,1.208234191466747
718,2026-07-22 14:34:12.639505,19.77,84.01,35.86,10.45,401.51,49.3,1,14,-1.409918222746367,1.356087350120755,-0.6308414587804378,0.7751730576313248,-1.0449382821599904,-0.5435080316153509
719,2026-07-22 14:34:13.641290,27.07,77.89,39.4,11.86,900.05,60.7,0,14,0.08932855055192707,0.9638964470295603,-0.3838717244521579,1.10442919906012,0.708229715093662,0.18003766922290707
720,2026-07-22 14:34:14.643560,32.84,61.14,45.61,13.4,640.1,61.83,0,14,1.2743496302685244,-0.1095018579994441,0.04937179254745201,1.4640422896986627,-0.2059116193751607,0.2517575500954709
721,2026-07-22 14:34:15.645568,31.22,39.95,45.17,3.07,590.04,30.97,0,14,0.9416400723584911,-1.4674308182122562,0.01867498941060381,-0.9481675975066247,-0.3819528396233212,-1.7068933558579176
722,2026-07-22 14:34:16.647353,35.0,40.25,66.41,1.25,918.11,58.55,1,14,1.7179623741485668,-1.44820577394308,1.5004933953802835,-1.3731648864430837,0.771739591995016,0.04357948880165635
723,2026-07-22 14:34:17.649557,29.63,76.95,30.52,11.49,226.68,66.15,0,14,0.6150918025579039,0.9036579749861418,-1.0033890241230974,1.0180286513093018,-1.6597462433263082,0.5259432893604953
724,2026-07-22 14:34:18.651760,21.48,83.66,59.38,8.96,655.18,82.88,0,14,-1.0587248005079992,1.3336581318067156,1.0100421998074567,0.4272357166888395,-0.15288122382297845,1.5877783398012009
725,2026-07-22 14:34:19.653865,25.22,60.57,39.67,4.71,566.78,61.41,0,14,-0.29061754953051755,-0.1460294421108789,-0.3650350498000007,-0.5652030074759692,-0.4637490598185311,0.22510060322248235
726,2026-07-22 14:34:20.656130,34.92,35.33,63.5,11.0,708.06,46.32,0,14,1.7015322725233804,-1.76349649995757,1.2974759019070365,0.9036063042879473,0.03307682105761917,-0.7326454165713163
727,2026-07-22 14:34:21.657201,25.82,55.37,62.02,0.16,600.23,48.57,1,14,-0.16739178734161642,-0.4792635427765999,1.1942230186285467,-1.627696229817117,-0.34611863997632236,-0.5898403440374497
728,2026-07-22 14:34:22.659369,32.0,80.38,59.48,9.74,386.14,56.67,1,14,1.1018335632040623,1.1234643144637224,1.0170187459749218,0.6093774119473218,-1.0989884930112535,-0.0757420829155297
729,2026-07-22 14:34:23.661309,23.91,56.94,65.76,6.23,540.94,77.88,1,14,-0.5596604636429509,-0.37865247776791106,1.455145845291758,-0.21026021671584932,-0.554618119571077,1.270433734170386
730,2026-07-22 14:34:24.663154,28.98,75.31,43.25,4.92,201.55,62.84,1,14,0.4815972268532615,0.7985610663146452,-0.11527469700473461,-0.5161648587525316,-1.748118513898347,0.3158611604328958
731,2026-07-22 14:34:25.664947,20.74,36.83,68.64,0.92,1027.08,84.98,0,14,-1.2107032405409774,-1.667371278611689,1.6560703749147652,-1.4502248344370572,1.1549439821356875,1.7210630741661435
732,2026-07-22 14:34:26.667349,30.63,61.36,34.85,4.94,855.1,82.7,1,14,0.8204680728727386,-0.0954034922020483,-0.7013045750718396,-0.5114945588741089,0.550158343736195,1.576353933998492
733,2026-07-22 14:34:27.668858,31.4,64.27,54.74,1.14,400.05,60.58,0,14,0.9786078010151613,0.09107943720896061,0.6863304576370557,-1.3988515357744082,-1.0500725247001883,0.1724213986877672
734,2026-07-22 14:34:28.670790,25.46,67.67,40.36,2.74,712.17,49.42,1,14,-0.2413272446549568,0.30896327225962456,-0.31689688124448867,-1.025227545500598,0.04753006546872467,-0.5358917610802111
735,2026-07-22 14:34:29.671914,30.29,73.05,21.24,13.4,988.11,64.0,1,14,0.7506401409656948,0.6537323994868508,-1.6508125084638994,1.4640422896986627,1.0179019055661551,0.3894851089392446
736,2026-07-22 14:34:30.674318,23.63,72.53,22.71,7.91,643.71,47.6,0,14,-0.6171658193311048,0.620408989420279,-1.5482572798021557,0.18204497307165132,-0.19321667720384905,-0.6514051975298276
737,2026-07-22 14:34:31.676059,31.35,81.39,32.97,8.73,503.44,62.76,1,14,0.9683389874994202,1.1881886301699494,-0.8324636430201918,0.3735272680869791,-0.686490787555616,0.3107836467428024
738,2026-07-22 14:34:32.677653,26.62,57.85,69.77,6.26,624.24,76.57,1,14,-0.0030907710897484387,-0.3203365101514097,1.7349053466071254,-0.20325476689821553,-0.2616849664214217,1.1872894474951123
739,2026-07-22 14:34:33.680417,18.98,65.37,57.27,11.76,1098.46,55.09,0,14,-1.5721654762950863,0.16157126619594056,0.8628370756739339,1.0810776996680072,1.405959209888658,-0.17602297829486704
740,2026-07-22 14:34:34.682615,21.32,35.2,29.49,7.67,794.88,35.21,0,14,-1.091585003758373,-1.7718273524742125,-1.0752474496479925,0.12600137453057975,0.3383884219754235,-1.4377851302829867
741,2026-07-22 14:34:35.684713,25.97,72.19,36.34,9.63,742.29,68.39,0,14,-0.1365853467943915,0.5986206059152124,-0.597354037176603,0.5836907626159975,0.15345019239390623,0.6681136726831
742,2026-07-22 14:34:36.686393,25.86,53.26,64.83,4.29,749.0,36.86,0,14,-0.1591767365290232,-0.6144796874698057,1.390263965934328,-0.6632793049228443,0.17704660845193984,-1.3330614104248177
743,2026-07-22 14:34:37.688090,29.28,71.37,20.55,1.11,425.31,68.14,0,14,0.5432101079477121,0.5460721515794645,-1.6989506770194114,-1.405856985592042,-0.961243095545803,0.6522464424015593
744,2026-07-22 14:34:38.690019,22.45,72.6,36.74,7.41,959.29,40.11,1,14,-0.8595098183026098,0.6248948330830862,-0.5694478525067409,0.06528747611108564,0.9165533644644374,-1.1267874167647882
745,2026-07-22 14:34:39.691930,34.82,73.01,54.78,11.69,565.51,46.94,0,14,1.6809946454918965,0.6511690602509611,0.6891210761040418,1.0647316500935278,-0.46821514750760745,-0.6932946854730955
746,2026-07-22 14:34:40.694190,20.81,52.1,44.74,14.51,458.62,34.35,0,14,-1.1963269016189388,-0.6888165253106202,-0.011324159109497977,1.7232439329511184,-0.8441050003307368,-1.4923684024514867
747,2026-07-22 14:34:41.696205,31.22,81.98,38.54,8.85,1013.09,46.67,0,14,0.9416400723584911,1.2259978838993295,-0.44387002149236143,0.4015490673575147,1.1057466854662559,-0.7104312941771592
748,2026-07-22 14:34:42.698471,26.78,89.55,20.74,9.84,308.29,53.39,0,14,0.029769432160625154,1.7111098342915416,-1.685695239301227,0.6327289113394349,-1.3727561517471558,-0.28392014420934425
749,2026-07-22 14:34:43.700257,33.86,74.3,64.79,6.83,640.24,75.93,0,14,1.483833425989655,0.7338367506084182,1.3874733474673424,-0.07015122036317058,-0.20541929474801848,1.146669337974369
750,2026-07-22 14:34:44.702492,20.7,68.87,33.82,4.81,212.2,32.74,0,14,-1.2189182913535705,0.38586344933632954,-0.7731630005967347,-0.5418515080838561,-1.710666676190738,-1.594553365464609
751,2026-07-22 14:34:45.704277,23.7,71.23,25.31,8.7,370.03,39.99,1,14,-0.6027894804090663,0.5371004642538489,-1.366867079448052,0.36652181826934493,-1.1556409911774113,-1.1344036872999277
752,2026-07-22 14:34:46.706176,19.44,80.09,27.19,6.56,682.5,73.24,0,14,-1.477692391950262,1.1048801050035193,-1.2357080114996997,-0.13320026872187615,-0.05680758944064227,0.9759379401449899
753,2026-07-22 14:34:47.707914,31.24,85.21,34.17,8.57,952.7,73.21,1,14,0.9457475977647877,1.4329875271974593,-0.7487450890106052,0.3361648690595981,0.8933789409439546,0.974033872511205
754,2026-07-22 14:34:48.710566,24.66,66.7,49.3,7.09,655.94,76.54,0,14,-0.40562826090682474,0.24680229578928825,0.30680634612693014,-0.009437321943676472,-0.1502086044184914,1.1853853798613283
755,2026-07-22 14:34:49.712496,29.46,78.77,23.47,9.26,1059.07,80.13,0,14,0.5801778366043823,1.0202899102191436,-1.495235528929418,0.4972902148651786,1.267440159437698,1.4132388067042527
756,2026-07-22 14:34:50.714339,25.9,52.27,25.05,2.52,673.47,35.98,0,14,-0.15096168571642998,-0.6779223335580868,-1.3850060994834623,-1.0766008441632469,-0.08856252789131912,-1.3889140610158415
757,2026-07-22 14:34:51.716207,32.9,44.62,40.29,0.32,1085.69,78.82,0,14,1.2866722064874134,-1.1681609624220803,-0.3217804635617146,-1.590333830789736,1.361052170684323,1.330094520028979
758,2026-07-22 14:34:52.717910,29.21,72.54,44.44,3.86,720.03,40.93,0,14,0.5288337690256736,0.6210498242292518,-0.03225379761189488,-0.7636907523089308,0.07517057667828404,-1.0747429014413346
759,2026-07-22 14:34:53.720101,21.16,36.29,57.72,4.59,250.5,34.08,0,14,-1.1244452070087465,-1.701976358296206,0.8942315334275285,-0.5932248067465049,-1.575980724622529,-1.5095050111555508
760,2026-07-22 14:34:54.722892,22.73,40.2,51.22,13.37,455.21,53.93,0,14,-0.8020044626144558,-1.4514099479879425,0.4407560325422686,1.4570368398810285,-0.8560966216061309,-0.2496469268012163
761,2026-07-22 14:34:55.725330,22.83,38.07,49.99,4.33,642.88,39.52,0,14,-0.7814668355829728,-1.5879077622990938,0.3549445146824427,-0.6539387051659991,-0.196135458921907,-1.1642340802292241
762,2026-07-22 14:34:56.727787,18.46,65.08,25.79,4.52,297.98,56.92,0,14,-1.6789611368588002,0.1429870567357365,-1.3333796578442174,-0.6095708563209842,-1.409012343931705,-0.05987485263398896
763,2026-07-22 14:34:57.729574,32.09,48.53,57.92,6.09,787.77,39.75,0,14,1.1203174275323984,-0.917594552113817,0.9081846257624597,-0.24295231586480787,0.31338536412555495,-1.1496362283702068
764,2026-07-22 14:34:58.731545,25.0,47.11,63.01,1.01,203.92,52.46,0,14,-0.33580032899978096,-1.0085930949879178,1.2632908256864552,-1.4292084849841553,-1.7397841612817244,-0.34294624085667574
765,2026-07-22 14:34:59.733631,33.83,50.89,66.64,6.67,535.88,55.23,0,14,1.4776721378802098,-0.7663575371962976,1.5165394515654544,-0.10751361939055164,-0.572412138237791,-0.16713732933720465
766,2026-07-22 14:35:00.735531,29.68,41.67,41.48,3.98,721.69,55.9,0,14,0.6253606160736457,-1.3572072310689793,-0.23875956416887484,-0.7356689530383951,0.08100814011439991,-0.12461315218267537
767,2026-07-22 14:35:01.737408,32.71,82.11,26.58,6.24,585.51,64.16,0,14,1.2476507151275953,1.234328736415972,-1.2782649431212396,-0.20792506677663808,-0.39788305791585343,0.39964013631943046
768,2026-07-22 14:35:02.738956,30.72,86.94,26.31,6.26,481.51,64.44,0,14,0.8389519372010737,1.543851949149709,-1.2971016177733965,-0.20325476689821553,-0.7636099237929743,0.41741143423475613
769,2026-07-22 14:35:03.740422,32.24,51.24,22.93,0.59,1134.48,35.41,0,14,1.1511238680796232,-0.7439283188822586,-1.5329088782337317,-1.5272847824310305,1.5326273032434068,-1.4250913460577543
770,2026-07-22 14:35:04.742175,18.03,73.65,53.72,2.01,720.41,80.05,0,14,-1.7672729330941792,0.6921824880252038,0.615169686728907,-1.195693491063024,0.07650688638052736,1.4081612930141598
771,2026-07-22 14:35:05.743732,21.66,39.84,56.92,2.79,1113.82,84.98,0,14,-1.0217570718513291,-1.474480001110954,0.8384191640878044,-1.0135517958045415,1.4599742546951247,1.7210630741661435
772,2026-07-22 14:35:06.745833,33.03,59.04,54.31,14.39,288.83,75.48,1,14,1.3133711216283426,-0.2440771678836776,0.6563313091169539,1.6952221336805828,-1.4411892749199324,1.1181083234675955
773,2026-07-22 14:35:07.747899,32.81,88.46,37.61,3.33,468.16,68.36,0,14,1.2681883421590792,1.6412588401135346,-0.5087519008497909,-0.8874536990871305,-0.8105565935954699,0.666209605049315
774,2026-07-22 14:35:08.750222,32.87,80.63,55.75,13.18,1002.26,71.7,0,14,1.2805109183779682,1.139485184688036,0.7567935739284575,1.4126689910360137,1.067661858952321,0.8781958016106994
775,2026-07-22 14:35:09.752346,25.06,68.41,67.07,5.0,827.35,30.52,0,14,-0.32347775278089114,0.3563850481235922,1.5465386000855557,-0.497483659238841,0.4525725694276363,-1.735454370364691
776,2026-07-22 14:35:10.754530,22.24,45.95,45.02,2.74,1014.36,63.05,0,14,-0.9026388350687252,-1.082929932828732,0.008210170159405604,-1.025227545500598,1.1102127731553322,0.3291896338693896
777,2026-07-22 14:35:11.757057,18.67,44.86,68.43,4.55,327.62,53.05,0,14,-1.6358321200926846,-1.1527809270067393,1.641419627963088,-0.6025654065033502,-1.3047801871567255,-0.3054995773922399
778,2026-07-22 14:35:12.758855,28.1,74.17,32.24,10.16,836.71,53.72,1,14,0.30086610897620714,0.7255058980917756,-0.8833924300426901,0.7074537093941969,0.4854879873565772,-0.2629754002377106
779,2026-07-22 14:35:13.760909,30.04,48.49,38.96,13.03,783.5,83.39,1,14,0.6992960733869861,-0.920157891349707,-0.4145685275890061,1.377641741947844,0.2983694629977155,1.620147489575544
780,2026-07-22 14:35:14.762890,33.76,36.45,63.39,10.79,956.0,48.05,0,14,1.4632957989581712,-1.6917230013526452,1.2898017011228244,0.8545681555645095,0.904983735726594,-0.6228441830230546
781,2026-07-22 14:35:15.764511,27.01,83.5,59.36,7.0,221.72,43.98,0,14,0.07700597433303724,1.3234047748631552,1.0086468905739634,-0.030453671396578265,-1.677188601545063,-0.8811626920065379
782,2026-07-22 14:35:16.766479,27.09,64.36,66.65,14.38,1113.48,74.9,1,14,0.09343607595822367,0.09684695048971369,1.5172371061822014,1.6928869837413716,1.4587786091720651,1.0812963492144212
783,2026-07-22 14:35:17.768521,24.52,80.45,29.16,2.22,1087.02,47.31,0,14,-0.4343809387509018,1.1279501581265308,-1.0982700520006288,-1.1466553423395864,1.3657292546421744,-0.6698111846564149
784,2026-07-22 14:35:18.770492,31.11,44.74,59.22,0.15,761.82,36.92,1,14,0.9190486826238594,-1.1604709447144095,0.9988797259395115,-1.6300313797563282,0.22212947788025433,-1.329253275157248
785,2026-07-22 14:35:19.772023,34.62,52.89,59.34,8.27,243.14,79.57,1,14,1.639919391428929,-0.6381905754017896,1.0072515813404705,0.2661103708832585,-1.6018629335922945,1.3776962108736013
786,2026-07-22 14:35:20.773636,20.6,61.88,26.8,14.73,599.62,62.0,0,14,-1.2394559183850538,-0.06208008213547602,-1.2629165415528154,1.7746172316137674,-0.3482637687088709,0.2625472666869187
787,2026-07-22 14:35:21.775651,27.58,61.88,26.72,0.88,920.09,66.71,1,14,0.19407044841249238,-0.06208008213547602,-1.268497778486788,-1.4595654341939024,0.7787024688645997,0.5614858851911458
788,2026-07-22 14:35:22.777741,33.62,46.33,61.71,12.71,365.44,58.57,0,14,1.4345431211140942,-1.0585782100877759,1.1725957255094035,1.302916943893082,-1.1717822057387188,0.044848867224179814
789,2026-07-22 14:35:23.779158,33.95,79.14,43.74,4.77,505.58,34.74,0,14,1.5023172903179909,1.044000798151128,-0.08108962078415334,-0.5511921078407014,-0.6789652539692984,-1.4676155232122832
790,2026-07-22 14:35:24.781292,30.37,76.13,50.37,12.52,760.69,39.27,0,14,0.767070242590882,0.851109520650393,0.3814553901188114,1.258549095048067,0.21815571481832025,-1.180101310510765
791,2026-07-22 14:35:25.783085,33.63,36.02,64.79,9.37,636.64,44.31,1,14,1.4365968838172436,-1.7192788981384644,1.3874733474673424,0.5229768641965029,-0.2180790708745343,-0.8602179480349037
792,2026-07-22 14:35:26.785022,23.68,39.71,39.01,2.37,846.06,40.3,0,14,-0.606897005815363,-1.4828108536275972,-0.4110802545052735,-1.1116280932514166,0.5183682392407218,-1.1147283217508175
793,2026-07-22 14:35:27.786148,26.17,81.8,20.64,6.75,825.56,84.74,0,14,-0.09551009273142394,1.2144628573378233,-1.6926717854686923,-0.08883241987686111,0.44627784740917403,1.7058305330958639
794,2026-07-22 14:35:28.788279,30.61,65.92,67.05,4.96,810.5,34.19,0,14,0.816360547466442,0.19681718068943008,1.5451432908520628,-0.5068242589956863,0.39331778394658345,-1.502523429831673
795,2026-07-22 14:35:29.790099,24.41,58.43,22.89,4.32,299.25,63.75,0,14,-0.4569723284855335,-0.2831680912310025,-1.5356994967007178,-0.6562738551052103,-1.4045462562426287,0.37361787865770385
796,2026-07-22 14:35:30.792129,34.95,50.75,42.99,2.14,997.25,84.02,0,14,1.7076935606328256,-0.7753292245219132,-0.13341371704014487,-1.1653365418532768,1.0500436705095866,1.6601329098850266
797,2026-07-22 14:35:31.794046,30.85,38.97,61.09,13.32,535.15,44.53,0,14,0.8656508523420028,-1.5302326294915654,1.1293411392711175,1.4453610901849723,-0.5749792595078901,-0.8462547853871479
798,2026-07-22 14:35:32.795908,27.94,81.69,67.14,1.01,250.95,84.71,0,14,0.26800590572583355,1.2074136744391253,1.551422182402782,-1.4292084849841553,-1.5743982526067146,1.703926465462079
799,2026-07-22 14:35:33.798287,22.53,67.79,33.58,6.89,663.19,80.75,1,14,-0.8430797166774227,0.31665328996729536,-0.7899067113986521,-0.056140320727902794,-0.12471322194148059,1.452589537802474
800,2026-07-22 14:35:34.800270,26.71,86.9,24.6,3.0,1145.95,46.03,1,14,0.015393093238586663,1.5412886099138192,-1.416400557237057,-0.9645136470811038,1.5729627566242779,-0.7510514036979035
801,2026-07-22 14:35:35.802347,32.49,67.01,28.87,7.25,930.47,57.24,0,14,1.2024679356583319,0.26666817486743716,-1.1185020358862787,0.02792507708370458,0.81520482336272,-0.0395647978736168
802,2026-07-22 14:35:36.804175,32.42,89.59,34.92,7.96,600.32,72.56,0,14,1.1880915967362935,1.7136731735274322,-0.6964209927546137,0.19372072276770785,-0.34580214557315936,0.9327790737791996
803,2026-07-22 14:35:37.805962,33.37,69.41,56.53,13.34,496.37,44.05,0,14,1.3831990535353855,0.4204685290208462,0.8112106340346887,1.4500313900633948,-0.711353181226301,-0.8767198675277064
804,2026-07-22 14:35:38.807983,18.59,59.53,69.6,4.34,667.78,83.77,0,14,-1.652262221717872,-0.212676262244023,1.7230452181224338,-0.6516035552267878,-0.10857200738017332,1.6442656796034858
805,2026-07-22 14:35:39.809720,34.12,55.87,53.0,0.45,429.04,71.02,0,14,1.5372312562715116,-0.4472218023279729,0.5649385543231552,-1.5599768815799888,-0.9481261608369409,0.8350369352449082
806,2026-07-22 14:35:40.811810,30.57,44.85,21.83,10.51,272.84,77.96,0,14,0.8081454966538488,-1.1534217618157117,-1.6096508860758527,0.7891839572665929,-1.4974197805485399,1.2755112478604789
807,2026-07-22 14:35:41.814270,24.66,45.24,56.47,10.1,279.03,55.48,0,14,-0.40562826090682474,-1.1284292042657826,0.8070247063342092,0.6934428097589289,-1.475651998819892,-0.1512700990556639
808,2026-07-22 14:35:42.816668,19.79,58.71,52.74,0.77,1134.8,65.22,0,14,-1.4058106973400704,-0.2652247165797713,0.546799534287745,-1.4852520835252268,1.5337526166768747,0.46691719271316334
809,2026-07-22 14:35:43.819095,25.33,86.44,23.98,11.6,300.3,56.72,0,14,-0.26802615979588584,1.5118102087010818,-1.4596551434753435,1.0437153006406261,-1.4008538215390616,-0.07256863685922173
810,2026-07-22 14:35:44.821346,30.11,53.96,51.37,11.65,1075.23,58.31,0,14,0.7136724123090246,-0.5696212508417278,0.45122085179346677,1.0553910503366828,1.3242684878278355,0.028346947731377574
811,2026-07-22 14:35:45.823258,20.61,73.41,27.97,8.52,426.71,31.53,0,14,-1.2374021556819057,0.6768024526098622,-1.1812909513934686,0.32448911936354136,-0.9563198492743804,-1.6713507600272663
812,2026-07-22 14:35:46.825290,30.66,61.15,34.64,7.75,1138.57,73.59,1,14,0.8266293609821839,-0.1088610231904717,-0.7159553220235173,0.14468257404427026,1.5470102155649204,0.9981520625391475
813,2026-07-22 14:35:47.826913,21.74,35.55,50.51,13.3,400.14,70.7,0,14,-1.0053269702261427,-1.749398134160174,0.39122255475326323,1.4406907903065496,-1.0497560302970255,0.8147268804845366
814,2026-07-22 14:35:48.829000,33.22,57.91,33.77,4.32,722.97,69.77,0,14,1.3523926129881607,-0.31649150129757475,-0.7766512736804673,-0.6562738551052103,0.08550939384827208,0.7557007838372045
815,2026-07-22 14:35:49.830994,33.26,60.64,23.94,9.01,818.12,76.01,0,14,1.3606076638007538,-0.1415435984480711,-1.4624457619423297,0.43891146638489575,0.4201143100810417,1.151746851664462
816,2026-07-22 14:35:50.833057,33.12,45.08,51.1,4.17,997.12,74.5,1,14,1.3318549859566768,-1.1386825612093434,0.4323841771413101,-0.6913011041933801,1.0495865119272403,1.0559087807639556
817,2026-07-22 14:35:51.835039,29.5,46.81,63.18,4.31,452.67,66.39,0,14,0.5883928874169755,-1.0278181392570938,1.2751509541711468,-0.6586090050444218,-0.8650287969842835,0.5411758304307741
818,2026-07-22 14:35:52.837438,25.47,58.87,20.43,8.97,427.48,62.17,0,14,-0.23927348195180886,-0.25497135963621087,-1.70732253242037,0.4295708666280507,-0.9536120638250977,0.27333698327836653
819,2026-07-22 14:35:53.839208,23.55,75.16,45.92,2.99,266.91,76.92,1,14,-0.6335959209562912,0.7889485441800567,0.07099908566659534,-0.9668487970203151,-1.5182732451124947,1.20950356988927
820,2026-07-22 14:35:54.840974,22.72,76.49,62.36,13.13,667.94,42.5,1,14,-0.8040582253176045,0.8741795737734044,1.2179432755979294,1.4009932413399573,-0.108009350663439,-0.9750966952732588
821,2026-07-22 14:35:55.842904,23.65,56.82,33.7,13.81,302.43,56.01,0,14,-0.6130582939248083,-0.3863424954755814,-0.7815348559976931,1.5597834372063266,-1.3933634539975397,-0.11763157085879748
822,2026-07-22 14:35:56.844730,31.3,56.07,39.09,8.37,800.41,61.47,0,14,0.9580701739836782,-0.4344051061485219,-0.4054990175713007,0.28946187027537157,0.3578352447475434,0.22890873849005228
823,2026-07-22 14:35:57.846574,29.1,59.4,55.79,0.99,816.16,75.37,0,14,0.5062423792910419,-0.22100711476066617,0.7595841923954436,-1.4338787848625778,0.4132217653010497,1.1111267421437176
824,2026-07-22 14:35:58.848964,28.34,51.55,20.9,8.15,472.83,34.25,0,14,0.35015641385176716,-0.7240624398041101,-1.6745327654332822,0.23808857161272293,-0.7941340506757956,-1.4987152945641031
825,2026-07-22 14:35:59.850946,33.58,78.1,57.65,13.46,492.79,59.83,0,14,1.426328070301501,0.9773539780179833,0.8893479511103025,1.4780531893339306,-0.723942625263225,0.124819707843145
826,2026-07-22 14:36:00.852322,32.42,68.68,28.09,12.81,271.45,83.13,1,14,1.1880915967362935,0.37368758796585144,-1.17291909599251,1.3262684432851952,-1.5023078607751668,1.6036455700827414
827,2026-07-22 14:36:01.854570,20.69,56.08,33.07,0.44,852.48,59.84,0,14,-1.2209720540567186,-0.4337642713395495,-0.8254870968527263,-1.5623120315192,0.5409448399996752,0.12545439705440695
828,2026-07-22 14:36:02.857095,30.73,64.96,36.33,8.42,1121.43,73.33,0,14,0.8410056999042224,0.13529703902806572,-0.5980516917933498,0.3011376199714283,1.4867356147847874,0.9816501430463448
829,2026-07-22 14:36:03.859260,22.34,37.53,68.72,4.61,1101.01,63.44,0,14,-0.8821012080372415,-1.622512841983611,1.6616516118487374,-0.5885545068680822,1.4149265513116065,0.3539425131085932
830,2026-07-22 14:36:04.861500,34.98,45.78,27.46,0.58,377.15,73.05,1,14,1.7138548487422693,-1.0938241245812654,-1.2168713368475428,-1.5296199323702417,-1.1306027672827468,0.9638788451310191
831,2026-07-22 14:36:05.863763,23.41,46.11,62.74,5.73,872.7,41.69,0,14,-0.6623485988003682,-1.0726765758851717,1.2444541510342986,-0.327017713676415,0.6120505825769386,-1.026506521385451
832,2026-07-22 14:36:06.865844,21.77,56.72,31.78,9.28,1137.2,75.68,1,14,-0.9991656821166974,-0.3927508435653069,-0.9154845424130316,0.5019605147436011,1.5421924674278855,1.1308021076928283
833,2026-07-22 14:36:07.867914,31.86,73.31,53.61,3.75,743.45,62.84,1,14,1.0730808853599854,0.6703941045201371,0.6074954859446949,-0.7893774016402553,0.15752945359022827,0.3158611604328958
834,2026-07-22 14:36:08.869774,20.11,51.01,59.54,0.04,1083.41,69.14,0,14,-1.340090290839323,-0.7586675194886272,1.0212046736754012,-1.6557180290876528,1.3530343124708633,0.7157153635277221
835,2026-07-22 14:36:09.872352,28.22,50.67,31.77,3.94,925.03,82.16,1,14,0.3255112614139868,-0.7804559029936934,-0.9161821970297782,-0.7450095527952403,0.7960744949937627,1.5420807165903636
836,2026-07-22 14:36:10.874322,28.91,42.55,59.38,13.83,203.29,44.87,0,14,0.467220887931223,-1.300813767879396,1.0100421998074567,1.564453737084749,-1.7419996221038645,-0.8246753522042527
837,2026-07-22 14:36:11.876365,29.99,56.19,68.84,1.48,403.47,69.99,0,14,0.6890272598712442,-0.4267150884408516,1.6700234672496965,-1.3194564378412237,-1.0380457373799983,0.7696639464849603
838,2026-07-22 14:36:12.878205,28.65,66.34,22.74,8.08,347.17,83.23,0,14,0.41382305764936567,0.22373224266627686,-1.5461643159519163,0.22174252203824366,-1.236030569580786,1.6099924621953583
839,2026-07-22 14:36:13.880570,24.3,83.71,23.85,2.45,882.66,36.94,0,14,-0.4795637182201652,1.336862305851578,-1.4687246534930487,-1.092946893737726,0.6470759631936318,-1.3279838967347248
840,2026-07-22 14:36:14.883250,31.32,71.14,49.03,14.03,741.07,51.26,0,14,0.9621776993899749,0.5313329509730959,0.2879696714747735,1.6111567358689753,0.14915993492880955,-0.4191089462080715
841,2026-07-22 14:36:15.885194,18.3,48.05,36.27,7.59,1109.29,64.81,0,14,-1.7118213401091738,-0.9483546229444991,-0.6022376194938288,0.10732017501688922,1.4440440364025924,0.44089493505143673
842,2026-07-22 14:36:16.887200,20.26,79.08,50.04,8.24,1153.83,75.6,0,14,-1.3092838502920976,1.0401557892972924,0.35843278776617526,0.2591049210656247,1.6006735999234285,1.1257245940027345
843,2026-07-22 14:36:17.889466,33.78,67.59,26.59,14.49,852.49,41.01,0,14,1.4674033243644686,0.30383659378784433,-1.277567288504493,1.718573633072696,0.540980006044471,-1.0696653877512416
844,2026-07-22 14:36:18.891400,24.88,89.0,69.39,10.25,697.03,60.07,0,14,-0.36044548143756133,1.6758639197980523,1.7083944711707566,0.7284700588470987,-0.005711326352233074,0.14005224891342424
845,2026-07-22 14:36:19.893354,26.74,46.94,67.13,2.99,367.88,34.17,0,14,0.02155438134803121,-1.019487286740451,1.5507245277860353,-0.9668487970203151,-1.1632016908085248,-1.503792808254196
846,2026-07-22 14:36:20.895445,26.69,54.02,48.43,1.04,817.04,62.04,0,14,0.011285567832290054,-0.5657762419878924,0.24611039446998018,-1.4222030351665214,0.4163163772430869,0.26508602353196514
847,2026-07-22 14:36:21.897431,33.5,82.71,25.78,1.68,360.56,32.11,0,14,1.4098979686763147,1.2727788249543242,-1.3340773124609637,-1.2727534390569972,-1.1889432355991068,-1.6345387857740918
848,2026-07-22 14:36:22.898884,22.36,42.43,41.36,3.65,403.92,80.06,0,14,-0.8779936826309449,-1.3085037855870665,-0.24713141956983328,-0.8127289010323684,-1.0364632653641839,1.4087959822254217
849,2026-07-22 14:36:23.900657,24.65,56.66,50.71,7.3,727.55,64.25,0,14,-0.40768202360997347,-0.39659585241914225,0.4051756470881945,0.03960082677976111,0.1016154423647835,0.40535233922078534
850,2026-07-22 14:36:24.902416,19.16,74.42,54.08,6.34,1023.33,46.51,0,14,-1.535197747638416,0.741526768316089,0.6402852529317828,-0.18457356738452502,1.1417567153372339,-0.7205863215573455
851,2026-07-22 14:36:25.904955,21.19,52.44,41.75,11.99,1165.72,77.35,0,14,-1.1182839188993012,-0.667028141805554,-0.21992288951671765,1.1347861482698673,1.6424860271857267,1.2367952059735197
852,2026-07-22 14:36:26.907634,23.86,41.26,52.15,12.1,633.32,59.26,0,14,-0.5699292771586927,-1.3834814582368538,0.5056379118996981,1.1604727976011917,-0.22975419774676523,0.0886424228012321
853,2026-07-22 14:36:27.909790,23.91,61.94,65.94,6.73,317.02,37.54,0,14,-0.5596604636429509,-0.05823507328164109,1.4677036283931955,-0.09350271975528364,-1.3420561946403553,-1.289902544059027
854,2026-07-22 14:36:28.912384,29.49,37.88,34.06,7.12,1144.75,44.64,0,14,0.5863391247138269,-1.600083623669572,-0.7564192897948173,-0.0024318721260424728,1.5687428312487726,-0.83927320406327
855,2026-07-22 14:36:29.914400,18.88,87.95,56.18,13.25,324.18,68.37,0,14,-1.59270310332657,1.6085762648559356,0.7867927224485592,1.429015040610493,-1.3168773065665071,0.666844294260577
856,2026-07-22 14:36:30.916556,27.36,76.72,41.07,2.09,454.46,45.61,1,14,0.14888766894322897,0.8889187743797731,-0.26736340345548326,-1.1770122915493335,-0.8587340749658217,-0.777708350570892
857,2026-07-22 14:36:31.918550,26.66,62.4,42.49,2.9,981.42,64.94,0,14,0.005124279722844777,-0.028756672068904195,-0.16829644787747255,-0.9878651464732171,0.9943758215977131,0.4491458947978376
858,2026-07-22 14:36:32.920518,26.68,87.79,39.05,6.36,913.74,65.04,0,14,0.009231805129141386,1.5983229079123753,-0.40828963603828733,-0.17990326750610228,0.7563720304192177,0.4554927869104545
859,2026-07-22 14:36:33.922666,33.23,48.58,46.43,9.43,1147.69,53.17,0,14,1.3544463756913085,-0.9143903780689544,0.10657947112066943,0.5369877638317709,1.5790816484187604,-0.2978833068571
860,2026-07-22 14:36:34.924880,20.35,81.94,29.65,5.65,249.12,74.68,0,14,-1.2907999859637624,1.223434544663439,-1.0640849757800477,-0.34569891319010554,-1.58083363880436,1.0673331865666653
861,2026-07-22 14:36:35.927255,28.01,66.37,27.29,13.34,288.21,84.3,0,14,0.28238224464787204,0.22565474709319455,-1.2287314653322343,1.4500313900633948,-1.443369569697277,1.6779042078003523
862,2026-07-22 14:36:36.928984,22.94,60.09,31.57,0.71,1147.56,46.23,0,14,-0.7588754458483403,-0.17678951294156062,-0.9301352893647092,-1.4992629831604947,1.5786244898364137,-0.7383576194726712
863,2026-07-22 14:36:37.931252,29.85,73.73,58.78,3.0,865.24,84.54,0,14,0.6602745820271679,0.6973091664969839,0.9681829228026633,-0.9645136470811038,0.5858167131592142,1.693136748870632
864,2026-07-22 14:36:38.933376,26.98,75.59,37.49,13.39,437.74,78.54,0,14,0.07084468622359197,0.8165044409658764,-0.5171237562507494,1.4617071397594514,-0.9175317018645279,1.3123232221136543
865,2026-07-22 14:36:39.935573,28.04,85.3,45.76,8.6,450.27,46.58,0,14,0.28854353275731653,1.4387550404782123,0.05983661179865022,0.3431703188772319,-0.8734686477352941,-0.7161434970785141
866,2026-07-22 14:36:40.937375,33.92,79.35,51.19,10.52,295.66,66.03,0,14,1.4961560022085456,1.0574583291395507,0.4386630686920288,0.7915191072058041,-1.4171708663243483,0.5183270188253555
867,2026-07-22 14:36:41.939486,22.41,58.96,34.14,13.34,409.01,45.3,1,14,-0.867724869115203,-0.2492038463554578,-0.7508380528608449,1.4500313900633948,-1.0185637485630825,-0.7973837161200027
868,2026-07-22 14:36:42.941222,25.34,43.16,57.85,2.04,562.52,55.05,0,14,-0.2659723970927372,-1.2617228445320712,0.9033010434452339,-1.18868804124539,-0.4787297949015747,-0.17856173513991397
869,2026-07-22 14:36:43.943153,26.83,44.49,40.0,3.91,473.94,39.25,0,14,0.04003824567636631,-1.1764918149387231,-0.34201244744736453,-0.7520150026128742,-0.7902306197034532,-1.1813706889332884
870,2026-07-22 14:36:44.945170,24.54,54.83,39.38,8.35,278.66,69.17,0,14,-0.43027341334460517,-0.513868622461117,-0.3852670336856507,0.284791570396949,-1.4769531424773392,0.7176194311615072
871,2026-07-22 14:36:45.946771,26.94,55.95,22.93,2.7,395.82,32.76,0,14,0.06262963541099875,-0.4420951238561922,-1.5329088782337317,-1.0345681452574431,-1.0649477616488443,-1.593283987042086
872,2026-07-22 14:36:46.948368,32.44,41.81,50.82,13.37,613.57,54.67,0,14,1.1921991221425894,-1.3482355437433637,0.41284984787240653,1.4570368398810285,-0.2992071362186223,-0.2026799251678556
873,2026-07-22 14:36:47.950285,26.6,66.91,46.14,9.88,403.98,76.79,0,14,-0.007198296496045047,0.2602598267777112,0.08634748723501944,0.6420695110962803,-1.0362522690954086,1.201252610142869
874,2026-07-22 14:36:48.952083,18.49,44.86,28.7,4.95,956.83,60.49,0,14,-1.6727998487493556,-1.1527809270067393,-1.1303621643709703,-0.5091594089348975,0.9079025174446519,0.16670919578641277
875,2026-07-22 14:36:49.954558,20.18,56.99,34.57,10.19,875.89,30.47,0,14,-1.3257139519172847,-0.3754483037230481,-0.7208389043407432,0.7144591592118308,0.6232685508668232,-1.7386278164209992
876,2026-07-22 14:36:50.956979,23.97,50.71,47.99,6.48,717.32,65.92,0,14,-0.547337887424061,-0.7778925637578032,0.21541359133313195,-0.15188146823556647,0.06564057853860165,0.5113454375014775
877,2026-07-22 14:36:51.958945,28.87,43.05,25.45,10.96,765.59,49.42,1,14,0.4590058371186298,-1.2687720274307692,-1.3570999148136003,0.8942657045311022,0.2353870767682999,-0.5358917610802111
878,2026-07-22 14:36:52.960963,24.92,65.17,64.24,2.82,551.04,50.2,0,14,-0.3522304306249674,0.14875457001648956,1.3491023435462812,-1.0065463459869075,-0.5191004143272415,-0.4863860026018039
879,2026-07-22 14:36:53.963646,18.34,46.83,53.63,0.86,786.21,82.49,0,14,-1.7036062892965806,-1.026536469639149,0.6088907951781882,-1.4642357340723249,0.3078994611373983,1.563025460561997
880,2026-07-22 14:36:54.965532,18.9,86.56,52.92,1.16,883.38,71.39,0,14,-1.5885955779202734,1.5195002264087527,0.5593573173891829,-1.3941812358959855,0.6496079184189351,0.8585204360615888
881,2026-07-22 14:36:55.967580,24.87,48.79,58.12,11.73,323.23,66.91,0,14,-0.3624992441407093,-0.900932847080531,0.9221377180973905,1.0740722498503732,-1.3202180808221156,0.5741796694163785
882,2026-07-22 14:36:56.969524,25.25,43.6,37.32,1.8,614.43,71.57,0,14,-0.2844562614210723,-1.2335261129372792,-0.5289838847354409,-1.2447316397864616,-0.29618285636617725,0.8699448418642977
883,2026-07-22 14:36:57.971493,28.13,63.88,64.34,12.4,396.06,51.6,0,14,0.3070273970856517,0.06608687965903197,1.3560788897137472,1.2305272957775313,-1.0641037765737433,-0.39752951302517586
884,2026-07-22 14:36:58.974301,34.49,89.22,52.28,2.22,1015.06,48.16,0,14,1.6132204762880014,1.689962285595448,0.5147074219174034,-1.1466553423395864,1.1126743962910433,-0.6158626016991767
885,2026-07-22 14:36:59.976181,24.31,62.26,62.42,14.68,555.72,69.9,0,14,-0.47750995551701725,-0.037728359394519795,1.2221292032984088,1.7629414819177107,-0.5026427053627709,0.7639517435836064
886,2026-07-22 14:37:00.978544,33.86,75.97,36.14,10.38,1191.56,84.33,0,14,1.483833425989655,0.8408561637068326,-0.6113071295115342,0.758827008056846,1.7333550869382726,1.6798082754341372
887,2026-07-22 14:37:01.979979,33.87,85.65,29.59,2.04,345.44,73.1,1,14,1.485887188692803,1.4611842587922517,-1.068270903480527,-1.18868804124539,-1.2421142953304727,0.967052291187327
888,2026-07-22 14:37:02.981980,28.47,40.67,63.32,6.14,802.26,65.69,0,14,0.37685532899269547,-1.4212907119662332,1.2849181188055987,-0.23127656616875134,0.36434096303478075,0.49674758564245985
889,2026-07-22 14:37:03.984134,26.09,53.76,21.85,5.2,860.54,66.67,1,14,-0.11194019435661111,-0.5824379470211788,-1.6082555768423594,-0.45078066045461473,0.5692886721051519,0.5589471283460998
890,2026-07-22 14:37:04.985965,32.71,38.19,44.01,13.51,291.66,35.53,0,14,1.2476507151275953,-1.5802177445914236,-0.062252946131996674,1.489728939029987,-1.4312372842426992,-1.4174750755226144
891,2026-07-22 14:37:05.987594,23.35,75.44,26.29,10.87,970.74,73.95,0,14,-0.6746711750192581,0.8068919188312879,-1.2984969270068896,0.8732493550782,0.9568184857557167,1.0210008741445662
892,2026-07-22 14:37:06.989301,31.7,57.4,30.94,13.39,730.57,43.63,0,14,1.0402206821096118,-0.3491740765551742,-0.974087530219742,1.4617071397594514,0.11223558789313869,-0.9033768144006945
893,2026-07-22 14:37:07.991765,21.43,73.01,61.49,8.52,776.32,47.0,0,14,-1.0689936140237413,0.6511690602509611,1.1572473239409795,0.32448911936354136,0.273120242834276,-0.6894865502055255
894,2026-07-22 14:37:08.993739,30.24,48.69,55.09,14.67,1029.94,71.5,0,14,0.7403713274499529,-0.9073411951702566,0.7107483692231852,1.7606063319784995,1.1650014709473087,0.8655020173854667
895,2026-07-22 14:37:09.995671,31.6,35.92,25.83,8.29,1174.97,81.97,0,14,1.0196830550781288,-1.7256872462281898,-1.3305890393772313,0.27078067076168105,1.6750146186219128,1.5300216215763927
896,2026-07-22 14:37:10.997447,31.12,75.55,24.83,1.12,1107.05,73.23,0,14,0.921102445327008,0.8139411017299858,-1.4003545010518865,-1.4035218356528307,1.436166842368316,0.9753032509337288
897,2026-07-22 14:37:11.999982,27.01,55.84,55.32,7.02,1047.72,56.83,0,14,0.07700597433303724,-0.4491443067548901,0.7267944254083557,-0.025783371518155736,1.227526698594378,-0.06558705553534384
898,2026-07-22 14:37:13.001987,27.05,65.3,48.51,14.4,575.58,44.69,1,14,0.08522102514563046,0.1570854225331323,0.25169163140395245,1.697557283619794,-0.4328029403981591,-0.836099758006962
899,2026-07-22 14:37:14.003721,28.71,81.22,20.68,7.78,594.41,63.62,0,14,0.4261456338682562,1.177294438417416,-1.6898811670017062,0.15168802386190428,-0.36658527804752294,0.3653669189113025
900,2026-07-22 14:37:15.005827,27.95,75.65,51.51,4.75,260.22,79.49,0,14,0.27005966842898144,0.8203494498197117,0.4609880164279186,-0.5558624077191239,-1.5417993290809364,1.3726186971835084
901,2026-07-22 14:37:16.007988,34.47,60.68,64.19,12.31,1085.47,61.11,0,14,1.6091129508817041,-0.138980259212181,1.3456140704625486,1.2095109463246294,1.3602785176988137,0.20605992688463365
902,2026-07-22 14:37:17.010515,19.7,79.88,64.48,6.06,669.77,64.58,0,14,-1.4242945616684055,1.0914225740150956,1.3658460543481992,-0.24995776568244185,-0.10157396446579377,0.426297083192419
903,2026-07-22 14:37:18.012656,26.83,82.6,56.42,13.46,1120.45,44.76,0,14,0.04003824567636631,1.2657296420556263,0.8035364332504766,1.4780531893339306,1.4832893423947915,-0.8316569335281306
904,2026-07-22 14:37:19.014748,29.58,39.35,39.39,6.12,711.7,37.91,0,14,0.6048229890421619,-1.5058809067506087,-0.38456937906890426,-0.23594686604717385,0.04587726136331875,-1.266419043242347
905,2026-07-22 14:37:20.016695,28.7,73.78,32.66,10.07,984.65,55.56,0,14,0.42409187116510755,0.7005133405418464,-0.8540909361393352,0.6864373599412952,1.0057344540667814,-0.14619258536557053
906,2026-07-22 14:37:21.018601,30.94,56.92,66.04,1.86,294.1,72.25,0,14,0.8841347166703378,-0.3799341473858559,1.4746801745606617,-1.2307207401511935,-1.4226567693125052,0.9131037082300889
907,2026-07-22 14:37:22.020659,31.37,40.47,42.54,5.8,1070.21,65.68,0,14,0.9724465129057167,-1.4341074081456844,-0.16480817479374,-0.310671664101936,1.3066151333403053,0.49611289643119877
908,2026-07-22 14:37:23.022727,24.7,68.92,48.1,14.58,902.28,35.04,1,14,-0.39741321009423153,0.38906762338119205,0.223087792117344,1.7395899825255976,0.7160717430831426,-1.4485748468744344
909,2026-07-22 14:37:24.025495,29.89,73.9,63.87,11.24,1139.26,70.16,1,14,0.6684896328397611,0.7082033582495172,1.3232891227266588,0.9596499028290189,1.549436672655836,0.7804536630764082
910,2026-07-22 14:37:25.027269,32.5,43.27,47.35,2.99,437.48,36.62,0,14,1.20452169836148,-1.254673661633373,0.17076369586135248,-0.9668487970203151,-0.9184460190292206,-1.3482939514950971
911,2026-07-22 14:37:26.029520,26.08,71.29,51.45,4.02,1068.2,41.93,0,14,-0.11399395705975977,0.5409454731076844,0.4568020887274396,-0.7263283532815499,1.299546758336334,-1.0112739803151716
912,2026-07-22 14:37:27.031390,32.11,49.6,60.2,13.58,236.78,37.75,0,14,1.124424952938694,-0.8490252275537552,1.067249878380674,1.5060749886044662,-1.6242285380824724,-1.2765740706225328
913,2026-07-22 14:37:28.033804,22.51,65.29,36.2,14.45,676.25,34.22,0,14,-0.8471872420837192,0.15644458772416034,-0.6071212018110548,1.7092330333158503,-0.0787863674380654,-1.500619362197888
914,2026-07-22 14:37:29.036246,21.09,61.62,54.23,7.77,833.77,69.9,0,14,-1.1388215459307849,-0.07874178716876239,0.6507500721829811,0.1493528739226928,0.4751491701865892,0.7639517435836064
915,2026-07-22 14:37:30.038408,27.08,84.78,64.7,12.86,927.73,61.31,0,14,0.09138231325507501,1.4054316304116403,1.3811944559166232,1.3379441929812514,0.8055693270886497,0.2187537111098664
916,2026-07-22 14:37:31.040351,24.93,67.3,41.92,8.52,815.45,60.45,0,14,-0.35017666792181945,0.2852523843276403,-0.20806276103202612,0.32448911936354136,0.4107249761205427,0.16417043894136632
917,2026-07-22 14:37:32.042395,24.01,85.54,49.64,5.82,375.41,52.49,0,14,-0.5391228366114671,1.4541350758935538,0.3305266030963132,-0.30600136422351326,-1.1367216590772293,-0.3410421732228908
918,2026-07-22 14:37:33.044525,33.76,84.15,43.1,6.11,984.46,79.87,0,14,1.4632957989581712,1.3650590374463707,-0.12573951625593283,-0.23828201598638513,1.00506629921566,1.396736887211451
919,2026-07-22 14:37:34.046333,25.22,63.93,21.04,0.45,823.9,47.94,0,14,-0.29061754953051755,0.06929105370389449,-1.6647656007988303,-1.5599768815799888,0.44044028397305857,-0.6298257643469325
920,2026-07-22 14:37:35.048493,19.03,73.72,26.56,13.98,981.04,65.04,1,14,-1.5618966627793442,0.696668331688011,-1.2796602523547327,1.599480986172919,0.9930395118954698,0.4554927869104545
921,2026-07-22 14:37:36.050700,33.22,66.11,58.45,4.76,699.13,75.5,0,14,1.3523926129881607,0.20899304205990818,0.9451603204500272,-0.5535272577799126,0.0016735430549011778,1.1193777018901185
922,2026-07-22 14:37:37.053080,28.47,46.12,44.76,14.32,397.23,68.46,1,14,0.37685532899269547,-1.0720357410761994,-0.009928849876005147,1.6788760841061035,-1.0599893493326256,0.672556497161931
923,2026-07-22 14:37:38.055328,25.31,75.11,38.68,14.08,286.67,64.52,1,14,-0.27213368520218245,0.7857443701351942,-0.43410285685790967,1.622832485565032,-1.4487851405958418,0.4224889479248491
924,2026-07-22 14:37:39.057231,19.45,85.15,30.42,9.51,423.39,30.38,1,14,-1.4756386292471142,1.4291425183436246,-1.0103655702905627,0.5556689633454615,-0.9679949761466115,-1.7443400193223537
925,2026-07-22 14:37:40.059299,20.03,62.93,43.64,14.8,991.05,52.24,1,14,-1.3565203924645095,0.0052075728066404954,-0.08806616695161898,1.7909632811882468,1.0282407227361428,-0.3569094035044315
926,2026-07-22 14:37:41.060964,22.13,78.0,27.95,7.4,237.91,30.02,0,14,-0.925230224803357,0.9709456299282583,-1.1826862606269617,0.06295232617187438,-1.6202547750205383,-1.7671888309277723
927,2026-07-22 14:37:42.062516,18.11,87.1,38.01,3.16,1161.85,79.08,0,14,-1.7508428314689928,1.5541053060932692,-0.4808457161799289,-0.9271512480537227,1.6288767678497218,1.3465964395217818
928,2026-07-22 14:37:43.063750,29.97,35.84,30.96,8.66,669.38,53.15,0,14,0.6849197344649476,-1.73081392469997,-0.972692220986249,0.3571812185124999,-0.10294544021283292,-0.29915268527962346
929,2026-07-22 14:37:44.065644,20.99,49.18,39.22,11.21,1036.13,74.96,1,14,-1.1593591729622688,-0.875940289530602,-0.3964295075535958,0.9526444530113851,1.1867692526759568,1.0851044844819902
930,2026-07-22 14:37:45.067781,30.06,89.65,47.38,10.39,631.24,36.76,0,14,0.7034035987932827,1.7175181823812677,0.17285665971159223,0.7611621579960572,-0.23706873506430778,-1.3394083025374341
931,2026-07-22 14:37:46.069668,31.69,78.97,53.54,14.54,799.98,43.32,0,14,1.038166919406464,1.0331066063985945,0.6026119036274691,1.7302493827687522,0.3563231048213209,-0.9230521799498052
932,2026-07-22 14:37:47.071319,30.51,67.22,60.65,7.18,1101.22,39.67,0,14,0.795822920434959,0.2801257058558601,1.0986443361342686,0.011579027509225319,1.41566503825232,-1.1547137420602998
933,2026-07-22 14:37:48.073944,34.64,83.32,47.13,1.24,822.24,80.46,0,14,1.6440269168352264,1.311869748301649,0.15541529429292839,-1.375500036382295,0.4346027205369431,1.4341835506758864
934,2026-07-22 14:37:49.075873,28.82,83.08,67.55,11.78,529.76,46.24,1,14,0.4487370236028879,1.2964897128863084,1.5800260216893907,1.0857479995464296,-0.5939337576528677,-0.7377229302614092
935,2026-07-22 14:37:50.078033,22.04,46.02,50.24,13.8,727.21,77.13,0,14,-0.9437140891316921,-1.0784440891659244,0.3723858801011065,1.5574482872671154,0.10041979684172396,1.2228320433257638
936,2026-07-22 14:37:51.080292,19.91,77.59,33.48,2.83,249.7,51.1,0,14,-1.38116554490229,0.9446714027603843,-0.7968832575661178,-1.004211196047696,-1.5787940082061993,-0.42926397358825735
937,2026-07-22 14:37:52.082164,33.38,55.46,59.84,8.38,466.42,83.99,0,14,1.385252816238535,-0.4734960294958468,1.0421343121777982,0.29179702021458326,-0.8166754853899526,1.6582288422512417
938,2026-07-22 14:37:53.084038,31.41,64.68,52.05,7.48,733.47,77.95,0,14,0.9806615637183099,0.11735366437683545,0.4986613657322324,0.0816335256855649,0.12243374088394293,1.274876558649218
939,2026-07-22 14:37:54.085236,32.55,35.34,21.87,8.71,929.42,79.73,0,14,1.214790511877221,-1.762855665148597,-1.6068602676088664,0.3688569682085566,0.8115123886591527,1.387851238253788
940,2026-07-22 14:37:55.086977,19.58,53.97,61.15,2.83,609.24,68.09,1,14,-1.4489397141061857,-0.5689804160327554,1.1335270669715964,-1.004211196047696,-0.3144340336152372,0.6490729963452513
941,2026-07-22 14:37:56.088410,19.06,89.17,37.44,13.06,1012.05,81.3,0,14,-1.5557353746698999,1.6867581115505854,-0.5206120293344825,1.3846471917654781,1.1020894168074844,1.4874974444218634
942,2026-07-22 14:37:57.089601,20.68,88.69,20.58,6.45,844.75,78.94,0,14,-1.2230258167598673,1.6559980407199033,-1.6968577131691718,-0.1588869180532005,0.5137614873724622,1.3377107905641188
943,2026-07-22 14:37:58.090325,26.19,70.02,60.63,8.79,782.07,40.64,0,14,-0.09140256732512733,0.4595594523681711,1.0972490269007757,0.3875381677222467,0.2933407185919053,-1.093148888567922
944,2026-07-22 14:37:59.092011,20.89,43.26,46.19,13.59,535.85,46.06,0,14,-1.1798967999937517,-1.2553144964423457,0.08983576031875201,1.5084101385436774,-0.5725176363721786,-0.7491473360641185
945,2026-07-22 14:38:00.093598,22.21,74.63,66.46,6.84,875.61,54.72,0,14,-0.9088001231781698,0.7549842993045119,1.503981668464016,-0.06781607042395932,0.6222839016125387,-0.19950647911154762
946,2026-07-22 14:38:01.095226,33.9,60.42,23.37,8.9,844.3,40.87,0,14,1.4920484768022482,-0.15564196424546692,-1.5022120750968833,0.41322481705357145,0.5121790153566476,-1.0785510367089046
947,2026-07-22 14:38:02.096983,25.38,40.33,61.87,8.51,565.21,43.72,1,14,-0.25775734628014396,-1.4430790954713,1.183758199377348,0.32215396942433006,-0.46927012885148356,-0.8976646114993401
948,2026-07-22 14:38:03.098381,22.44,73.84,37.9,6.41,468.92,30.84,1,14,-0.8615635810057577,0.7043583493956819,-0.48851991696414093,-0.16822751781004575,-0.8078839741909833,-1.7151443156043187
949,2026-07-22 14:38:04.100407,30.32,83.13,69.38,4.46,867.6,75.08,0,14,0.75680142907514,1.299693886931171,1.7076968165540098,-0.623581755956252,0.5941158997310413,1.0927207550171298
950,2026-07-22 14:38:05.101724,31.17,60.93,20.17,14.35,434.68,59.48,0,14,0.93137125884275,-0.1229593889878675,-1.7254615524557804,1.6858815339237374,-0.9282925115720663,0.10260558544898787
951,2026-07-22 14:38:06.103275,25.89,51.24,41.51,14.19,1140.78,47.36,0,14,-0.1530154484195779,-0.7439283188822586,-0.2366666003186351,1.6485191348963564,1.5547819114648092,-0.6666377386001069
952,2026-07-22 14:38:07.105272,27.8,53.05,31.84,4.49,399.73,61.66,1,14,0.23925322788175654,-0.6279372184582291,-0.9112986147125524,-0.616576306138618,-1.0511978381336564,0.2409678335040231
953,2026-07-22 14:38:08.106973,18.87,72.72,31.52,6.86,766.93,48.27,1,14,-1.594756866029718,0.6325848507907571,-0.9336235624484421,-0.06314577054553658,0.24009932677094714,-0.6088810203752983
954,2026-07-22 14:38:09.108745,22.13,44.35,43.66,11.94,737.08,76.47,0,14,-0.925230224803357,-1.1854635022643387,-0.08667085771812615,1.1231103985738107,0.13512868305525458,1.1809425553824966
955,2026-07-22 14:38:10.109996,28.41,53.19,53.85,13.8,840.57,43.35,0,14,0.36453275277380565,-0.6189655311326135,0.6242391967466123,1.5574482872671154,0.4990620806477858,-0.9211481123160202
956,2026-07-22 14:38:11.111690,18.42,74.27,22.53,3.75,1017.13,58.65,1,14,-1.6871761876713935,0.7319142461815006,-1.5608150629035937,-0.7893774016402553,1.11995376756379,0.04992638091427274
957,2026-07-22 14:38:12.112955,27.56,57.53,44.59,3.75,482.2,46.69,1,14,0.18996292300619577,-0.340843224038531,-0.021788978360696182,-0.7893774016402553,-0.7611834667020588,-0.7091619157546362
958,2026-07-22 14:38:13.114196,25.67,74.29,37.49,9.13,585.36,33.04,1,14,-0.19819822788884134,0.7331959157994463,-0.5171237562507494,0.46693326565543175,-0.3984105485877915,-1.5755126891267603
959,2026-07-22 14:38:14.116156,19.1,63.87,51.29,9.39,971.04,83.91,0,14,-1.5475203238573059,0.0654460448500591,0.4456396148594945,0.5276471640749258,0.9578734670995929,1.6531513285611488
960,2026-07-22 14:38:15.117638,23.9,82.0,46.67,14.61,1064.95,48.73,0,14,-0.5617142263460995,1.2272795535172742,0.12332318192258686,1.7465954323432316,1.288117793777674,-0.5796853166572639
961,2026-07-22 14:38:16.118542,28.65,54.19,41.75,7.38,1002.86,70.94,0,14,0.41382305764936567,-0.5548820502353595,-0.21992288951671765,0.05828202629345164,1.0697718216400736,0.8299594215548153
962,2026-07-22 14:38:17.123485,28.97,79.51,44.9,5.69,340.44,70.15,1,14,0.47954346415011284,1.0677116860831122,-0.00016168524155335662,-0.3363583134332603,-1.2596973177284112,0.7798189738651471
963,2026-07-22 14:38:18.134670,19.05,60.68,69.33,11.11,1165.45,34.09,0,14,-1.5577891373730477,-0.138980259212181,1.7042085434702772,0.9292929536192716,1.641536543976238,-1.508870321944289
964,2026-07-22 14:38:19.135606,19.77,57.29,24.95,5.65,712.22,30.24,0,14,-1.409918222746367,-0.35622325945387207,-1.3919826456509279,-0.34569891319010554,0.047705895692704295,-1.7532256682800167
965,2026-07-22 14:38:20.136607,24.18,65.33,62.46,6.08,1146.8,38.89,0,14,-0.5042088706579455,0.15900792696005,1.224919821765395,-0.2452874658040191,1.575951870431927,-1.204219500538707
966,2026-07-22 14:38:21.137675,25.45,41.17,60.99,6.41,636.31,75.1,0,14,-0.24338100735810547,-1.3892489715176064,1.1223645931036517,-0.16822751781004575,-0.21923955035279838,1.093990133439653
967,2026-07-22 14:38:22.138829,20.41,73.4,55.26,2.54,363.49,31.89,0,14,-1.2784774097448726,0.6761616178008902,0.7226084977078762,-1.0719305442848241,-1.1786395844739146,-1.6485019484218477
968,2026-07-22 14:38:23.140431,20.85,67.65,30.75,1.94,537.86,43.57,0,14,-1.188111850806345,0.30768160264167976,-0.9873429679379266,-1.212039540637503,-0.5654492613682073,-0.9071849496682644
969,2026-07-22 14:38:24.141855,24.5,51.85,39.26,2.92,942.35,52.05,0,14,-0.4384884641571984,-0.7048373955349336,-0.39363888908660966,-0.9831948465947944,0.8569820845802218,-0.3689684985184028
970,2026-07-22 14:38:25.143351,26.68,45.83,39.4,14.48,767.22,77.75,0,14,0.009231805129141386,-1.090619950536403,-0.3838717244521579,1.7162384831334847,0.24111914207002785,1.262182774423985
971,2026-07-22 14:38:26.145017,34.06,37.22,61.2,14.75,256.79,31.39,1,14,1.5249086800526226,-1.6423787210617597,1.1370153400553293,1.7792875314921899,-1.5538612824459224,-1.680236408984929
972,2026-07-22 14:38:27.146594,21.3,57.82,58.79,12.16,991.68,38.41,1,14,-1.0956925291646695,-0.3222590145783274,0.9688805774194097,1.1744836972364596,1.0304561835582828,-1.2346845826792654
973,2026-07-22 14:38:28.149624,31.65,35.23,44.22,7.86,524.24,35.21,0,14,1.02995186859387,-1.7699048480472954,-0.04760219918031899,0.1703692233755948,-0.6133454143801917,-1.4377851302829867
974,2026-07-22 14:38:29.150636,28.28,63.18,25.99,2.86,588.46,42.55,0,14,0.33783383763287733,0.021228443030953996,-1.3194265655092863,-0.9972057462300621,-0.38750907470106954,-0.9719232492169508
975,2026-07-22 14:38:30.151777,20.71,87.69,47.58,4.94,1148.03,61.84,0,14,-1.216864528650422,1.5919145598226494,0.186809752046523,-0.5114945588741089,1.58027729394182,0.2523922393067328
976,2026-07-22 14:38:31.153027,19.44,47.4,47.32,5.2,668.52,55.47,0,14,-1.477692391950262,-0.9900088855277142,0.16867073201111274,-0.45078066045461473,-0.1059697200652784,-0.1519047882669254
977,2026-07-22 14:38:32.154513,27.02,84.76,31.39,11.2,377.6,48.15,1,14,0.07905973703618518,1.4041499607936956,-0.9426930724661472,0.9503093030721734,-1.1290202952669322,-0.6164972909104383
978,2026-07-22 14:38:33.155539,27.49,83.81,67.01,9.77,806.68,33.32,0,14,0.17558658408415728,1.3432706539413042,1.5423526723850773,0.6163828617649556,0.37988435483455824,-1.5577413912114346
979,2026-07-22 14:38:34.156711,33.36,75.46,38.95,1.83,968.3,67.79,1,14,1.3811452908322377,0.8081735884492327,-0.4152661822057525,-1.2377261899688274,0.9482379708255225,0.6300323200074026
980,2026-07-22 14:38:35.158446,32.7,43.56,26.24,3.68,867.48,31.32,0,14,1.2455969524244475,-1.2360894521731693,-1.3019852000906225,-0.8057234512147344,0.5936939071934907,-1.6846792334637606
981,2026-07-22 14:38:36.160063,20.65,64.3,53.24,13.75,1099.19,62.57,0,14,-1.2291871048693126,0.09300194163587831,0.5816822651250726,1.5457725375710587,1.408526331158757,0.2987245517288316
982,2026-07-22 14:38:37.161262,19.6,66.17,40.06,1.65,220.3,58.23,0,14,-1.4448321886998885,0.21283805091374358,-0.33782651974688505,-1.2797588888746314,-1.6821821799060777,0.023269434041284193
983,2026-07-22 14:38:38.163325,31.22,71.74,21.07,1.56,565.96,77.76,1,14,0.9416400723584911,0.5697830395114479,-1.6626726369485907,-1.300775238327533,-0.4666326754917928,1.2628174636352472
984,2026-07-22 14:38:39.164188,26.98,76.39,45.4,10.99,753.25,50.02,0,14,0.07084468622359197,0.8677712256836794,0.034721045595774325,0.9012711543487361,0.19199217749018757,-0.4978104084045132
985,2026-07-22 14:38:40.165321,32.81,69.31,38.76,5.75,325.89,54.7,0,14,1.2681883421590792,0.4140601809311212,-0.42852161992393734,-0.3223474137979925,-1.3108639129064124,-0.20077585753407062
986,2026-07-22 14:38:41.172790,33.16,77.39,59.65,0.58,307.56,65.29,1,14,1.3400700367692702,0.9318547065809334,1.0288788744596133,-1.5296199323702417,-1.3753232730172549,0.4713600171919952
987,2026-07-22 14:38:42.174238,27.58,39.82,37.1,4.51,477.11,58.29,1,14,0.19407044841249238,-1.4757616707288994,-0.544332286303865,-0.6119060062601954,-0.7790829835031601,0.027077569308854115
988,2026-07-22 14:38:43.175468,32.72,66.73,65.92,2.25,394.5,33.76,1,14,1.2497044778307433,0.24872480021620597,1.4663083191597026,-1.1396498925219523,-1.0695896795619002,-1.529815065915923
989,2026-07-22 14:38:44.180432,19.96,44.11,44.69,13.01,247.04,60.74,0,14,-1.370896731386548,-1.2008435376796798,-0.014812432193231043,1.3729714420694212,-1.5881481761219027,0.18257642606795352
990,2026-07-22 14:38:45.181515,24.36,82.73,24.57,12.77,306.07,78.58,0,14,-0.46724114200127537,1.27406049457227,-1.4184935210872969,1.3169278435283498,-1.3805630136918405,1.3148619789587002
991,2026-07-22 14:38:46.182317,34.7,72.73,42.5,12.47,775.45,43.68,0,14,1.656349493054117,0.6332256855997299,-0.16759879326072613,1.2468733453520107,0.27006079693703466,-0.9002033683443865
992,2026-07-22 14:38:47.183385,18.09,67.2,29.18,5.01,340.25,69.37,0,14,-1.7549503568752893,0.27884403623791526,-1.0968747427671357,-0.4951485092996298,-1.2603654725795328,0.7303132153867399
993,2026-07-22 14:38:48.184563,28.12,43.98,22.23,3.96,290.5,41.19,0,14,0.30497363438250374,-1.209174390196323,-1.5817447014059904,-0.7403392529168177,-1.435316545439021,-1.0582409819485323
994,2026-07-22 14:38:49.185376,24.31,39.57,46.45,0.16,337.89,61.34,0,14,-0.47750995551701725,-1.4917825409532128,0.10797478035416276,-1.627696229817117,-1.26866465915136,0.2206577787436514
995,2026-07-22 14:38:50.186689,31.31,50.31,41.89,2.95,609.74,81.03,0,14,0.9601239366868262,-0.8035259561167047,-0.21015572488226586,-0.9761893967771603,-0.31267573137544336,1.4703608357177997
996,2026-07-22 14:38:51.187861,25.11,44.16,22.79,2.26,765.45,38.22,1,14,-0.31320893926514926,-1.1976393636348173,-1.5426760428681834,-1.137314742582741,0.23489475214115768,-1.2467436776932364
997,2026-07-22 14:38:52.199049,34.75,56.63,66.4,0.2,274.53,72.13,0,14,1.666618306569858,-0.3985183568460595,1.4997957407635376,-1.6183556300602717,-1.4914767189780367,0.9054874376949491
998,2026-07-22 14:38:53.200342,30.84,84.91,21.16,11.92,221.78,30.88,0,14,0.8635970896388541,1.413762482928283,-1.6563937453978717,1.1184400986953882,-1.676977605276288,-1.7126055587592723
999,2026-07-22 14:38:54.201453,28.85,87.66,35.77,8.98,216.51,32.94,0,14,0.4548983117123332,1.5899920553957316,-0.6371203503311565,0.43190601656726196,-1.695510110883715,-1.5818595812393768
1000,2026-07-22 14:38:55.202553,19.92,48.79,37.65,12.69,922.67,70.16,0,14,-1.3791117821991412,-0.900932847080531,-0.5059612823828048,1.2982466440146592,0.7877753084219357,0.7804536630764082
1001,2026-07-22 14:38:56.203420,34.46,55.62,61.65,14.21,1068.15,74.15,0,14,1.607059188178556,-0.46324267255228635,1.168409797808924,1.6531894347747793,1.2993709281123549,1.0336946583697988
1002,2026-07-22 14:38:57.204806,32.86,88.95,25.1,14.78,631.2,77.86,0,14,1.2784571556748203,1.6726597457531898,-1.3815178263997294,1.7862929813098238,-0.23720939924349116,1.2691643557478631
1003,2026-07-22 14:38:58.206832,18.56,59.4,67.03,1.29,288.32,51.14,0,14,-1.6584235098273172,-0.22100711476066617,1.54374798161857,-1.3638242866862385,-1.4429827432045221,-0.42672521674321084
1004,2026-07-22 14:38:59.208373,22.26,77.04,35.51,12.31,245.51,75.26,0,14,-0.8985313096624279,0.9094254882668948,-0.6552593703665672,1.2095109463246294,-1.5935285809756716,1.1041451608198398
1005,2026-07-22 14:39:00.210118,20.56,71.77,57.02,4.24,612.58,76.08,1,14,-1.2476709691976475,0.5717055439383656,0.84539571025527,-0.6749550546189008,-0.3026885746534142,1.1561896761432928
1006,2026-07-22 14:39:01.211891,26.18,81.89,26.43,11.74,202.53,34.85,0,14,-0.093456330028276,1.2202303706185764,-1.2887297623724379,1.0764073997895847,-1.744672241508351,-1.4606339418884053
1007,2026-07-22 14:39:02.212887,18.94,68.52,44.25,0.06,743.18,71.77,0,14,-1.5803805271076794,0.3634342310222901,-0.045509235330079244,-1.6510477292092303,0.15657997038073923,0.8826386260895305
1008,2026-07-22 14:39:03.214567,29.06,79.25,20.91,11.93,437.72,57.86,0,14,0.49802732847844794,1.0510499810498257,-1.6738351108165355,1.1207752486345994,-0.9176020339541197,-0.00021406677539593432
1009,2026-07-22 14:39:04.215544,20.33,72.02,26.11,7.94,642.1,30.25,0,14,-1.2949075113700597,0.5877264141626791,-1.3110547101083276,0.18905042288928534,-0.1988784104159853,-1.7525909790687548
1010,2026-07-22 14:39:05.217117,30.56,40.59,41.28,13.77,236.53,57.65,0,14,0.8060917339507001,-1.4264173904380135,-0.2527126565038056,1.5504428374494812,-1.6251076892023693,-0.013542540211890207
1011,2026-07-22 14:39:06.218852,25.08,89.29,25.16,5.87,778.07,41.6,1,14,-0.31937022737459453,1.6944481292582563,-1.3773318986992502,-0.2943256145274567,0.27927430067355447,-1.0322187242868053
1012,2026-07-22 14:39:07.220509,34.81,57.76,55.91,7.39,465.46,82.73,0,14,1.6789408827887486,-0.32610402343216277,0.767956047796402,0.060617176232662905,-0.8200514256903569,1.578258001632277
1013,2026-07-22 14:39:08.221578,21.93,36.74,25.3,0.83,1022.46,74.81,0,14,-0.9663054788663238,-1.6731387918924416,-1.3675647340647983,-1.4712411838899588,1.1386972694399926,1.0755841463130662
1014,2026-07-22 14:39:09.222917,22.14,60.96,39.26,10.78,572.75,44.78,0,14,-0.9231764621002083,-0.12103688456094981,-0.39363888908660966,0.8522330056252982,-0.44275493107539243,-0.8303875551056071
